week_date,region,platform,segment,customer_type,transactions,sales
31/8/20,ASIA,Retail,C3,New,120631,3656163.0
31/8/20,ASIA,Retail,F1,New,31574,996575.0
31/8/20,USA,Retail,null,Guest,529151,16509610.0
31/8/20,EUROPE,Retail,C1,New,4517,141942.0
31/8/20,AFRICA,Retail,C2,New,58046,1758388.0
31/8/20,CANADA,Shopify,F2,Existing,1336,243878.0
31/8/20,AFRICA,Shopify,F3,Existing,2514,519502.0
31/8/20,ASIA,Shopify,F1,Existing,2158,371417.0
31/8/20,AFRICA,Shopify,F2,New,318,49557.0
31/8/20,AFRICA,Retail,C3,New,111032,3888162.0
31/8/20,USA,Shopify,F1,Existing,1398,260773.0
31/8/20,OCEANIA,Shopify,C2,Existing,4661,882690.0
31/8/20,SOUTH AMERICA,Retail,C2,Existing,1029,38762.0
31/8/20,SOUTH AMERICA,Shopify,C4,New,6,917.0
31/8/20,EUROPE,Shopify,F3,Existing,115,35215.0
31/8/20,OCEANIA,Retail,F3,Existing,551905,30371770.0
31/8/20,ASIA,Shopify,C3,Existing,1969,374327.0
31/8/20,AFRICA,Retail,F1,Existing,97604,5185233.0
31/8/20,OCEANIA,Retail,C2,New,111219,2980673.0
31/8/20,USA,Retail,F1,New,11820,463738.0
31/8/20,SOUTH AMERICA,Retail,F3,Existing,1363,65730.0
31/8/20,AFRICA,Retail,C3,Existing,284971,14430196.0
31/8/20,ASIA,Retail,F2,New,70496,2176980.0
31/8/20,AFRICA,Shopify,F1,Existing,2678,478756.0
31/8/20,USA,Shopify,C4,New,22,3319.0
31/8/20,CANADA,Retail,F3,Existing,94274,5306746.0
31/8/20,ASIA,Retail,F1,Existing,94287,4511841.0
31/8/20,EUROPE,Retail,null,New,3064,134249.0
31/8/20,EUROPE,Shopify,F1,New,7,1579.0
31/8/20,SOUTH AMERICA,Retail,C4,New,329,11451.0
31/8/20,SOUTH AMERICA,Retail,F1,Existing,854,31589.0
31/8/20,EUROPE,Shopify,C2,Existing,180,53567.0
31/8/20,EUROPE,Shopify,F2,New,15,4023.0
31/8/20,AFRICA,Retail,C2,Existing,112361,4768214.0
31/8/20,ASIA,Shopify,C2,Existing,2269,396909.0
31/8/20,AFRICA,Shopify,C4,New,58,8562.0
31/8/20,USA,Retail,F3,Existing,142898,8723663.0
31/8/20,OCEANIA,Shopify,C3,Existing,4703,957939.0
31/8/20,SOUTH AMERICA,Shopify,null,New,40,7625.0
31/8/20,USA,Shopify,C1,New,164,20635.0
31/8/20,SOUTH AMERICA,Shopify,C1,New,20,2265.0
31/8/20,EUROPE,Retail,C1,Existing,14583,633917.0
31/8/20,OCEANIA,Shopify,F2,New,452,72293.0
31/8/20,SOUTH AMERICA,Retail,F2,New,382,13839.0
31/8/20,SOUTH AMERICA,Retail,C3,Existing,1503,68009.0
31/8/20,CANADA,Retail,F1,New,7033,269176.0
31/8/20,SOUTH AMERICA,Retail,null,Existing,329,10874.0
31/8/20,CANADA,Retail,F1,Existing,24153,1306932.0
31/8/20,EUROPE,Shopify,null,Existing,15,3507.0
31/8/20,EUROPE,Retail,F3,Existing,18676,1144376.0
31/8/20,SOUTH AMERICA,Shopify,C3,New,19,3325.0
31/8/20,CANADA,Shopify,null,Existing,87,15074.0
31/8/20,CANADA,Retail,C4,Existing,29577,1473178.0
31/8/20,OCEANIA,Retail,F1,New,41631,1369115.0
31/8/20,ASIA,Retail,F3,Existing,402652,20255591.0
31/8/20,ASIA,Retail,null,Guest,1936351,48773122.0
31/8/20,ASIA,Shopify,C2,New,413,55780.0
31/8/20,EUROPE,Shopify,F3,New,4,554.0
31/8/20,USA,Retail,C2,Existing,43493,2126153.0
31/8/20,OCEANIA,Retail,C2,Existing,169157,6603287.0
31/8/20,AFRICA,Shopify,null,Guest,5893,1026838.0
31/8/20,ASIA,Retail,C3,Existing,245151,11086427.0
31/8/20,CANADA,Shopify,C4,Existing,119,19049.0
31/8/20,ASIA,Shopify,F2,Existing,2983,564306.0
31/8/20,SOUTH AMERICA,Shopify,F3,Existing,32,7331.0
31/8/20,USA,Retail,F1,Existing,40076,2272687.0
31/8/20,SOUTH AMERICA,Shopify,C4,Existing,7,1562.0
31/8/20,CANADA,Shopify,null,New,88,12836.0
31/8/20,AFRICA,Retail,C4,New,46545,1548637.0
31/8/20,USA,Shopify,C2,New,228,45518.0
31/8/20,SOUTH AMERICA,Retail,C3,New,1045,37786.0
31/8/20,ASIA,Shopify,C4,Existing,279,48624.0
31/8/20,ASIA,Retail,null,New,66042,2156778.0
31/8/20,AFRICA,Retail,C4,Existing,117018,5941067.0
31/8/20,EUROPE,Retail,F1,Existing,6769,395877.0
31/8/20,AFRICA,Retail,F3,Existing,403810,22712143.0
31/8/20,SOUTH AMERICA,Shopify,F1,Existing,74,16149.0
31/8/20,CANADA,Retail,F2,Existing,61517,3322211.0
31/8/20,EUROPE,Retail,F3,New,1655,66422.0
31/8/20,AFRICA,Shopify,F1,New,201,27184.0
31/8/20,ASIA,Shopify,null,Guest,5794,979807.0
31/8/20,AFRICA,Retail,F1,New,23416,833470.0
31/8/20,OCEANIA,Retail,F1,Existing,144056,7178808.0
31/8/20,OCEANIA,Retail,C4,Existing,151673,7422165.0
31/8/20,CANADA,Shopify,C1,Existing,585,91616.0
31/8/20,CANADA,Retail,F2,New,18180,661362.0
31/8/20,CANADA,Retail,C1,New,30402,786613.0
31/8/20,SOUTH AMERICA,Shopify,C1,Existing,69,11755.0
31/8/20,USA,Retail,C2,New,26620,883573.0
31/8/20,AFRICA,Retail,null,New,58165,2232935.0
31/8/20,CANADA,Shopify,C1,New,97,12438.0
31/8/20,SOUTH AMERICA,Shopify,F2,Existing,37,8473.0
31/8/20,EUROPE,Retail,C2,New,2857,104677.0
31/8/20,OCEANIA,Retail,C4,New,65594,2016930.0
31/8/20,EUROPE,Retail,C2,Existing,9710,461694.0
31/8/20,EUROPE,Shopify,C4,New,3,1221.0
31/8/20,OCEANIA,Shopify,C3,New,567,95547.0
31/8/20,USA,Retail,C1,New,36069,990085.0
31/8/20,ASIA,Retail,F2,Existing,220712,10624187.0
31/8/20,OCEANIA,Shopify,null,Guest,11218,2078649.0
31/8/20,USA,Shopify,C3,New,205,33536.0
31/8/20,AFRICA,Shopify,C1,New,299,35957.0
31/8/20,EUROPE,Retail,F1,New,953,40760.0
31/8/20,SOUTH AMERICA,Shopify,C2,New,45,8917.0
31/8/20,CANADA,Shopify,C3,Existing,846,154393.0
31/8/20,USA,Retail,C1,Existing,57648,2393490.0
31/8/20,EUROPE,Shopify,C1,New,21,3288.0
31/8/20,SOUTH AMERICA,Shopify,F2,New,9,1437.0
31/8/20,OCEANIA,Shopify,F3,New,190,30264.0
31/8/20,AFRICA,Shopify,C3,Existing,2647,530397.0
31/8/20,CANADA,Shopify,C4,New,21,2494.0
31/8/20,OCEANIA,Retail,F2,New,91435,3101538.0
31/8/20,EUROPE,Retail,C3,New,3843,158799.0
31/8/20,USA,Retail,F3,New,28987,1096531.0
31/8/20,ASIA,Shopify,F2,New,245,35519.0
31/8/20,OCEANIA,Retail,C3,Existing,339633,16520774.0
31/8/20,EUROPE,Shopify,C3,Existing,182,45036.0
31/8/20,CANADA,Shopify,F3,Existing,659,126801.0
31/8/20,AFRICA,Shopify,C3,New,340,56734.0
31/8/20,ASIA,Retail,C1,Existing,187781,6218547.0
31/8/20,OCEANIA,Shopify,F2,Existing,6870,1373529.0
31/8/20,OCEANIA,Retail,C1,New,172521,3964262.0
31/8/20,CANADA,Shopify,C2,New,105,14694.0
31/8/20,CANADA,Retail,F3,New,19524,690966.0
31/8/20,ASIA,Retail,C4,New,53286,1520060.0
31/8/20,SOUTH AMERICA,Retail,C1,New,2466,52421.0
31/8/20,EUROPE,Retail,null,Guest,97001,3352338.0
31/8/20,CANADA,Shopify,F3,New,36,6107.0
31/8/20,USA,Shopify,F2,Existing,2031,402380.0
31/8/20,AFRICA,Retail,F2,Existing,277600,14910405.0
31/8/20,USA,Shopify,F2,New,157,25858.0
31/8/20,EUROPE,Shopify,null,New,20,4085.0
31/8/20,OCEANIA,Shopify,C1,Existing,2801,481198.0
31/8/20,CANADA,Retail,null,Guest,396145,11133538.0
31/8/20,USA,Retail,F2,New,28592,1063716.0
31/8/20,CANADA,Retail,C2,Existing,23062,1001335.0
31/8/20,OCEANIA,Retail,null,Guest,2437738,63989387.0
31/8/20,EUROPE,Shopify,null,Guest,343,79359.0
31/8/20,OCEANIA,Shopify,F3,Existing,3920,836865.0
31/8/20,ASIA,Shopify,null,Existing,384,67279.0
31/8/20,SOUTH AMERICA,Retail,F3,New,329,11863.0
31/8/20,EUROPE,Retail,F2,New,1738,72565.0
31/8/20,OCEANIA,Retail,F3,New,110894,3749562.0
31/8/20,USA,Shopify,null,Existing,196,40740.0
31/8/20,USA,Retail,C3,Existing,102736,5786447.0
31/8/20,EUROPE,Retail,C4,Existing,4652,250536.0
31/8/20,OCEANIA,Retail,null,Existing,50786,2056315.0
31/8/20,SOUTH AMERICA,Shopify,F3,New,3,372.0
31/8/20,OCEANIA,Shopify,C4,Existing,731,136743.0
31/8/20,CANADA,Shopify,C3,New,115,16103.0
31/8/20,SOUTH AMERICA,Shopify,null,Guest,2172,407861.0
31/8/20,USA,Shopify,F3,New,63,10501.0
31/8/20,CANADA,Retail,C4,New,13579,451994.0
31/8/20,USA,Shopify,C4,Existing,164,29757.0
31/8/20,CANADA,Shopify,C2,Existing,726,125653.0
31/8/20,ASIA,Shopify,C3,New,247,35572.0
31/8/20,ASIA,Shopify,C1,New,277,35314.0
31/8/20,OCEANIA,Shopify,null,New,507,83877.0
31/8/20,ASIA,Retail,C1,New,132545,2819145.0
31/8/20,ASIA,Retail,F3,New,89785,2770220.0
31/8/20,USA,Shopify,F3,Existing,1083,224778.0
31/8/20,ASIA,Shopify,C1,Existing,1282,210754.0
31/8/20,AFRICA,Shopify,null,New,300,51883.0
31/8/20,OCEANIA,Shopify,C4,New,100,15077.0
31/8/20,SOUTH AMERICA,Retail,C4,Existing,414,18437.0
31/8/20,SOUTH AMERICA,Shopify,null,Existing,3,472.0
31/8/20,CANADA,Retail,null,Existing,8410,411147.0
31/8/20,EUROPE,Shopify,F2,Existing,249,55333.0
31/8/20,SOUTH AMERICA,Retail,C1,Existing,3087,85926.0
31/8/20,AFRICA,Shopify,F3,New,122,20927.0
31/8/20,AFRICA,Retail,null,Existing,37883,1657269.0
31/8/20,ASIA,Shopify,C4,New,46,6147.0
31/8/20,ASIA,Retail,C4,Existing,110176,4894437.0
31/8/20,AFRICA,Retail,null,Guest,1547309,44346247.0
31/8/20,OCEANIA,Shopify,F1,Existing,4498,839437.0
31/8/20,CANADA,Shopify,F1,Existing,789,134990.0
31/8/20,SOUTH AMERICA,Shopify,C3,Existing,109,23057.0
31/8/20,EUROPE,Retail,C4,New,1352,49263.0
31/8/20,ASIA,Retail,null,Existing,38663,1493771.0
31/8/20,AFRICA,Shopify,C2,New,389,57455.0
31/8/20,CANADA,Retail,null,New,14685,561282.0
31/8/20,USA,Retail,null,New,22186,930478.0
31/8/20,OCEANIA,Shopify,C2,New,842,132424.0
31/8/20,USA,Shopify,F1,New,135,20860.0
31/8/20,AFRICA,Retail,C1,Existing,186404,6891042.0
31/8/20,AFRICA,Shopify,C1,Existing,1689,269373.0
31/8/20,SOUTH AMERICA,Retail,null,Guest,413244,16755039.0
31/8/20,ASIA,Shopify,F1,New,228,33200.0
31/8/20,OCEANIA,Retail,C1,Existing,260181,9284850.0
31/8/20,EUROPE,Retail,F2,Existing,14482,887564.0
31/8/20,EUROPE,Shopify,C1,Existing,118,27732.0
31/8/20,AFRICA,Retail,C1,New,97673,2423159.0
31/8/20,ASIA,Shopify,F3,New,113,15927.0
31/8/20,SOUTH AMERICA,Retail,null,New,1266,44500.0
31/8/20,SOUTH AMERICA,Shopify,F1,New,6,623.0
31/8/20,USA,Retail,C3,New,46838,1769576.0
31/8/20,USA,Retail,C4,New,18774,665292.0
31/8/20,USA,Retail,C4,Existing,40024,2186307.0
31/8/20,USA,Shopify,C2,Existing,1420,277104.0
31/8/20,ASIA,Retail,C2,New,87269,2234801.0
31/8/20,USA,Shopify,null,New,154,25762.0
31/8/20,USA,Shopify,C3,Existing,1501,312519.0
31/8/20,EUROPE,Shopify,C4,Existing,22,4971.0
31/8/20,CANADA,Retail,C3,Existing,62206,3227065.0
31/8/20,CANADA,Shopify,null,Guest,1621,269863.0
31/8/20,AFRICA,Retail,F2,New,65304,2291992.0
31/8/20,EUROPE,Retail,null,Existing,3211,150741.0
31/8/20,ASIA,Shopify,null,New,278,46931.0
31/8/20,EUROPE,Shopify,F1,Existing,138,30015.0
31/8/20,USA,Retail,F2,Existing,96079,5527494.0
31/8/20,USA,Shopify,C1,Existing,739,128749.0
31/8/20,SOUTH AMERICA,Retail,F2,Existing,1098,48912.0
31/8/20,OCEANIA,Retail,null,New,83764,2829225.0
31/8/20,EUROPE,Retail,C3,Existing,14816,815588.0
31/8/20,AFRICA,Shopify,C2,Existing,2568,471837.0
31/8/20,ASIA,Shopify,F3,Existing,1916,372983.0
31/8/20,OCEANIA,Shopify,F1,New,333,48796.0
31/8/20,SOUTH AMERICA,Retail,C2,New,906,25570.0
31/8/20,USA,Retail,null,Existing,14146,694767.0
31/8/20,OCEANIA,Shopify,null,Existing,621,121005.0
31/8/20,AFRICA,Shopify,F2,Existing,4911,944157.0
31/8/20,CANADA,Retail,C1,Existing,56256,2299419.0
31/8/20,OCEANIA,Retail,F2,Existing,345420,18073554.0
31/8/20,USA,Shopify,null,Guest,2647,479002.0
31/8/20,CANADA,Retail,C2,New,14915,458589.0
31/8/20,AFRICA,Shopify,C4,Existing,438,80612.0
31/8/20,AFRICA,Retail,F3,New,69632,2472247.0
31/8/20,OCEANIA,Shopify,C1,New,522,69079.0
31/8/20,SOUTH AMERICA,Retail,F1,New,312,11256.0
31/8/20,EUROPE,Shopify,C2,New,17,2340.0
31/8/20,CANADA,Shopify,F1,New,61,8381.0
31/8/20,OCEANIA,Retail,C3,New,153925,4929679.0
31/8/20,ASIA,Retail,C2,Existing,129513,4917788.0
31/8/20,EUROPE,Shopify,C3,New,12,1924.0
31/8/20,AFRICA,Shopify,null,Existing,376,70596.0
31/8/20,CANADA,Retail,C3,New,29338,1026555.0
31/8/20,CANADA,Shopify,F2,New,98,14789.0
31/8/20,SOUTH AMERICA,Shopify,C2,Existing,134,26393.0
24/8/20,AFRICA,Retail,null,Guest,1548059,44081216.0
24/8/20,USA,Shopify,F2,Existing,1898,397206.0
24/8/20,AFRICA,Shopify,F1,Existing,2592,489706.0
24/8/20,CANADA,Shopify,F2,Existing,1350,258395.0
24/8/20,USA,Retail,F2,New,28566,1082176.0
24/8/20,OCEANIA,Shopify,null,New,430,71730.0
24/8/20,CANADA,Retail,C1,New,30970,809732.0
24/8/20,USA,Shopify,C1,Existing,773,138404.0
24/8/20,EUROPE,Retail,null,Existing,2986,136429.0
24/8/20,CANADA,Retail,C4,Existing,29326,1464490.0
24/8/20,EUROPE,Retail,null,Guest,98743,3383683.0
24/8/20,CANADA,Retail,C4,New,13219,437390.0
24/8/20,USA,Shopify,C4,Existing,167,32507.0
24/8/20,SOUTH AMERICA,Shopify,C4,Existing,5,988.0
24/8/20,SOUTH AMERICA,Shopify,C2,New,46,7823.0
24/8/20,OCEANIA,Retail,C4,New,65546,2023506.0
24/8/20,EUROPE,Retail,F1,New,932,40229.0
24/8/20,SOUTH AMERICA,Shopify,F2,Existing,30,6585.0
24/8/20,EUROPE,Shopify,F1,Existing,132,26362.0
24/8/20,ASIA,Shopify,null,New,318,50284.0
24/8/20,AFRICA,Retail,C3,Existing,287091,14534326.0
24/8/20,SOUTH AMERICA,Retail,F2,Existing,1127,50201.0
24/8/20,AFRICA,Retail,F3,New,69461,2470906.0
24/8/20,CANADA,Retail,F2,New,18109,637913.0
24/8/20,CANADA,Shopify,null,Existing,76,13605.0
24/8/20,ASIA,Retail,C2,Existing,129144,4996901.0
24/8/20,ASIA,Shopify,C4,New,40,6803.0
24/8/20,EUROPE,Shopify,C3,New,14,3295.0
24/8/20,OCEANIA,Shopify,F2,Existing,6502,1307272.0
24/8/20,ASIA,Shopify,C1,New,269,35424.0
24/8/20,OCEANIA,Shopify,C1,Existing,2673,471401.0
24/8/20,USA,Shopify,C1,New,151,21917.0
24/8/20,SOUTH AMERICA,Shopify,C1,New,16,2666.0
24/8/20,SOUTH AMERICA,Retail,F2,New,446,17385.0
24/8/20,USA,Retail,null,New,21594,919265.0
24/8/20,AFRICA,Shopify,F2,Existing,4689,928412.0
24/8/20,CANADA,Shopify,C4,Existing,89,16312.0
24/8/20,EUROPE,Retail,F3,Existing,18657,1116468.0
24/8/20,SOUTH AMERICA,Retail,C2,New,949,29642.0
24/8/20,OCEANIA,Shopify,C2,New,762,126151.0
24/8/20,OCEANIA,Retail,C2,Existing,169736,6645099.0
24/8/20,USA,Retail,F1,Existing,40597,2371526.0
24/8/20,OCEANIA,Shopify,C4,New,96,13461.0
24/8/20,AFRICA,Shopify,C1,New,293,39564.0
24/8/20,CANADA,Shopify,C2,Existing,695,120729.0
24/8/20,AFRICA,Shopify,C1,Existing,1658,270496.0
24/8/20,ASIA,Shopify,C3,New,301,45870.0
24/8/20,CANADA,Shopify,null,New,84,13692.0
24/8/20,AFRICA,Shopify,C4,New,62,10269.0
24/8/20,SOUTH AMERICA,Shopify,null,Existing,5,760.0
24/8/20,CANADA,Shopify,F3,New,27,3387.0
24/8/20,ASIA,Shopify,F2,Existing,2947,567165.0
24/8/20,ASIA,Retail,C3,Existing,244816,11196782.0
24/8/20,USA,Shopify,null,Existing,154,34932.0
24/8/20,OCEANIA,Shopify,C4,Existing,687,125849.0
24/8/20,USA,Retail,C4,Existing,40986,2227688.0
24/8/20,ASIA,Retail,C1,New,134550,3010765.0
24/8/20,SOUTH AMERICA,Retail,F1,Existing,773,31067.0
24/8/20,EUROPE,Shopify,C2,Existing,151,47032.0
24/8/20,SOUTH AMERICA,Retail,null,Existing,314,9372.0
24/8/20,OCEANIA,Retail,C4,Existing,152920,7470104.0
24/8/20,USA,Shopify,C3,Existing,1420,310461.0
24/8/20,EUROPE,Shopify,C4,Existing,20,6265.0
24/8/20,AFRICA,Retail,C2,Existing,113188,4841694.0
24/8/20,ASIA,Retail,C4,New,53411,1547953.0
24/8/20,SOUTH AMERICA,Retail,C1,New,2393,52387.0
24/8/20,USA,Shopify,C2,New,238,36620.0
24/8/20,CANADA,Shopify,C1,Existing,555,89309.0
24/8/20,EUROPE,Retail,C3,Existing,15076,813088.0
24/8/20,SOUTH AMERICA,Shopify,null,New,38,7671.0
24/8/20,SOUTH AMERICA,Retail,C1,Existing,3053,82693.0
24/8/20,AFRICA,Shopify,C2,New,386,58239.0
24/8/20,OCEANIA,Retail,F2,Existing,348114,18083790.0
24/8/20,CANADA,Retail,F1,New,6852,266751.0
24/8/20,EUROPE,Retail,F1,Existing,6739,378826.0
24/8/20,ASIA,Retail,null,New,64558,2208090.0
24/8/20,EUROPE,Retail,F2,New,1652,74178.0
24/8/20,SOUTH AMERICA,Retail,F1,New,292,11098.0
24/8/20,CANADA,Shopify,C3,Existing,799,152027.0
24/8/20,EUROPE,Retail,C1,Existing,14862,625492.0
24/8/20,AFRICA,Shopify,null,Existing,338,66080.0
24/8/20,OCEANIA,Retail,C1,Existing,261672,9346295.0
24/8/20,SOUTH AMERICA,Shopify,C3,New,17,2140.0
24/8/20,CANADA,Shopify,F1,New,55,8698.0
24/8/20,CANADA,Retail,F3,New,19493,680924.0
24/8/20,USA,Retail,C4,New,18943,679544.0
24/8/20,SOUTH AMERICA,Retail,C4,New,279,10733.0
24/8/20,SOUTH AMERICA,Retail,null,New,1202,42883.0
24/8/20,SOUTH AMERICA,Shopify,F1,New,7,1292.0
24/8/20,SOUTH AMERICA,Shopify,F3,Existing,36,8036.0
24/8/20,USA,Shopify,C4,New,28,4463.0
24/8/20,EUROPE,Retail,F2,Existing,14483,840537.0
24/8/20,USA,Retail,F3,New,29273,1096534.0
24/8/20,EUROPE,Shopify,C1,Existing,96,20686.0
24/8/20,OCEANIA,Shopify,null,Guest,10804,1931973.0
24/8/20,USA,Retail,F2,Existing,96492,5452817.0
24/8/20,USA,Shopify,null,New,128,20669.0
24/8/20,USA,Retail,C1,Existing,58184,2456263.0
24/8/20,EUROPE,Retail,C2,New,2918,106346.0
24/8/20,SOUTH AMERICA,Shopify,F2,New,5,641.0
24/8/20,AFRICA,Retail,F2,New,65760,2337007.0
24/8/20,ASIA,Retail,F1,Existing,94451,4573475.0
24/8/20,AFRICA,Retail,F2,Existing,279576,14854110.0
24/8/20,CANADA,Retail,C2,Existing,23267,1015278.0
24/8/20,AFRICA,Retail,C1,Existing,188391,6906988.0
24/8/20,ASIA,Shopify,F2,New,239,34728.0
24/8/20,ASIA,Retail,C3,New,121636,3741035.0
24/8/20,ASIA,Retail,F3,New,90129,2819086.0
24/8/20,CANADA,Retail,F2,Existing,61805,3241876.0
24/8/20,EUROPE,Retail,F3,New,1735,71648.0
24/8/20,ASIA,Shopify,C4,Existing,287,52221.0
24/8/20,SOUTH AMERICA,Shopify,F3,New,4,809.0
24/8/20,EUROPE,Shopify,null,New,14,3630.0
24/8/20,CANADA,Retail,C1,Existing,56667,2280564.0
24/8/20,OCEANIA,Shopify,null,Existing,563,115870.0
24/8/20,AFRICA,Shopify,null,Guest,5776,1033296.0
24/8/20,AFRICA,Shopify,C2,Existing,2603,500046.0
24/8/20,EUROPE,Shopify,F3,Existing,113,29492.0
24/8/20,CANADA,Shopify,C2,New,93,14157.0
24/8/20,SOUTH AMERICA,Retail,F3,Existing,1330,64047.0
24/8/20,USA,Shopify,C3,New,160,26524.0
24/8/20,OCEANIA,Retail,null,Guest,2433987,64142815.0
24/8/20,ASIA,Shopify,C1,Existing,1254,214075.0
24/8/20,AFRICA,Shopify,null,New,311,54039.0
24/8/20,OCEANIA,Retail,F1,Existing,146120,7374481.0
24/8/20,AFRICA,Retail,C4,New,47161,1561210.0
24/8/20,EUROPE,Retail,C2,Existing,9838,469133.0
24/8/20,SOUTH AMERICA,Shopify,C1,Existing,67,11980.0
24/8/20,OCEANIA,Retail,C3,Existing,343102,16616246.0
24/8/20,EUROPE,Shopify,C3,Existing,159,43242.0
24/8/20,ASIA,Retail,F2,Existing,220882,10645503.0
24/8/20,AFRICA,Retail,F3,Existing,407927,22769738.0
24/8/20,ASIA,Retail,F3,Existing,403795,20476242.0
24/8/20,OCEANIA,Retail,F1,New,42198,1524244.0
24/8/20,EUROPE,Shopify,F1,New,6,1407.0
24/8/20,CANADA,Retail,C2,New,15253,528808.0
24/8/20,AFRICA,Shopify,C3,New,315,53692.0
24/8/20,OCEANIA,Shopify,F3,New,192,33223.0
24/8/20,AFRICA,Shopify,C4,Existing,404,78136.0
24/8/20,SOUTH AMERICA,Retail,null,Guest,405864,16290625.0
24/8/20,USA,Retail,C2,New,27156,996924.0
24/8/20,SOUTH AMERICA,Shopify,F1,Existing,64,13714.0
24/8/20,OCEANIA,Retail,C1,New,176101,4182786.0
24/8/20,EUROPE,Shopify,C1,New,14,2836.0
24/8/20,ASIA,Shopify,C2,Existing,2297,413897.0
24/8/20,USA,Shopify,F3,New,52,9137.0
24/8/20,EUROPE,Retail,C3,New,3841,159543.0
24/8/20,CANADA,Retail,F1,Existing,24088,1298505.0
24/8/20,CANADA,Retail,null,Guest,394587,10941951.0
24/8/20,USA,Shopify,F3,Existing,974,207813.0
24/8/20,AFRICA,Retail,F1,Existing,98813,5239692.0
24/8/20,OCEANIA,Retail,C2,New,112315,3330717.0
24/8/20,USA,Retail,F1,New,12337,537132.0
24/8/20,EUROPE,Shopify,C2,New,12,3280.0
24/8/20,USA,Retail,C3,Existing,103120,5765461.0
24/8/20,EUROPE,Retail,C4,Existing,4953,266237.0
24/8/20,CANADA,Shopify,F3,Existing,650,131072.0
24/8/20,CANADA,Shopify,C1,New,80,10467.0
24/8/20,SOUTH AMERICA,Shopify,C2,Existing,124,25194.0
24/8/20,USA,Retail,C3,New,47022,1797843.0
24/8/20,SOUTH AMERICA,Retail,C3,New,952,38345.0
24/8/20,ASIA,Retail,C1,Existing,188753,6315069.0
24/8/20,EUROPE,Retail,null,New,2962,129020.0
24/8/20,AFRICA,Retail,C2,New,58705,1860988.0
24/8/20,AFRICA,Shopify,F3,Existing,2331,486331.0
24/8/20,ASIA,Shopify,F1,New,208,28542.0
24/8/20,SOUTH AMERICA,Shopify,C3,Existing,91,18712.0
24/8/20,OCEANIA,Retail,C3,New,155586,5133194.0
24/8/20,ASIA,Retail,C2,New,87964,2462103.0
24/8/20,EUROPE,Retail,C4,New,1374,50412.0
24/8/20,USA,Retail,C1,New,37271,1064389.0
24/8/20,USA,Retail,null,Existing,13157,697708.0
24/8/20,AFRICA,Retail,C3,New,111964,3967870.0
24/8/20,ASIA,Retail,F1,New,31513,1032953.0
24/8/20,OCEANIA,Shopify,C2,Existing,4527,863537.0
24/8/20,USA,Shopify,F1,Existing,1334,258305.0
24/8/20,EUROPE,Retail,C1,New,4520,135256.0
24/8/20,CANADA,Shopify,C3,New,106,16974.0
24/8/20,OCEANIA,Retail,null,Existing,45824,1869997.0
24/8/20,ASIA,Shopify,null,Guest,5867,976399.0
24/8/20,EUROPE,Shopify,F2,Existing,216,47335.0
24/8/20,CANADA,Retail,null,Existing,7536,360482.0
24/8/20,CANADA,Shopify,F1,Existing,769,133782.0
24/8/20,OCEANIA,Shopify,C3,New,536,86927.0
24/8/20,ASIA,Shopify,F3,New,115,17670.0
24/8/20,SOUTH AMERICA,Retail,C2,Existing,987,38556.0
24/8/20,SOUTH AMERICA,Shopify,C4,New,4,486.0
24/8/20,ASIA,Retail,null,Guest,1912461,48873892.0
24/8/20,OCEANIA,Retail,F2,New,92755,3192813.0
24/8/20,OCEANIA,Shopify,F2,New,413,64341.0
24/8/20,USA,Shopify,F1,New,130,20685.0
24/8/20,USA,Retail,null,Guest,527116,16395314.0
24/8/20,ASIA,Shopify,F3,Existing,1879,387214.0
24/8/20,OCEANIA,Shopify,F1,New,365,55996.0
24/8/20,OCEANIA,Shopify,F1,Existing,4361,836190.0
24/8/20,EUROPE,Shopify,null,Guest,370,89676.0
24/8/20,CANADA,Retail,C3,Existing,62514,3154333.0
24/8/20,CANADA,Shopify,null,Guest,1697,288470.0
24/8/20,OCEANIA,Shopify,F3,Existing,3720,777026.0
24/8/20,AFRICA,Retail,C1,New,99449,2478289.0
24/8/20,ASIA,Shopify,null,Existing,375,70227.0
24/8/20,CANADA,Retail,F3,Existing,94749,5212768.0
24/8/20,USA,Shopify,C2,Existing,1367,267523.0
24/8/20,ASIA,Shopify,C3,Existing,2056,408353.0
24/8/20,OCEANIA,Shopify,C1,New,478,67176.0
24/8/20,SOUTH AMERICA,Retail,C3,Existing,1355,64705.0
24/8/20,EUROPE,Shopify,F2,New,4,679.0
24/8/20,OCEANIA,Shopify,C3,Existing,4465,914171.0
24/8/20,AFRICA,Shopify,F1,New,190,29672.0
24/8/20,SOUTH AMERICA,Retail,C4,Existing,363,17632.0
24/8/20,AFRICA,Retail,F1,New,23414,885333.0
24/8/20,CANADA,Shopify,C4,New,14,1685.0
24/8/20,SOUTH AMERICA,Shopify,null,Guest,2035,386494.0
24/8/20,OCEANIA,Retail,F3,New,112414,3787305.0
24/8/20,EUROPE,Shopify,F3,New,2,318.0
24/8/20,ASIA,Retail,C4,Existing,110173,4928018.0
24/8/20,USA,Retail,F3,Existing,143829,8667351.0
24/8/20,SOUTH AMERICA,Retail,F3,New,325,11312.0
24/8/20,CANADA,Shopify,F2,New,104,17346.0
24/8/20,AFRICA,Shopify,F3,New,120,18969.0
24/8/20,AFRICA,Retail,C4,Existing,118980,6032018.0
24/8/20,USA,Shopify,null,Guest,2535,457814.0
24/8/20,EUROPE,Shopify,null,Existing,16,4271.0
24/8/20,CANADA,Retail,C3,New,29000,1015962.0
24/8/20,USA,Retail,C2,Existing,43328,2165779.0
24/8/20,CANADA,Retail,null,New,14408,557640.0
24/8/20,ASIA,Shopify,C2,New,446,60937.0
24/8/20,OCEANIA,Retail,null,New,81630,2814143.0
24/8/20,AFRICA,Retail,null,Existing,34476,1488390.0
24/8/20,OCEANIA,Retail,F3,Existing,556915,30166464.0
24/8/20,ASIA,Retail,null,Existing,35097,1414999.0
24/8/20,AFRICA,Shopify,C3,Existing,2677,546690.0
24/8/20,ASIA,Retail,F2,New,70410,2267164.0
24/8/20,ASIA,Shopify,F1,Existing,2149,383717.0
24/8/20,AFRICA,Shopify,F2,New,265,41345.0
24/8/20,AFRICA,Retail,null,New,56867,2211329.0
24/8/20,USA,Shopify,F2,New,147,24784.0
17/8/20,AFRICA,Retail,C2,New,58185,1773019.0
17/8/20,USA,Retail,null,Guest,522222,16139861.0
17/8/20,EUROPE,Shopify,F3,New,2,199.0
17/8/20,AFRICA,Retail,C3,New,110560,3828901.0
17/8/20,SOUTH AMERICA,Retail,C2,Existing,1057,40596.0
17/8/20,USA,Shopify,C4,New,25,4001.0
17/8/20,EUROPE,Retail,C3,New,3943,166106.0
17/8/20,CANADA,Retail,null,Guest,394129,10905332.0
17/8/20,ASIA,Retail,F3,New,86288,2644212.0
17/8/20,EUROPE,Shopify,F3,Existing,125,32059.0
17/8/20,ASIA,Shopify,C3,Existing,2023,398543.0
17/8/20,OCEANIA,Shopify,C2,Existing,4440,835663.0
17/8/20,USA,Shopify,F1,Existing,1318,244502.0
17/8/20,AFRICA,Shopify,F3,Existing,2391,486614.0
17/8/20,OCEANIA,Shopify,C4,New,100,13673.0
17/8/20,EUROPE,Shopify,C2,Existing,160,50681.0
17/8/20,OCEANIA,Shopify,F1,Existing,4324,800804.0
17/8/20,EUROPE,Shopify,F2,New,8,1412.0
17/8/20,SOUTH AMERICA,Shopify,null,New,47,8678.0
17/8/20,SOUTH AMERICA,Retail,C4,New,257,9779.0
17/8/20,USA,Shopify,F2,New,146,22610.0
17/8/20,CANADA,Retail,F2,New,17290,596390.0
17/8/20,SOUTH AMERICA,Shopify,F2,Existing,38,7745.0
17/8/20,OCEANIA,Retail,F3,Existing,547839,29942596.0
17/8/20,ASIA,Retail,null,Existing,31425,1266247.0
17/8/20,AFRICA,Retail,F1,Existing,97251,5073372.0
17/8/20,ASIA,Retail,C3,Existing,241748,10896424.0
17/8/20,AFRICA,Shopify,C2,Existing,2472,466859.0
17/8/20,ASIA,Retail,F1,New,29713,916054.0
17/8/20,ASIA,Retail,F2,New,67417,2037182.0
17/8/20,USA,Shopify,F2,Existing,1913,373940.0
17/8/20,OCEANIA,Shopify,F2,New,393,65504.0
17/8/20,AFRICA,Retail,F3,Existing,406435,22773234.0
17/8/20,OCEANIA,Shopify,C3,Existing,4507,913223.0
17/8/20,USA,Retail,F2,New,27467,983842.0
17/8/20,SOUTH AMERICA,Retail,F2,New,408,14221.0
17/8/20,SOUTH AMERICA,Retail,F1,Existing,781,32930.0
17/8/20,CANADA,Shopify,C4,Existing,105,18084.0
17/8/20,USA,Shopify,C1,New,141,21468.0
17/8/20,EUROPE,Retail,C4,Existing,5022,265997.0
17/8/20,SOUTH AMERICA,Retail,C3,Existing,1315,60436.0
17/8/20,OCEANIA,Retail,null,Existing,41040,1675283.0
17/8/20,EUROPE,Shopify,null,Existing,14,3020.0
17/8/20,SOUTH AMERICA,Retail,null,New,1212,41059.0
17/8/20,CANADA,Retail,F1,Existing,23679,1250772.0
17/8/20,AFRICA,Shopify,null,Guest,5686,1002507.0
17/8/20,ASIA,Retail,null,Guest,1902128,47810123.0
17/8/20,AFRICA,Retail,F2,New,63188,2153208.0
17/8/20,EUROPE,Retail,F3,Existing,18778,1134144.0
17/8/20,ASIA,Retail,F3,Existing,396928,19877010.0
17/8/20,OCEANIA,Retail,F1,New,39578,1277367.0
17/8/20,CANADA,Retail,F3,Existing,94458,5273053.0
17/8/20,SOUTH AMERICA,Shopify,C4,Existing,7,1699.0
17/8/20,ASIA,Shopify,F1,Existing,2072,355884.0
17/8/20,AFRICA,Shopify,F2,New,251,41827.0
17/8/20,OCEANIA,Retail,F3,New,108535,3617509.0
17/8/20,CANADA,Shopify,C1,New,89,10924.0
17/8/20,CANADA,Retail,C4,Existing,29124,1446964.0
17/8/20,ASIA,Shopify,C1,Existing,1299,212219.0
17/8/20,AFRICA,Shopify,C3,Existing,2637,524853.0
17/8/20,SOUTH AMERICA,Retail,C3,New,890,31608.0
17/8/20,EUROPE,Retail,C4,New,1500,58876.0
17/8/20,ASIA,Shopify,C4,Existing,294,53030.0
17/8/20,OCEANIA,Retail,null,New,78921,2729635.0
17/8/20,EUROPE,Shopify,null,New,12,2224.0
17/8/20,EUROPE,Retail,F1,New,905,38114.0
17/8/20,EUROPE,Shopify,null,Guest,337,84305.0
17/8/20,EUROPE,Retail,F3,New,1748,74690.0
17/8/20,CANADA,Retail,F2,Existing,61465,3274278.0
17/8/20,CANADA,Shopify,C4,New,13,1633.0
17/8/20,EUROPE,Shopify,F1,New,5,1068.0
17/8/20,OCEANIA,Retail,F1,Existing,142729,7066700.0
17/8/20,CANADA,Shopify,null,Existing,73,12192.0
17/8/20,ASIA,Shopify,F2,Existing,2966,556672.0
17/8/20,AFRICA,Shopify,C4,New,64,9569.0
17/8/20,OCEANIA,Retail,C4,New,63555,1931124.0
17/8/20,EUROPE,Retail,C2,Existing,9865,471211.0
17/8/20,EUROPE,Shopify,C4,New,2,593.0
17/8/20,AFRICA,Shopify,C3,New,308,46232.0
17/8/20,USA,Retail,C2,New,25953,880164.0
17/8/20,AFRICA,Retail,F1,New,22013,766933.0
17/8/20,CANADA,Retail,C2,New,14892,483235.0
17/8/20,AFRICA,Retail,null,New,55825,2166279.0
17/8/20,OCEANIA,Shopify,F3,New,195,35185.0
17/8/20,ASIA,Shopify,C2,New,434,61480.0
17/8/20,ASIA,Retail,C4,New,51138,1441867.0
17/8/20,SOUTH AMERICA,Retail,C1,New,2471,52721.0
17/8/20,OCEANIA,Retail,C2,Existing,167670,6472772.0
17/8/20,USA,Retail,F1,Existing,39435,2224654.0
17/8/20,USA,Retail,C2,Existing,42876,2078217.0
17/8/20,AFRICA,Retail,C2,Existing,112344,4764104.0
17/8/20,ASIA,Retail,C2,Existing,127517,4804807.0
17/8/20,ASIA,Shopify,C4,New,40,5799.0
17/8/20,CANADA,Shopify,null,New,77,12880.0
17/8/20,SOUTH AMERICA,Shopify,F3,Existing,25,5742.0
17/8/20,CANADA,Retail,C3,New,27988,958584.0
17/8/20,SOUTH AMERICA,Shopify,C3,Existing,100,20831.0
17/8/20,SOUTH AMERICA,Shopify,F3,New,2,354.0
17/8/20,USA,Retail,C1,Existing,57901,2396327.0
17/8/20,USA,Shopify,F3,Existing,950,196866.0
17/8/20,EUROPE,Retail,C1,Existing,15063,659557.0
17/8/20,ASIA,Shopify,C2,Existing,2292,405589.0
17/8/20,OCEANIA,Shopify,null,Guest,10825,1941072.0
17/8/20,OCEANIA,Retail,C3,Existing,340247,16388534.0
17/8/20,ASIA,Retail,F1,Existing,92564,4369157.0
17/8/20,ASIA,Shopify,C1,New,277,34274.0
17/8/20,AFRICA,Retail,C3,Existing,287567,14503756.0
17/8/20,EUROPE,Retail,C2,New,2972,105769.0
17/8/20,OCEANIA,Shopify,C3,New,547,94505.0
17/8/20,OCEANIA,Retail,C1,New,173936,3912906.0
17/8/20,CANADA,Retail,null,Existing,6918,317465.0
17/8/20,CANADA,Shopify,F1,Existing,760,128297.0
17/8/20,CANADA,Shopify,F3,Existing,658,123399.0
17/8/20,SOUTH AMERICA,Shopify,C2,Existing,139,28697.0
17/8/20,CANADA,Retail,C3,Existing,61676,3137725.0
17/8/20,USA,Shopify,null,New,134,22123.0
17/8/20,SOUTH AMERICA,Shopify,C1,New,16,2710.0
17/8/20,OCEANIA,Shopify,null,New,521,87587.0
17/8/20,SOUTH AMERICA,Shopify,C2,New,40,6347.0
17/8/20,USA,Shopify,C2,Existing,1375,268347.0
17/8/20,SOUTH AMERICA,Shopify,F1,Existing,70,16176.0
17/8/20,OCEANIA,Retail,F2,New,88458,2921332.0
17/8/20,CANADA,Retail,C1,New,30947,779071.0
17/8/20,SOUTH AMERICA,Shopify,C1,Existing,73,12524.0
17/8/20,ASIA,Shopify,null,Existing,318,57614.0
17/8/20,ASIA,Retail,C4,Existing,108966,4808790.0
17/8/20,EUROPE,Shopify,C1,New,13,3213.0
17/8/20,AFRICA,Retail,C4,New,47020,1559841.0
17/8/20,USA,Retail,C3,Existing,102513,5717894.0
17/8/20,CANADA,Retail,F3,New,18740,644709.0
17/8/20,ASIA,Retail,null,New,62751,2058152.0
17/8/20,AFRICA,Retail,C4,Existing,120050,6051427.0
17/8/20,EUROPE,Retail,F1,Existing,6764,387318.0
17/8/20,ASIA,Shopify,F1,New,171,23675.0
17/8/20,EUROPE,Retail,C3,Existing,15347,845338.0
17/8/20,AFRICA,Retail,C1,New,98263,2416174.0
17/8/20,ASIA,Shopify,null,New,270,45713.0
17/8/20,EUROPE,Retail,F2,Existing,14536,874082.0
17/8/20,USA,Retail,F3,New,27543,1057891.0
17/8/20,USA,Shopify,C2,New,226,33141.0
17/8/20,AFRICA,Shopify,F1,New,178,26023.0
17/8/20,SOUTH AMERICA,Shopify,F2,New,8,1599.0
17/8/20,ASIA,Retail,C1,Existing,186330,6123591.0
17/8/20,SOUTH AMERICA,Retail,C4,Existing,348,15761.0
17/8/20,USA,Retail,C4,New,18029,621053.0
17/8/20,CANADA,Shopify,F3,New,35,5845.0
17/8/20,OCEANIA,Shopify,C4,Existing,680,123917.0
17/8/20,OCEANIA,Retail,null,Guest,2412388,63334453.0
17/8/20,USA,Retail,null,New,21347,894642.0
17/8/20,EUROPE,Retail,null,Guest,98851,3448590.0
17/8/20,SOUTH AMERICA,Shopify,F1,New,8,1077.0
17/8/20,ASIA,Retail,C2,New,85880,2200563.0
17/8/20,SOUTH AMERICA,Retail,null,Existing,241,7415.0
17/8/20,ASIA,Shopify,F3,Existing,1898,368572.0
17/8/20,OCEANIA,Shopify,F1,New,319,49916.0
17/8/20,CANADA,Retail,C4,New,12616,404619.0
17/8/20,USA,Shopify,C4,Existing,151,27185.0
17/8/20,AFRICA,Shopify,C4,Existing,393,73925.0
17/8/20,AFRICA,Shopify,C2,New,382,55995.0
17/8/20,ASIA,Shopify,F3,New,108,18426.0
17/8/20,ASIA,Retail,F2,Existing,216067,10304393.0
17/8/20,AFRICA,Shopify,null,New,298,48155.0
17/8/20,SOUTH AMERICA,Shopify,null,Guest,2054,384548.0
17/8/20,USA,Shopify,F3,New,50,8256.0
17/8/20,AFRICA,Shopify,F2,Existing,4649,885237.0
17/8/20,CANADA,Shopify,C3,New,107,15916.0
17/8/20,USA,Retail,C1,New,36127,980601.0
17/8/20,USA,Retail,C3,New,45550,1695344.0
17/8/20,EUROPE,Retail,null,Existing,2834,130673.0
17/8/20,EUROPE,Shopify,F1,Existing,144,34939.0
17/8/20,CANADA,Retail,null,New,14079,545091.0
17/8/20,CANADA,Shopify,F1,New,47,6906.0
17/8/20,SOUTH AMERICA,Shopify,null,Existing,2,187.0
17/8/20,OCEANIA,Retail,C3,New,152071,4848872.0
17/8/20,EUROPE,Shopify,C3,New,16,5734.0
17/8/20,AFRICA,Shopify,F1,Existing,2589,469577.0
17/8/20,EUROPE,Retail,F2,New,1757,73775.0
17/8/20,OCEANIA,Shopify,null,Existing,550,108996.0
17/8/20,ASIA,Shopify,null,Guest,5780,963016.0
17/8/20,USA,Shopify,C1,Existing,752,130572.0
17/8/20,AFRICA,Retail,null,Guest,1546278,44301952.0
17/8/20,SOUTH AMERICA,Retail,F1,New,255,8408.0
17/8/20,EUROPE,Shopify,C2,New,21,4506.0
17/8/20,SOUTH AMERICA,Retail,F3,New,316,11766.0
17/8/20,OCEANIA,Shopify,C1,Existing,2715,464078.0
17/8/20,ASIA,Retail,C1,New,133361,2838862.0
17/8/20,AFRICA,Retail,F2,Existing,275106,14564224.0
17/8/20,AFRICA,Retail,F3,New,68899,2422702.0
17/8/20,EUROPE,Shopify,C1,Existing,115,24158.0
17/8/20,AFRICA,Shopify,F3,New,115,19159.0
17/8/20,CANADA,Shopify,F2,New,85,13301.0
17/8/20,CANADA,Shopify,F2,Existing,1288,239332.0
17/8/20,OCEANIA,Retail,F2,Existing,340742,17601663.0
17/8/20,EUROPE,Shopify,F2,Existing,242,52204.0
17/8/20,USA,Retail,null,Existing,11812,581819.0
17/8/20,CANADA,Retail,F1,New,6634,237160.0
17/8/20,CANADA,Shopify,C2,Existing,734,128072.0
17/8/20,USA,Retail,C4,Existing,40439,2165593.0
17/8/20,OCEANIA,Shopify,C2,New,737,114229.0
17/8/20,USA,Shopify,F1,New,117,18101.0
17/8/20,USA,Retail,F3,Existing,142421,8634287.0
17/8/20,SOUTH AMERICA,Retail,F3,Existing,1296,62113.0
17/8/20,EUROPE,Shopify,C3,Existing,175,54266.0
17/8/20,SOUTH AMERICA,Retail,F2,Existing,1124,49047.0
17/8/20,ASIA,Retail,C3,New,116905,3505589.0
17/8/20,CANADA,Shopify,null,Guest,1591,263342.0
17/8/20,EUROPE,Retail,null,New,2945,132755.0
17/8/20,SOUTH AMERICA,Retail,C2,New,905,26856.0
17/8/20,OCEANIA,Shopify,F2,Existing,6600,1321634.0
17/8/20,CANADA,Shopify,C1,Existing,564,87885.0
17/8/20,USA,Retail,F2,Existing,93845,5322541.0
17/8/20,CANADA,Shopify,C2,New,95,13519.0
17/8/20,OCEANIA,Retail,C1,Existing,259111,9224860.0
17/8/20,USA,Shopify,C3,New,207,35386.0
17/8/20,AFRICA,Shopify,C1,Existing,1603,256974.0
17/8/20,SOUTH AMERICA,Retail,null,Guest,406131,16378438.0
17/8/20,ASIA,Shopify,F2,New,224,32131.0
17/8/20,AFRICA,Retail,C1,Existing,187177,6889807.0
17/8/20,CANADA,Retail,C1,Existing,56486,2313650.0
17/8/20,USA,Shopify,null,Guest,2549,457017.0
17/8/20,SOUTH AMERICA,Retail,C1,Existing,3234,90457.0
17/8/20,CANADA,Shopify,C3,Existing,777,143406.0
17/8/20,EUROPE,Retail,C1,New,4629,135718.0
17/8/20,USA,Shopify,null,Existing,152,32055.0
17/8/20,AFRICA,Retail,null,Existing,31550,1362736.0
17/8/20,AFRICA,Shopify,C1,New,278,33973.0
17/8/20,OCEANIA,Retail,C4,Existing,152133,7366089.0
17/8/20,EUROPE,Shopify,C4,Existing,19,4431.0
17/8/20,OCEANIA,Retail,C2,New,109303,2918338.0
17/8/20,SOUTH AMERICA,Shopify,C3,New,25,4448.0
17/8/20,OCEANIA,Shopify,C1,New,505,67376.0
17/8/20,USA,Retail,F1,New,11428,432164.0
17/8/20,SOUTH AMERICA,Shopify,C4,New,5,806.0
17/8/20,USA,Shopify,C3,Existing,1423,302157.0
17/8/20,CANADA,Retail,C2,Existing,23219,1001518.0
17/8/20,AFRICA,Shopify,null,Existing,319,62170.0
17/8/20,ASIA,Shopify,C3,New,262,37346.0
17/8/20,OCEANIA,Shopify,F3,Existing,3813,795013.0
10/8/20,USA,Retail,null,Existing,15577,754876.0
10/8/20,AFRICA,Retail,C1,Existing,182887,6740764.0
10/8/20,ASIA,Shopify,C1,Existing,1285,210922.0
10/8/20,EUROPE,Shopify,null,New,15,3707.0
10/8/20,SOUTH AMERICA,Shopify,F1,Existing,66,14470.0
10/8/20,AFRICA,Retail,C2,New,56951,1765560.0
10/8/20,ASIA,Retail,F3,New,84863,2644705.0
10/8/20,CANADA,Retail,F1,New,6479,235905.0
10/8/20,SOUTH AMERICA,Retail,C3,New,881,31132.0
10/8/20,AFRICA,Shopify,C3,New,314,50571.0
10/8/20,CANADA,Shopify,C3,Existing,799,153407.0
10/8/20,EUROPE,Retail,C1,New,4610,138141.0
10/8/20,AFRICA,Shopify,null,New,279,46890.0
10/8/20,USA,Retail,C3,New,45956,1735568.0
10/8/20,EUROPE,Retail,C4,New,1529,61261.0
10/8/20,USA,Retail,C2,New,25709,869093.0
10/8/20,CANADA,Retail,null,Guest,389009,10752020.0
10/8/20,USA,Shopify,F3,Existing,958,203301.0
10/8/20,EUROPE,Retail,F2,Existing,14083,823074.0
10/8/20,AFRICA,Retail,F1,New,22274,809294.0
10/8/20,ASIA,Shopify,F1,New,175,23810.0
10/8/20,CANADA,Retail,null,Existing,8956,428086.0
10/8/20,CANADA,Shopify,F1,Existing,786,133725.0
10/8/20,CANADA,Shopify,null,Existing,108,18098.0
10/8/20,OCEANIA,Retail,null,New,87190,2965317.0
10/8/20,AFRICA,Retail,F3,Existing,397434,22048568.0
10/8/20,USA,Retail,F3,New,27674,1060153.0
10/8/20,ASIA,Shopify,C2,New,440,58146.0
10/8/20,SOUTH AMERICA,Shopify,F1,New,9,1981.0
10/8/20,SOUTH AMERICA,Retail,C2,Existing,984,37488.0
10/8/20,SOUTH AMERICA,Shopify,F2,New,6,872.0
10/8/20,USA,Retail,C3,Existing,102124,5651652.0
10/8/20,OCEANIA,Shopify,F1,Existing,4287,791461.0
10/8/20,EUROPE,Shopify,C2,Existing,170,47457.0
10/8/20,EUROPE,Shopify,F3,New,2,314.0
10/8/20,CANADA,Shopify,C2,Existing,694,116515.0
10/8/20,SOUTH AMERICA,Retail,F3,Existing,1304,60683.0
10/8/20,USA,Shopify,F1,New,131,19555.0
10/8/20,ASIA,Shopify,null,Guest,5856,987237.0
10/8/20,AFRICA,Retail,null,Guest,1552707,44304726.0
10/8/20,USA,Shopify,F2,Existing,1913,384475.0
10/8/20,USA,Retail,null,New,23420,971003.0
10/8/20,AFRICA,Shopify,null,Existing,382,71027.0
10/8/20,OCEANIA,Shopify,C2,New,770,125489.0
10/8/20,SOUTH AMERICA,Shopify,null,Guest,2062,393008.0
10/8/20,OCEANIA,Shopify,C2,Existing,4391,817285.0
10/8/20,USA,Shopify,F1,Existing,1335,253770.0
10/8/20,ASIA,Retail,F1,New,29421,943870.0
10/8/20,SOUTH AMERICA,Retail,C2,New,899,25595.0
10/8/20,ASIA,Retail,C3,Existing,240218,10955770.0
10/8/20,USA,Retail,C2,Existing,42860,2065404.0
10/8/20,CANADA,Retail,F3,Existing,92147,5103156.0
10/8/20,CANADA,Retail,F3,New,18179,630749.0
10/8/20,AFRICA,Shopify,F1,Existing,2542,463189.0
10/8/20,EUROPE,Shopify,F1,New,6,996.0
10/8/20,AFRICA,Retail,C2,Existing,112254,4800959.0
10/8/20,CANADA,Shopify,F2,Existing,1296,239593.0
10/8/20,SOUTH AMERICA,Retail,C1,Existing,3010,83594.0
10/8/20,AFRICA,Retail,C3,New,109938,3913341.0
10/8/20,AFRICA,Retail,C4,Existing,119055,6021186.0
10/8/20,OCEANIA,Retail,F3,New,108523,3656004.0
10/8/20,ASIA,Retail,null,New,67978,2255669.0
10/8/20,ASIA,Shopify,C3,Existing,2017,387583.0
10/8/20,CANADA,Retail,F2,Existing,60106,3149550.0
10/8/20,SOUTH AMERICA,Retail,C4,New,227,8724.0
10/8/20,SOUTH AMERICA,Retail,C3,Existing,1356,63599.0
10/8/20,EUROPE,Retail,C4,Existing,5110,270941.0
10/8/20,USA,Shopify,null,Guest,2515,452765.0
10/8/20,ASIA,Shopify,F3,Existing,1880,367732.0
10/8/20,AFRICA,Shopify,C2,Existing,2421,456586.0
10/8/20,OCEANIA,Shopify,F1,New,337,48736.0
10/8/20,ASIA,Shopify,C2,Existing,2263,401444.0
10/8/20,ASIA,Shopify,C3,New,292,42180.0
10/8/20,OCEANIA,Retail,C1,Existing,255118,9056376.0
10/8/20,EUROPE,Shopify,C1,Existing,94,19570.0
10/8/20,USA,Shopify,F2,New,145,22190.0
10/8/20,USA,Shopify,C4,New,22,3523.0
10/8/20,SOUTH AMERICA,Shopify,C4,New,6,646.0
10/8/20,OCEANIA,Retail,C3,New,152821,4942858.0
10/8/20,ASIA,Retail,C2,Existing,127598,4897462.0
10/8/20,EUROPE,Shopify,C3,New,14,3566.0
10/8/20,EUROPE,Retail,null,New,3095,133349.0
10/8/20,SOUTH AMERICA,Retail,F1,Existing,691,27346.0
10/8/20,USA,Retail,null,Guest,526413,16081303.0
10/8/20,EUROPE,Retail,null,Existing,3386,157151.0
10/8/20,OCEANIA,Shopify,F2,New,389,62581.0
10/8/20,EUROPE,Shopify,F1,Existing,137,31069.0
10/8/20,USA,Retail,F3,Existing,139861,8367986.0
10/8/20,OCEANIA,Retail,null,Existing,53361,2176256.0
10/8/20,EUROPE,Shopify,null,Existing,27,7327.0
10/8/20,ASIA,Shopify,F2,Existing,2914,549728.0
10/8/20,USA,Retail,F2,Existing,92910,5163812.0
10/8/20,USA,Retail,C4,New,18008,641430.0
10/8/20,OCEANIA,Shopify,C1,New,461,62213.0
10/8/20,OCEANIA,Shopify,C4,New,103,15964.0
10/8/20,EUROPE,Retail,F3,Existing,18491,1102488.0
10/8/20,ASIA,Shopify,C4,Existing,281,47931.0
10/8/20,SOUTH AMERICA,Shopify,F3,Existing,36,7418.0
10/8/20,AFRICA,Shopify,F1,New,193,28301.0
10/8/20,OCEANIA,Shopify,C3,Existing,4422,897675.0
10/8/20,AFRICA,Shopify,F3,New,102,15696.0
10/8/20,OCEANIA,Shopify,C1,Existing,2643,455488.0
10/8/20,CANADA,Retail,F2,New,16716,582076.0
10/8/20,AFRICA,Retail,F3,New,67758,2397332.0
10/8/20,SOUTH AMERICA,Retail,F1,New,296,10344.0
10/8/20,EUROPE,Shopify,C2,New,17,3077.0
10/8/20,USA,Shopify,C1,New,140,18109.0
10/8/20,ASIA,Retail,null,Existing,40666,1636144.0
10/8/20,EUROPE,Shopify,F2,New,8,2114.0
10/8/20,SOUTH AMERICA,Retail,C1,New,2509,51980.0
10/8/20,ASIA,Shopify,F1,Existing,2134,368422.0
10/8/20,ASIA,Shopify,F2,New,219,31731.0
10/8/20,AFRICA,Shopify,C3,Existing,2528,514328.0
10/8/20,OCEANIA,Retail,F3,Existing,541385,29331524.0
10/8/20,CANADA,Shopify,C2,New,98,12883.0
10/8/20,AFRICA,Shopify,F2,New,202,33755.0
10/8/20,AFRICA,Shopify,C1,New,272,36422.0
10/8/20,OCEANIA,Retail,F2,New,87993,2895594.0
10/8/20,CANADA,Retail,C1,New,29661,760457.0
10/8/20,SOUTH AMERICA,Shopify,C1,Existing,68,11651.0
10/8/20,CANADA,Shopify,F2,New,77,11136.0
10/8/20,SOUTH AMERICA,Retail,null,Existing,338,9797.0
10/8/20,CANADA,Retail,C2,Existing,23194,992630.0
10/8/20,CANADA,Shopify,C4,New,13,1466.0
10/8/20,EUROPE,Retail,C1,Existing,14786,626319.0
10/8/20,ASIA,Retail,C2,New,84460,2224285.0
10/8/20,SOUTH AMERICA,Retail,F2,New,370,13774.0
10/8/20,SOUTH AMERICA,Retail,F2,Existing,1089,49162.0
10/8/20,SOUTH AMERICA,Shopify,null,New,46,8263.0
10/8/20,USA,Retail,C1,Existing,57001,2325464.0
10/8/20,SOUTH AMERICA,Shopify,C3,Existing,103,20695.0
10/8/20,USA,Shopify,null,New,159,25820.0
10/8/20,EUROPE,Retail,F1,Existing,6493,374312.0
10/8/20,CANADA,Retail,C2,New,14607,487625.0
10/8/20,SOUTH AMERICA,Shopify,C2,Existing,113,22554.0
10/8/20,OCEANIA,Shopify,null,Guest,10661,1916228.0
10/8/20,USA,Retail,C1,New,35798,967881.0
10/8/20,OCEANIA,Retail,C1,New,171259,3864876.0
10/8/20,EUROPE,Shopify,C1,New,12,2116.0
10/8/20,OCEANIA,Shopify,C3,New,541,89186.0
10/8/20,OCEANIA,Retail,C4,Existing,151426,7411317.0
10/8/20,EUROPE,Shopify,C4,Existing,20,4802.0
10/8/20,AFRICA,Retail,null,Existing,40870,1778458.0
10/8/20,USA,Retail,F1,Existing,39437,2213190.0
10/8/20,SOUTH AMERICA,Retail,null,Guest,400399,16151059.0
10/8/20,OCEANIA,Retail,C2,Existing,167770,6511989.0
10/8/20,CANADA,Retail,C1,Existing,55437,2282598.0
10/8/20,AFRICA,Shopify,C2,New,389,57303.0
10/8/20,EUROPE,Retail,C3,New,4171,173817.0
10/8/20,AFRICA,Retail,F1,Existing,96439,5061797.0
10/8/20,OCEANIA,Retail,C3,Existing,339785,16391442.0
10/8/20,EUROPE,Shopify,C3,Existing,161,51616.0
10/8/20,SOUTH AMERICA,Shopify,C1,New,16,2738.0
10/8/20,CANADA,Shopify,C4,Existing,107,18242.0
10/8/20,AFRICA,Shopify,null,Guest,5588,973232.0
10/8/20,SOUTH AMERICA,Shopify,C4,Existing,6,1034.0
10/8/20,EUROPE,Shopify,null,Guest,327,74656.0
10/8/20,CANADA,Retail,C4,Existing,28577,1409891.0
10/8/20,CANADA,Retail,C3,Existing,61727,3128812.0
10/8/20,OCEANIA,Shopify,null,New,498,80339.0
10/8/20,ASIA,Retail,null,Guest,1887143,48068626.0
10/8/20,SOUTH AMERICA,Shopify,F2,Existing,28,6440.0
10/8/20,CANADA,Retail,C3,New,28235,975579.0
10/8/20,USA,Retail,C4,Existing,40096,2158541.0
10/8/20,ASIA,Retail,C3,New,116758,3578742.0
10/8/20,ASIA,Shopify,F3,New,124,17632.0
10/8/20,SOUTH AMERICA,Shopify,C2,New,59,10008.0
10/8/20,EUROPE,Retail,null,Guest,100757,3447184.0
10/8/20,AFRICA,Shopify,F2,Existing,4563,877826.0
10/8/20,EUROPE,Retail,F1,New,926,37629.0
10/8/20,ASIA,Retail,F1,Existing,91936,4470218.0
10/8/20,AFRICA,Retail,C4,New,46821,1574081.0
10/8/20,ASIA,Retail,F3,Existing,389314,19648444.0
10/8/20,OCEANIA,Retail,F1,New,40089,1329921.0
10/8/20,OCEANIA,Shopify,C4,Existing,675,119212.0
10/8/20,CANADA,Shopify,C3,New,106,15942.0
10/8/20,EUROPE,Retail,C2,New,2835,103204.0
10/8/20,CANADA,Retail,null,New,14901,576552.0
10/8/20,AFRICA,Shopify,F3,Existing,2304,469306.0
10/8/20,SOUTH AMERICA,Shopify,F3,New,2,256.0
10/8/20,CANADA,Shopify,F3,New,28,4477.0
10/8/20,OCEANIA,Retail,C2,New,108970,2921528.0
10/8/20,USA,Retail,F1,New,11433,448436.0
10/8/20,ASIA,Retail,F2,New,65694,2009834.0
10/8/20,CANADA,Retail,F1,Existing,23790,1272871.0
10/8/20,SOUTH AMERICA,Retail,F3,New,292,9904.0
10/8/20,OCEANIA,Retail,C4,New,63925,2001478.0
10/8/20,USA,Shopify,C3,New,182,29180.0
10/8/20,EUROPE,Shopify,C4,New,2,632.0
10/8/20,OCEANIA,Retail,F1,Existing,143771,7144721.0
10/8/20,EUROPE,Retail,C2,Existing,9893,474293.0
10/8/20,CANADA,Shopify,C1,New,94,12432.0
10/8/20,OCEANIA,Shopify,F3,Existing,3700,766241.0
10/8/20,AFRICA,Retail,F2,New,62201,2144477.0
10/8/20,CANADA,Shopify,F3,Existing,643,123959.0
10/8/20,USA,Shopify,C1,Existing,725,127212.0
10/8/20,USA,Retail,F2,New,26643,947244.0
10/8/20,ASIA,Retail,F2,Existing,212049,10186501.0
10/8/20,ASIA,Shopify,C4,New,51,6735.0
10/8/20,OCEANIA,Retail,F2,Existing,337725,17283430.0
10/8/20,EUROPE,Shopify,F2,Existing,208,44269.0
10/8/20,USA,Shopify,F3,New,49,9085.0
10/8/20,USA,Shopify,null,Existing,187,39281.0
10/8/20,CANADA,Shopify,F1,New,58,7894.0
10/8/20,SOUTH AMERICA,Shopify,null,Existing,6,1274.0
10/8/20,OCEANIA,Shopify,null,Existing,654,123959.0
10/8/20,SOUTH AMERICA,Retail,C4,Existing,374,16886.0
10/8/20,CANADA,Shopify,C1,Existing,547,88689.0
10/8/20,OCEANIA,Shopify,F2,Existing,6333,1256976.0
10/8/20,SOUTH AMERICA,Retail,null,New,1294,46478.0
10/8/20,ASIA,Retail,C4,Existing,107398,4778226.0
10/8/20,AFRICA,Retail,F2,Existing,269162,14203517.0
10/8/20,AFRICA,Shopify,C1,Existing,1578,253694.0
10/8/20,AFRICA,Shopify,C4,New,58,8633.0
10/8/20,ASIA,Retail,C1,New,129054,2810314.0
10/8/20,EUROPE,Retail,F2,New,1710,72189.0
10/8/20,SOUTH AMERICA,Shopify,C3,New,22,3712.0
10/8/20,EUROPE,Retail,F3,New,1735,74278.0
10/8/20,CANADA,Shopify,null,New,79,12029.0
10/8/20,EUROPE,Shopify,F3,Existing,103,27675.0
10/8/20,AFRICA,Retail,C3,Existing,285399,14450180.0
10/8/20,USA,Shopify,C2,New,220,45523.0
10/8/20,AFRICA,Shopify,C4,Existing,386,76381.0
10/8/20,ASIA,Shopify,null,New,342,54929.0
10/8/20,OCEANIA,Shopify,F3,New,194,30184.0
10/8/20,ASIA,Retail,C1,Existing,181625,6134984.0
10/8/20,AFRICA,Retail,null,New,59847,2309908.0
10/8/20,ASIA,Retail,C4,New,50182,1443978.0
10/8/20,CANADA,Retail,C4,New,12668,413810.0
10/8/20,USA,Shopify,C4,Existing,171,29727.0
10/8/20,CANADA,Shopify,null,Guest,1600,265390.0
10/8/20,EUROPE,Retail,C3,Existing,15618,840062.0
10/8/20,OCEANIA,Retail,null,Guest,2434028,63455857.0
10/8/20,ASIA,Shopify,C1,New,257,32094.0
10/8/20,USA,Shopify,C3,Existing,1380,285329.0
10/8/20,ASIA,Shopify,null,Existing,433,80045.0
10/8/20,AFRICA,Retail,C1,New,96368,2417332.0
10/8/20,USA,Shopify,C2,Existing,1386,264650.0
3/8/20,USA,Shopify,C3,Existing,1394,295484.0
3/8/20,ASIA,Retail,F1,Existing,88727,4330025.0
3/8/20,AFRICA,Retail,C2,Existing,108181,4609445.0
3/8/20,EUROPE,Shopify,F1,New,6,1222.0
3/8/20,OCEANIA,Retail,F1,New,37300,1220181.0
3/8/20,CANADA,Shopify,C1,Existing,543,85829.0
3/8/20,EUROPE,Shopify,C2,Existing,181,52274.0
3/8/20,CANADA,Retail,C4,New,12248,410446.0
3/8/20,AFRICA,Shopify,null,Guest,5387,943794.0
3/8/20,SOUTH AMERICA,Shopify,C4,Existing,7,1675.0
3/8/20,AFRICA,Retail,C3,Existing,279564,14164525.0
3/8/20,CANADA,Shopify,null,New,78,12238.0
3/8/20,OCEANIA,Retail,null,Guest,2347521,61642928.0
3/8/20,ASIA,Retail,null,Guest,1816979,46017560.0
3/8/20,SOUTH AMERICA,Shopify,F3,New,6,1152.0
3/8/20,ASIA,Retail,F3,Existing,379452,19180184.0
3/8/20,USA,Shopify,C1,New,133,16466.0
3/8/20,AFRICA,Retail,F1,New,20712,736052.0
3/8/20,ASIA,Retail,F2,New,63029,1915643.0
3/8/20,EUROPE,Shopify,null,Guest,371,82928.0
3/8/20,USA,Retail,F2,New,26359,947836.0
3/8/20,USA,Retail,F2,Existing,92243,5223071.0
3/8/20,EUROPE,Retail,C1,Existing,14456,642677.0
3/8/20,ASIA,Shopify,C4,New,38,5552.0
3/8/20,EUROPE,Shopify,F2,Existing,224,49924.0
3/8/20,USA,Shopify,F3,New,44,6674.0
3/8/20,ASIA,Retail,C3,Existing,234120,10684085.0
3/8/20,EUROPE,Retail,C2,New,2797,101235.0
3/8/20,AFRICA,Retail,null,Guest,1499194,42818477.0
3/8/20,USA,Shopify,F2,Existing,1872,362902.0
3/8/20,OCEANIA,Shopify,F2,Existing,6342,1274011.0
3/8/20,OCEANIA,Retail,C3,Existing,331895,16192583.0
3/8/20,OCEANIA,Shopify,null,Guest,10406,1885049.0
3/8/20,EUROPE,Shopify,C3,Existing,162,46471.0
3/8/20,CANADA,Retail,null,New,14294,559894.0
3/8/20,SOUTH AMERICA,Shopify,null,Existing,3,456.0
3/8/20,EUROPE,Retail,F3,New,1836,81274.0
3/8/20,USA,Retail,C1,New,34891,948460.0
3/8/20,SOUTH AMERICA,Retail,C4,Existing,329,15748.0
3/8/20,SOUTH AMERICA,Retail,F2,Existing,1097,48997.0
3/8/20,SOUTH AMERICA,Shopify,C4,New,6,1103.0
3/8/20,CANADA,Retail,C1,New,28882,741610.0
3/8/20,ASIA,Retail,F2,Existing,205553,9911498.0
3/8/20,USA,Retail,C4,New,17884,635394.0
3/8/20,ASIA,Shopify,F2,New,177,24231.0
3/8/20,ASIA,Shopify,F2,Existing,2765,517548.0
3/8/20,ASIA,Retail,F1,New,27282,857603.0
3/8/20,OCEANIA,Retail,F3,Existing,528117,29101768.0
3/8/20,AFRICA,Shopify,F2,New,235,39520.0
3/8/20,EUROPE,Shopify,F3,Existing,119,29953.0
3/8/20,ASIA,Shopify,C1,New,271,33537.0
3/8/20,USA,Shopify,C2,New,199,33415.0
3/8/20,SOUTH AMERICA,Shopify,C2,New,36,5368.0
3/8/20,CANADA,Shopify,F3,Existing,654,124490.0
3/8/20,USA,Shopify,C2,Existing,1319,250222.0
3/8/20,ASIA,Retail,C4,New,48284,1385553.0
3/8/20,AFRICA,Retail,C3,New,106298,3752174.0
3/8/20,AFRICA,Shopify,F3,Existing,2293,466656.0
3/8/20,SOUTH AMERICA,Retail,C2,New,843,25585.0
3/8/20,OCEANIA,Shopify,C1,Existing,2564,441168.0
3/8/20,SOUTH AMERICA,Shopify,F3,Existing,25,5302.0
3/8/20,SOUTH AMERICA,Retail,C1,New,2318,49417.0
3/8/20,EUROPE,Retail,C3,New,4115,176979.0
3/8/20,AFRICA,Retail,F3,Existing,387425,21705275.0
3/8/20,CANADA,Retail,F2,Existing,58521,3108705.0
3/8/20,AFRICA,Shopify,F2,Existing,4356,842451.0
3/8/20,USA,Retail,null,Guest,521224,16094778.0
3/8/20,CANADA,Shopify,F2,Existing,1247,227477.0
3/8/20,SOUTH AMERICA,Retail,F3,New,275,9632.0
3/8/20,EUROPE,Retail,F1,New,852,35256.0
3/8/20,AFRICA,Retail,C4,Existing,116704,5902067.0
3/8/20,AFRICA,Shopify,C2,New,354,50063.0
3/8/20,EUROPE,Shopify,null,Existing,32,5962.0
3/8/20,CANADA,Shopify,C4,Existing,99,19479.0
3/8/20,OCEANIA,Retail,F1,Existing,139116,6979626.0
3/8/20,EUROPE,Shopify,F1,Existing,141,29866.0
3/8/20,CANADA,Shopify,F3,New,29,4321.0
3/8/20,AFRICA,Shopify,F3,New,109,16996.0
3/8/20,OCEANIA,Retail,F3,New,104725,3531435.0
3/8/20,EUROPE,Shopify,F3,New,2,258.0
3/8/20,AFRICA,Shopify,C1,Existing,1542,252808.0
3/8/20,EUROPE,Retail,null,Existing,3112,144954.0
3/8/20,OCEANIA,Retail,F2,New,83815,2767752.0
3/8/20,EUROPE,Retail,C3,Existing,15512,856662.0
3/8/20,SOUTH AMERICA,Shopify,null,New,45,7562.0
3/8/20,OCEANIA,Shopify,F3,New,171,29196.0
3/8/20,ASIA,Retail,C4,Existing,104667,4646974.0
3/8/20,USA,Shopify,C4,Existing,146,29049.0
3/8/20,USA,Retail,C4,Existing,40287,2172605.0
3/8/20,AFRICA,Retail,F3,New,65266,2320686.0
3/8/20,CANADA,Retail,F2,New,16220,562847.0
3/8/20,AFRICA,Retail,F1,Existing,92562,4892297.0
3/8/20,CANADA,Retail,F3,Existing,90743,5090774.0
3/8/20,ASIA,Shopify,C3,New,238,36328.0
3/8/20,ASIA,Retail,null,New,63739,2152841.0
3/8/20,CANADA,Shopify,C2,Existing,719,123899.0
3/8/20,AFRICA,Shopify,null,Existing,345,62057.0
3/8/20,SOUTH AMERICA,Retail,F2,New,374,13556.0
3/8/20,CANADA,Retail,C3,Existing,60779,3105611.0
3/8/20,OCEANIA,Shopify,F2,New,353,58368.0
3/8/20,OCEANIA,Shopify,C4,New,85,12781.0
3/8/20,ASIA,Retail,C1,New,123968,2706726.0
3/8/20,SOUTH AMERICA,Retail,F1,Existing,722,30399.0
3/8/20,SOUTH AMERICA,Shopify,C1,Existing,62,10915.0
3/8/20,OCEANIA,Retail,C1,New,164232,3740642.0
3/8/20,EUROPE,Retail,F2,New,1668,71284.0
3/8/20,EUROPE,Shopify,C1,New,11,2049.0
3/8/20,AFRICA,Shopify,C4,New,60,8744.0
3/8/20,SOUTH AMERICA,Shopify,F1,New,9,1791.0
3/8/20,CANADA,Shopify,C1,New,92,10801.0
3/8/20,OCEANIA,Shopify,F1,Existing,4153,771483.0
3/8/20,EUROPE,Shopify,C3,New,12,2204.0
3/8/20,OCEANIA,Shopify,C2,New,659,103074.0
3/8/20,USA,Shopify,F1,New,111,17516.0
3/8/20,SOUTH AMERICA,Shopify,null,Guest,1977,371364.0
3/8/20,AFRICA,Shopify,C3,Existing,2503,496660.0
3/8/20,OCEANIA,Retail,C4,Existing,148730,7316093.0
3/8/20,CANADA,Retail,C3,New,27661,951224.0
3/8/20,EUROPE,Shopify,C4,Existing,25,6824.0
3/8/20,CANADA,Retail,C2,Existing,22438,979333.0
3/8/20,CANADA,Shopify,C4,New,18,2565.0
3/8/20,CANADA,Shopify,F1,Existing,742,121654.0
3/8/20,EUROPE,Retail,F1,Existing,6436,377065.0
3/8/20,ASIA,Shopify,F1,Existing,1917,330928.0
3/8/20,EUROPE,Retail,null,Guest,100844,3528374.0
3/8/20,OCEANIA,Retail,C3,New,147163,4777068.0
3/8/20,SOUTH AMERICA,Shopify,C1,New,13,1520.0
3/8/20,USA,Shopify,null,Existing,168,32554.0
3/8/20,OCEANIA,Retail,C1,Existing,244511,8830183.0
3/8/20,OCEANIA,Shopify,C3,Existing,4366,884249.0
3/8/20,USA,Shopify,C4,New,26,3293.0
3/8/20,SOUTH AMERICA,Retail,C1,Existing,2900,80314.0
3/8/20,AFRICA,Retail,F2,Existing,259239,13763594.0
3/8/20,SOUTH AMERICA,Retail,C3,Existing,1262,59645.0
3/8/20,USA,Retail,null,New,22515,948888.0
3/8/20,EUROPE,Retail,F2,Existing,13816,829369.0
3/8/20,ASIA,Shopify,null,New,281,41085.0
3/8/20,AFRICA,Shopify,C4,Existing,385,71965.0
3/8/20,ASIA,Retail,F3,New,82178,2555608.0
3/8/20,USA,Retail,C2,Existing,42925,2112377.0
3/8/20,SOUTH AMERICA,Shopify,C3,New,25,3929.0
3/8/20,EUROPE,Shopify,C4,New,2,762.0
3/8/20,ASIA,Retail,null,Existing,35052,1434267.0
3/8/20,CANADA,Shopify,C3,Existing,760,135351.0
3/8/20,ASIA,Shopify,C4,Existing,292,49577.0
3/8/20,USA,Retail,C1,Existing,56122,2336040.0
3/8/20,EUROPE,Retail,C2,Existing,9712,471671.0
3/8/20,SOUTH AMERICA,Shopify,F2,Existing,37,7350.0
3/8/20,SOUTH AMERICA,Shopify,C3,Existing,98,20494.0
3/8/20,OCEANIA,Shopify,C1,New,465,59473.0
3/8/20,EUROPE,Shopify,F2,New,6,2901.0
3/8/20,ASIA,Retail,C2,Existing,122624,4694548.0
3/8/20,USA,Shopify,C1,Existing,735,122312.0
3/8/20,OCEANIA,Shopify,C4,Existing,655,118436.0
3/8/20,USA,Retail,C3,New,44879,1710355.0
3/8/20,AFRICA,Retail,F2,New,59545,2044756.0
3/8/20,CANADA,Retail,null,Guest,380808,10636371.0
3/8/20,USA,Retail,C3,Existing,101765,5673928.0
3/8/20,EUROPE,Retail,C4,Existing,5342,290457.0
3/8/20,CANADA,Shopify,C2,New,102,15488.0
3/8/20,USA,Shopify,null,Guest,2421,439650.0
3/8/20,AFRICA,Retail,C1,New,91498,2291660.0
3/8/20,ASIA,Shopify,null,Existing,375,66788.0
3/8/20,ASIA,Shopify,C2,Existing,2210,394490.0
3/8/20,CANADA,Retail,null,Existing,8326,440934.0
3/8/20,OCEANIA,Shopify,C3,New,505,84868.0
3/8/20,SOUTH AMERICA,Retail,null,New,1174,41633.0
3/8/20,CANADA,Shopify,C3,New,100,15599.0
3/8/20,CANADA,Retail,F1,New,6175,228738.0
3/8/20,CANADA,Shopify,null,Guest,1553,254168.0
3/8/20,USA,Retail,F3,New,27023,1045069.0
3/8/20,CANADA,Shopify,F2,New,87,12913.0
3/8/20,SOUTH AMERICA,Retail,C4,New,246,8872.0
3/8/20,EUROPE,Retail,F3,Existing,18485,1133877.0
3/8/20,USA,Retail,C2,New,25783,878770.0
3/8/20,ASIA,Shopify,F1,New,173,23265.0
3/8/20,EUROPE,Shopify,null,New,12,3773.0
3/8/20,OCEANIA,Retail,C2,New,104668,2892022.0
3/8/20,USA,Retail,F1,New,10778,426024.0
3/8/20,EUROPE,Shopify,C2,New,11,4265.0
3/8/20,USA,Retail,null,Existing,13944,680214.0
3/8/20,AFRICA,Shopify,C1,New,286,35954.0
3/8/20,CANADA,Retail,C2,New,14264,494801.0
3/8/20,SOUTH AMERICA,Shopify,C2,Existing,130,26592.0
3/8/20,CANADA,Shopify,null,Existing,106,18314.0
3/8/20,ASIA,Retail,C2,New,81639,2148701.0
3/8/20,ASIA,Shopify,F3,Existing,1769,346746.0
3/8/20,OCEANIA,Shopify,F1,New,280,41486.0
3/8/20,OCEANIA,Shopify,null,Existing,633,121649.0
3/8/20,USA,Shopify,null,New,158,27496.0
3/8/20,SOUTH AMERICA,Retail,null,Existing,309,9258.0
3/8/20,OCEANIA,Shopify,F3,Existing,3692,773324.0
3/8/20,OCEANIA,Retail,null,Existing,46226,1916895.0
3/8/20,CANADA,Retail,C4,Existing,28378,1401391.0
3/8/20,CANADA,Retail,F3,New,17871,627747.0
3/8/20,USA,Shopify,F3,Existing,930,193590.0
3/8/20,OCEANIA,Retail,null,New,81643,2864778.0
3/8/20,AFRICA,Retail,C4,New,45605,1532557.0
3/8/20,ASIA,Shopify,C3,Existing,1971,384914.0
3/8/20,SOUTH AMERICA,Retail,C3,New,875,32665.0
3/8/20,SOUTH AMERICA,Shopify,F2,New,3,651.0
3/8/20,CANADA,Retail,F1,Existing,23165,1217020.0
3/8/20,AFRICA,Shopify,F1,New,156,23031.0
3/8/20,ASIA,Retail,C3,New,113155,3458770.0
3/8/20,SOUTH AMERICA,Shopify,F1,Existing,64,14772.0
3/8/20,AFRICA,Shopify,null,New,292,49202.0
3/8/20,AFRICA,Retail,C1,Existing,174837,6486903.0
3/8/20,AFRICA,Shopify,C2,Existing,2363,446202.0
3/8/20,EUROPE,Retail,C4,New,1582,68886.0
3/8/20,SOUTH AMERICA,Retail,F3,Existing,1278,59698.0
3/8/20,OCEANIA,Retail,F2,Existing,328448,17048578.0
3/8/20,OCEANIA,Shopify,C2,Existing,4287,804677.0
3/8/20,USA,Shopify,F1,Existing,1296,240829.0
3/8/20,EUROPE,Retail,null,New,2922,129132.0
3/8/20,ASIA,Shopify,null,Guest,5694,975397.0
3/8/20,OCEANIA,Shopify,null,New,479,79978.0
3/8/20,CANADA,Shopify,F1,New,43,5654.0
3/8/20,ASIA,Shopify,F3,New,99,15337.0
3/8/20,ASIA,Retail,C1,Existing,174238,5903130.0
3/8/20,USA,Shopify,F2,New,119,20774.0
3/8/20,AFRICA,Shopify,C3,New,296,49446.0
3/8/20,SOUTH AMERICA,Retail,null,Guest,389403,15849162.0
3/8/20,OCEANIA,Retail,C2,Existing,161833,6333845.0
3/8/20,USA,Retail,F1,Existing,38907,2197660.0
3/8/20,EUROPE,Retail,C1,New,4317,136064.0
3/8/20,USA,Retail,F3,Existing,139847,8500159.0
3/8/20,SOUTH AMERICA,Retail,C2,Existing,931,35918.0
3/8/20,OCEANIA,Retail,C4,New,61581,1905328.0
3/8/20,USA,Shopify,C3,New,182,27724.0
3/8/20,AFRICA,Retail,C2,New,54234,1667548.0
3/8/20,SOUTH AMERICA,Retail,F1,New,252,8008.0
3/8/20,ASIA,Shopify,C1,Existing,1211,198113.0
3/8/20,CANADA,Retail,C1,Existing,53662,2195120.0
3/8/20,AFRICA,Retail,null,New,55812,2202351.0
3/8/20,ASIA,Shopify,C2,New,374,50935.0
3/8/20,AFRICA,Shopify,F1,Existing,2436,444135.0
3/8/20,AFRICA,Retail,null,Existing,35771,1559030.0
3/8/20,EUROPE,Shopify,C1,Existing,110,25571.0
27/7/20,AFRICA,Shopify,F2,New,303,43750.0
27/7/20,CANADA,Retail,F1,New,6262,225203.0
27/7/20,USA,Shopify,F1,Existing,1311,242451.0
27/7/20,EUROPE,Shopify,F3,Existing,119,30415.0
27/7/20,CANADA,Shopify,C4,New,22,2629.0
27/7/20,CANADA,Retail,null,Guest,387939,10778735.0
27/7/20,OCEANIA,Retail,F3,Existing,543056,29438399.0
27/7/20,SOUTH AMERICA,Retail,C2,Existing,997,38369.0
27/7/20,SOUTH AMERICA,Shopify,C4,New,3,890.0
27/7/20,CANADA,Shopify,C4,Existing,99,18960.0
27/7/20,OCEANIA,Retail,F2,New,84615,2782614.0
27/7/20,EUROPE,Shopify,F2,New,6,947.0
27/7/20,CANADA,Retail,F2,Existing,60124,3198412.0
27/7/20,OCEANIA,Shopify,C4,New,95,13149.0
27/7/20,AFRICA,Shopify,C1,New,359,42767.0
27/7/20,EUROPE,Retail,C2,New,2917,111206.0
27/7/20,AFRICA,Retail,null,Guest,1562742,44339163.0
27/7/20,USA,Shopify,F2,Existing,1963,377502.0
27/7/20,USA,Retail,null,Guest,521424,16227305.0
27/7/20,ASIA,Shopify,F2,New,270,31400.0
27/7/20,EUROPE,Retail,C1,New,4424,138468.0
27/7/20,AFRICA,Shopify,F3,Existing,2478,481821.0
27/7/20,SOUTH AMERICA,Shopify,null,New,51,8501.0
27/7/20,AFRICA,Retail,F3,Existing,401123,22325991.0
27/7/20,ASIA,Retail,C3,Existing,243441,10930601.0
27/7/20,ASIA,Shopify,C3,Existing,2009,376313.0
27/7/20,EUROPE,Retail,F3,Existing,18574,1139273.0
27/7/20,USA,Retail,F1,Existing,38680,2155696.0
27/7/20,EUROPE,Shopify,C2,Existing,158,57870.0
27/7/20,EUROPE,Shopify,F3,New,4,488.0
27/7/20,OCEANIA,Retail,F1,Existing,143801,7019414.0
27/7/20,EUROPE,Retail,C3,New,4338,186004.0
27/7/20,SOUTH AMERICA,Retail,C4,New,242,9147.0
27/7/20,SOUTH AMERICA,Shopify,C1,New,23,2815.0
27/7/20,CANADA,Retail,C1,Existing,54937,2227148.0
27/7/20,USA,Retail,F2,New,26087,943932.0
27/7/20,CANADA,Retail,F2,New,16263,561667.0
27/7/20,CANADA,Shopify,C1,New,125,13180.0
27/7/20,SOUTH AMERICA,Shopify,F2,Existing,43,9010.0
27/7/20,OCEANIA,Shopify,C3,Existing,4501,898086.0
27/7/20,OCEANIA,Shopify,null,New,540,79612.0
27/7/20,SOUTH AMERICA,Shopify,C3,New,24,4437.0
27/7/20,CANADA,Shopify,null,Existing,88,14326.0
27/7/20,USA,Retail,C3,Existing,102024,5667340.0
27/7/20,EUROPE,Retail,C4,Existing,5400,292051.0
27/7/20,ASIA,Retail,F1,New,28377,860633.0
27/7/20,USA,Shopify,C1,New,196,24976.0
27/7/20,ASIA,Retail,null,Guest,1899390,47765471.0
27/7/20,OCEANIA,Retail,null,Guest,2418439,62928637.0
27/7/20,EUROPE,Shopify,null,Guest,314,68474.0
27/7/20,AFRICA,Retail,F1,New,21486,744488.0
27/7/20,AFRICA,Retail,F2,Existing,271269,14326523.0
27/7/20,EUROPE,Retail,null,Guest,102236,3572043.0
27/7/20,ASIA,Shopify,F2,Existing,3004,534290.0
27/7/20,USA,Retail,C2,Existing,42647,2078352.0
27/7/20,USA,Shopify,C4,New,27,4561.0
27/7/20,AFRICA,Shopify,null,New,359,57245.0
27/7/20,SOUTH AMERICA,Retail,C3,Existing,1351,65898.0
27/7/20,AFRICA,Retail,F1,Existing,96894,4968515.0
27/7/20,SOUTH AMERICA,Shopify,F2,New,4,693.0
27/7/20,CANADA,Retail,null,Existing,7621,348108.0
27/7/20,ASIA,Shopify,C2,Existing,2226,385205.0
27/7/20,OCEANIA,Shopify,C3,New,590,88599.0
27/7/20,ASIA,Shopify,F1,Existing,2094,345413.0
27/7/20,ASIA,Shopify,C4,New,56,6463.0
27/7/20,OCEANIA,Shopify,F1,Existing,4216,767267.0
27/7/20,EUROPE,Retail,null,Existing,2822,130785.0
27/7/20,ASIA,Retail,C1,New,130668,2816617.0
27/7/20,AFRICA,Shopify,C4,New,74,11402.0
27/7/20,CANADA,Retail,C4,Existing,28751,1434938.0
27/7/20,EUROPE,Shopify,F1,Existing,125,31048.0
27/7/20,ASIA,Shopify,null,New,368,52621.0
27/7/20,EUROPE,Retail,C4,New,1566,71342.0
27/7/20,OCEANIA,Shopify,C1,New,572,67668.0
27/7/20,SOUTH AMERICA,Retail,F3,New,280,8992.0
27/7/20,OCEANIA,Retail,null,Existing,43186,1761105.0
27/7/20,AFRICA,Shopify,C3,New,342,56183.0
27/7/20,CANADA,Shopify,F3,Existing,663,121017.0
27/7/20,AFRICA,Retail,C3,Existing,287543,14525044.0
27/7/20,AFRICA,Retail,F2,New,61133,2081243.0
27/7/20,EUROPE,Shopify,null,Existing,29,7741.0
27/7/20,OCEANIA,Retail,C3,Existing,339391,16292370.0
27/7/20,EUROPE,Shopify,C3,Existing,158,44064.0
27/7/20,USA,Retail,F2,Existing,92982,5238225.0
27/7/20,AFRICA,Shopify,C3,Existing,2626,518203.0
27/7/20,CANADA,Retail,C4,New,11954,381937.0
27/7/20,SOUTH AMERICA,Shopify,C4,Existing,8,1641.0
27/7/20,ASIA,Retail,F2,Existing,216558,10346670.0
27/7/20,USA,Retail,C2,New,26001,902697.0
27/7/20,EUROPE,Shopify,null,New,15,5501.0
27/7/20,ASIA,Retail,F3,Existing,395850,19734091.0
27/7/20,OCEANIA,Retail,F1,New,38081,1216238.0
27/7/20,EUROPE,Shopify,F1,New,4,748.0
27/7/20,ASIA,Shopify,C1,Existing,1349,211344.0
27/7/20,EUROPE,Retail,F3,New,1857,80619.0
27/7/20,SOUTH AMERICA,Shopify,F1,Existing,61,14015.0
27/7/20,ASIA,Retail,C4,Existing,108420,4762558.0
27/7/20,SOUTH AMERICA,Retail,C1,Existing,3180,84123.0
27/7/20,EUROPE,Retail,C2,Existing,9847,479626.0
27/7/20,EUROPE,Shopify,C4,New,2,324.0
27/7/20,SOUTH AMERICA,Retail,null,New,1204,41097.0
27/7/20,CANADA,Shopify,C3,Existing,800,143714.0
27/7/20,ASIA,Shopify,F1,New,218,25143.0
27/7/20,ASIA,Retail,F3,New,83434,2554095.0
27/7/20,CANADA,Shopify,C3,New,102,13259.0
27/7/20,CANADA,Retail,C2,New,14594,465334.0
27/7/20,USA,Retail,C4,New,17721,625767.0
27/7/20,AFRICA,Shopify,C4,Existing,410,74509.0
27/7/20,EUROPE,Retail,null,New,3076,137453.0
27/7/20,EUROPE,Retail,C1,Existing,14583,645839.0
27/7/20,ASIA,Shopify,C1,New,365,36418.0
27/7/20,AFRICA,Retail,C1,New,96687,2404649.0
27/7/20,AFRICA,Retail,C2,Existing,112726,4791080.0
27/7/20,USA,Retail,F3,Existing,140669,8519454.0
27/7/20,USA,Shopify,null,New,165,25411.0
27/7/20,SOUTH AMERICA,Shopify,C2,New,49,7603.0
27/7/20,USA,Shopify,C1,Existing,738,125858.0
27/7/20,CANADA,Shopify,null,New,94,12923.0
27/7/20,ASIA,Retail,C2,Existing,129305,4869206.0
27/7/20,EUROPE,Shopify,C3,New,9,2186.0
27/7/20,OCEANIA,Retail,C4,New,61586,1893294.0
27/7/20,CANADA,Retail,F3,New,17907,626785.0
27/7/20,USA,Shopify,F3,Existing,944,192040.0
27/7/20,ASIA,Retail,F2,New,64697,1952513.0
27/7/20,AFRICA,Shopify,null,Existing,356,64996.0
27/7/20,ASIA,Shopify,C4,Existing,283,50162.0
27/7/20,AFRICA,Shopify,F2,Existing,4804,898969.0
27/7/20,EUROPE,Shopify,F2,Existing,209,43747.0
27/7/20,CANADA,Shopify,F3,New,54,6222.0
27/7/20,OCEANIA,Retail,C1,New,170052,3847398.0
27/7/20,EUROPE,Retail,F2,New,1691,77439.0
27/7/20,ASIA,Shopify,F3,New,134,17729.0
27/7/20,USA,Shopify,C2,Existing,1377,259629.0
27/7/20,OCEANIA,Shopify,F3,Existing,3781,760201.0
27/7/20,ASIA,Shopify,null,Existing,346,61809.0
27/7/20,USA,Retail,C3,New,45258,1717261.0
27/7/20,SOUTH AMERICA,Retail,C3,New,912,34091.0
27/7/20,SOUTH AMERICA,Retail,F1,Existing,762,29196.0
27/7/20,USA,Retail,C1,New,35404,958758.0
27/7/20,SOUTH AMERICA,Retail,C1,New,2402,49717.0
27/7/20,EUROPE,Retail,F1,New,914,38774.0
27/7/20,USA,Shopify,C3,New,189,28001.0
27/7/20,SOUTH AMERICA,Retail,F3,Existing,1262,60902.0
27/7/20,ASIA,Shopify,C2,New,507,61013.0
27/7/20,CANADA,Shopify,null,Guest,1804,273835.0
27/7/20,CANADA,Retail,C3,New,27444,938768.0
27/7/20,SOUTH AMERICA,Shopify,C3,Existing,96,19467.0
27/7/20,EUROPE,Shopify,C4,Existing,22,5460.0
27/7/20,OCEANIA,Shopify,null,Existing,572,110373.0
27/7/20,USA,Retail,null,New,21426,909661.0
27/7/20,USA,Shopify,C4,Existing,156,28437.0
27/7/20,OCEANIA,Shopify,F1,New,367,48699.0
27/7/20,AFRICA,Shopify,C2,Existing,2542,468245.0
27/7/20,EUROPE,Retail,C3,Existing,15934,879849.0
27/7/20,CANADA,Shopify,F1,New,77,10463.0
27/7/20,USA,Retail,C1,Existing,56812,2343529.0
27/7/20,CANADA,Shopify,C2,New,117,13137.0
27/7/20,USA,Shopify,F3,New,55,9224.0
27/7/20,SOUTH AMERICA,Shopify,F3,New,4,683.0
27/7/20,ASIA,Retail,C4,New,48855,1364098.0
27/7/20,OCEANIA,Retail,null,New,78938,2727018.0
27/7/20,CANADA,Retail,C1,New,29792,758731.0
27/7/20,SOUTH AMERICA,Retail,F2,Existing,1197,60228.0
27/7/20,USA,Shopify,F2,New,158,21978.0
27/7/20,CANADA,Shopify,F1,Existing,785,127328.0
27/7/20,AFRICA,Retail,null,New,55976,2197117.0
27/7/20,ASIA,Retail,C1,Existing,184392,6082257.0
27/7/20,SOUTH AMERICA,Shopify,F1,New,9,1557.0
27/7/20,SOUTH AMERICA,Shopify,C1,Existing,68,11557.0
27/7/20,OCEANIA,Shopify,C4,Existing,684,121037.0
27/7/20,CANADA,Retail,C3,Existing,61349,3114811.0
27/7/20,OCEANIA,Shopify,F2,New,421,58713.0
27/7/20,OCEANIA,Retail,F3,New,104690,3502848.0
27/7/20,USA,Shopify,null,Existing,167,34815.0
27/7/20,USA,Retail,C4,Existing,40834,2196724.0
27/7/20,SOUTH AMERICA,Retail,C4,Existing,350,15777.0
27/7/20,USA,Shopify,C2,New,294,45882.0
27/7/20,CANADA,Shopify,F2,Existing,1439,256948.0
27/7/20,CANADA,Retail,null,New,14013,541837.0
27/7/20,SOUTH AMERICA,Shopify,null,Existing,2,518.0
27/7/20,ASIA,Shopify,null,Guest,6149,956986.0
27/7/20,ASIA,Retail,C2,New,84664,2177934.0
27/7/20,SOUTH AMERICA,Retail,null,Existing,251,7819.0
27/7/20,AFRICA,Shopify,F1,New,199,26901.0
27/7/20,OCEANIA,Shopify,C2,New,811,115041.0
27/7/20,USA,Shopify,F1,New,122,17763.0
27/7/20,ASIA,Shopify,F3,Existing,1915,363721.0
27/7/20,ASIA,Retail,null,Existing,32986,1294690.0
27/7/20,SOUTH AMERICA,Shopify,null,Guest,2253,402254.0
27/7/20,AFRICA,Retail,F3,New,66818,2352527.0
27/7/20,OCEANIA,Retail,C1,Existing,254183,8996748.0
27/7/20,SOUTH AMERICA,Retail,F1,New,289,9475.0
27/7/20,SOUTH AMERICA,Retail,F2,New,374,13271.0
27/7/20,USA,Shopify,C3,Existing,1349,276061.0
27/7/20,CANADA,Retail,F3,Existing,91992,5148958.0
27/7/20,AFRICA,Retail,C4,New,46614,1565232.0
27/7/20,AFRICA,Retail,null,Existing,33343,1423505.0
27/7/20,CANADA,Retail,C2,Existing,23254,994755.0
27/7/20,AFRICA,Shopify,C1,Existing,1732,267554.0
27/7/20,CANADA,Shopify,C2,Existing,698,119940.0
27/7/20,AFRICA,Shopify,F1,Existing,2624,459215.0
27/7/20,OCEANIA,Shopify,F2,Existing,6522,1252642.0
27/7/20,CANADA,Retail,F1,Existing,23648,1231092.0
27/7/20,EUROPE,Retail,F2,Existing,13971,828615.0
27/7/20,EUROPE,Shopify,C1,Existing,90,18496.0
27/7/20,OCEANIA,Retail,C3,New,147928,4704044.0
27/7/20,AFRICA,Shopify,F3,New,111,15121.0
27/7/20,AFRICA,Retail,C3,New,109086,3843472.0
27/7/20,ASIA,Retail,C3,New,115817,3469437.0
27/7/20,OCEANIA,Retail,C2,New,107354,2863258.0
27/7/20,USA,Retail,F1,New,10703,406531.0
27/7/20,EUROPE,Shopify,C2,New,13,1737.0
27/7/20,USA,Retail,F3,New,26599,1013638.0
27/7/20,OCEANIA,Shopify,C2,Existing,4285,796270.0
27/7/20,OCEANIA,Shopify,F3,New,208,28367.0
27/7/20,EUROPE,Shopify,C1,New,11,1660.0
27/7/20,OCEANIA,Shopify,null,Guest,10979,1875528.0
27/7/20,ASIA,Retail,F1,Existing,93031,4311948.0
27/7/20,AFRICA,Retail,C2,New,56886,1736775.0
27/7/20,SOUTH AMERICA,Shopify,C2,Existing,128,23958.0
27/7/20,SOUTH AMERICA,Retail,C2,New,927,28610.0
27/7/20,OCEANIA,Shopify,C1,Existing,2707,456758.0
27/7/20,SOUTH AMERICA,Shopify,F3,Existing,26,5975.0
27/7/20,AFRICA,Shopify,C2,New,427,58978.0
27/7/20,OCEANIA,Retail,F2,Existing,340535,17459996.0
27/7/20,ASIA,Shopify,C3,New,322,45183.0
27/7/20,AFRICA,Retail,C4,Existing,120677,6100395.0
27/7/20,ASIA,Retail,null,New,63334,2115366.0
27/7/20,EUROPE,Retail,F1,Existing,6653,377163.0
27/7/20,AFRICA,Shopify,null,Guest,5926,987749.0
27/7/20,CANADA,Shopify,F2,New,108,14741.0
27/7/20,OCEANIA,Retail,C4,Existing,151108,7362940.0
27/7/20,CANADA,Shopify,C1,Existing,611,93430.0
27/7/20,USA,Retail,null,Existing,12803,621920.0
27/7/20,SOUTH AMERICA,Retail,null,Guest,401841,16151906.0
27/7/20,OCEANIA,Retail,C2,Existing,167538,6383831.0
27/7/20,AFRICA,Retail,C1,Existing,183954,6745388.0
27/7/20,USA,Shopify,null,Guest,2586,451063.0
20/7/20,SOUTH AMERICA,Retail,F1,Existing,751,30585.0
20/7/20,CANADA,Retail,C1,New,29858,765236.0
20/7/20,SOUTH AMERICA,Shopify,C4,New,3,535.0
20/7/20,CANADA,Retail,C3,Existing,61969,3159999.0
20/7/20,ASIA,Shopify,null,Guest,5799,958916.0
20/7/20,CANADA,Shopify,F1,Existing,792,133491.0
20/7/20,USA,Shopify,F2,New,141,22310.0
20/7/20,AFRICA,Retail,F3,Existing,403961,22455922.0
20/7/20,EUROPE,Shopify,C2,Existing,173,43528.0
20/7/20,ASIA,Shopify,F2,Existing,2991,548945.0
20/7/20,AFRICA,Shopify,C2,Existing,2492,466447.0
20/7/20,USA,Retail,F3,Existing,142889,8660088.0
20/7/20,OCEANIA,Retail,C3,New,148131,4752004.0
20/7/20,EUROPE,Shopify,F1,New,6,648.0
20/7/20,CANADA,Retail,F1,Existing,24053,1247948.0
20/7/20,CANADA,Retail,null,Existing,6739,301315.0
20/7/20,OCEANIA,Shopify,C3,New,586,90978.0
20/7/20,CANADA,Shopify,null,New,104,17126.0
20/7/20,CANADA,Retail,null,Guest,390616,10895245.0
20/7/20,SOUTH AMERICA,Retail,F1,New,250,9205.0
20/7/20,SOUTH AMERICA,Retail,F2,New,490,16808.0
20/7/20,SOUTH AMERICA,Shopify,C1,New,16,2387.0
20/7/20,OCEANIA,Retail,F1,Existing,145700,7137877.0
20/7/20,USA,Retail,C3,New,44630,1683788.0
20/7/20,CANADA,Shopify,C4,New,18,2340.0
20/7/20,EUROPE,Retail,F3,New,1977,90453.0
20/7/20,ASIA,Shopify,F3,Existing,1962,363052.0
20/7/20,OCEANIA,Shopify,F1,New,319,47791.0
20/7/20,USA,Shopify,C4,New,37,4941.0
20/7/20,OCEANIA,Retail,C4,New,62485,1919562.0
20/7/20,CANADA,Shopify,C1,New,103,13052.0
20/7/20,OCEANIA,Shopify,F3,Existing,3895,808511.0
20/7/20,USA,Retail,F1,New,10989,417392.0
20/7/20,EUROPE,Shopify,C2,New,13,2339.0
20/7/20,SOUTH AMERICA,Shopify,F3,New,1,321.0
20/7/20,USA,Retail,F2,Existing,94991,5427473.0
20/7/20,ASIA,Retail,null,Guest,1899728,47972511.0
20/7/20,AFRICA,Retail,F1,New,21499,747028.0
20/7/20,SOUTH AMERICA,Retail,null,Guest,399140,16304351.0
20/7/20,OCEANIA,Retail,C2,Existing,168889,6478915.0
20/7/20,USA,Retail,F1,Existing,39769,2221054.0
20/7/20,AFRICA,Retail,F1,Existing,98215,5112601.0
20/7/20,ASIA,Retail,C3,New,116741,3496953.0
20/7/20,SOUTH AMERICA,Retail,F3,Existing,1464,74015.0
20/7/20,CANADA,Shopify,C2,New,132,16391.0
20/7/20,AFRICA,Retail,C4,New,46708,1555754.0
20/7/20,AFRICA,Shopify,null,New,360,55762.0
20/7/20,CANADA,Shopify,C1,Existing,566,85120.0
20/7/20,ASIA,Retail,C3,Existing,244576,10928664.0
20/7/20,ASIA,Shopify,F1,Existing,2104,357691.0
20/7/20,SOUTH AMERICA,Retail,C4,New,254,10487.0
20/7/20,USA,Shopify,null,New,157,25173.0
20/7/20,AFRICA,Shopify,C1,New,286,33904.0
20/7/20,ASIA,Shopify,C4,Existing,304,50749.0
20/7/20,CANADA,Retail,C1,Existing,55690,2261549.0
20/7/20,SOUTH AMERICA,Shopify,C2,Existing,138,26800.0
20/7/20,OCEANIA,Retail,C3,Existing,342565,16500877.0
20/7/20,EUROPE,Shopify,C3,Existing,174,57555.0
20/7/20,CANADA,Shopify,F2,Existing,1349,245938.0
20/7/20,USA,Retail,null,Guest,527246,16421119.0
20/7/20,EUROPE,Retail,null,Existing,2589,126640.0
20/7/20,AFRICA,Retail,C2,Existing,112937,4795261.0
20/7/20,AFRICA,Shopify,C4,New,66,9306.0
20/7/20,ASIA,Retail,C2,Existing,129606,4870216.0
20/7/20,EUROPE,Shopify,C3,New,17,2759.0
20/7/20,OCEANIA,Shopify,F2,Existing,6611,1294153.0
20/7/20,USA,Retail,F2,New,26523,972506.0
20/7/20,USA,Shopify,C1,New,177,22746.0
20/7/20,EUROPE,Shopify,C1,Existing,108,22396.0
20/7/20,EUROPE,Retail,C2,Existing,9955,499512.0
20/7/20,EUROPE,Shopify,F1,Existing,133,28133.0
20/7/20,USA,Retail,C1,New,35843,981310.0
20/7/20,CANADA,Shopify,null,Guest,1662,262802.0
20/7/20,AFRICA,Shopify,F3,New,119,17623.0
20/7/20,ASIA,Retail,null,New,60705,2028159.0
20/7/20,ASIA,Retail,F2,Existing,219617,10573661.0
20/7/20,ASIA,Shopify,C1,Existing,1295,203596.0
20/7/20,ASIA,Shopify,C4,New,48,6437.0
20/7/20,OCEANIA,Shopify,null,Guest,10478,1833024.0
20/7/20,AFRICA,Retail,F3,New,66305,2342177.0
20/7/20,CANADA,Retail,F2,New,16791,587888.0
20/7/20,SOUTH AMERICA,Retail,F2,Existing,1341,61697.0
20/7/20,AFRICA,Shopify,C3,New,333,51862.0
20/7/20,ASIA,Retail,F1,Existing,93579,4365281.0
20/7/20,AFRICA,Retail,F2,New,61379,2123835.0
20/7/20,OCEANIA,Retail,C1,New,168697,3829214.0
20/7/20,EUROPE,Shopify,C1,New,12,2814.0
20/7/20,AFRICA,Retail,C3,Existing,288221,14519356.0
20/7/20,ASIA,Retail,F2,New,65432,2006512.0
20/7/20,USA,Shopify,F1,New,127,19444.0
20/7/20,SOUTH AMERICA,Shopify,F1,New,13,2628.0
20/7/20,ASIA,Shopify,F2,New,238,30479.0
20/7/20,EUROPE,Retail,null,New,2897,130422.0
20/7/20,AFRICA,Shopify,F1,Existing,2627,468073.0
20/7/20,ASIA,Retail,C1,Existing,184961,6109826.0
20/7/20,AFRICA,Retail,C1,New,97115,2405671.0
20/7/20,ASIA,Shopify,null,Existing,299,53982.0
20/7/20,USA,Shopify,C2,Existing,1362,255741.0
20/7/20,CANADA,Shopify,F2,New,100,14549.0
20/7/20,SOUTH AMERICA,Shopify,F2,Existing,33,6543.0
20/7/20,OCEANIA,Retail,F1,New,38806,1256163.0
20/7/20,ASIA,Retail,F3,Existing,399332,19892631.0
20/7/20,SOUTH AMERICA,Shopify,C4,Existing,8,1541.0
20/7/20,EUROPE,Shopify,F2,Existing,235,50526.0
20/7/20,USA,Shopify,F3,New,53,7925.0
20/7/20,OCEANIA,Retail,F2,New,85243,2810528.0
20/7/20,OCEANIA,Shopify,C1,New,510,61889.0
20/7/20,EUROPE,Shopify,F2,New,6,711.0
20/7/20,EUROPE,Retail,C3,Existing,15943,901515.0
20/7/20,ASIA,Shopify,F3,New,132,18424.0
20/7/20,AFRICA,Retail,null,Guest,1556709,44121039.0
20/7/20,USA,Shopify,F2,Existing,2011,385373.0
20/7/20,USA,Shopify,C3,New,182,28481.0
20/7/20,EUROPE,Shopify,null,Existing,28,7894.0
20/7/20,USA,Retail,null,New,20817,881857.0
20/7/20,ASIA,Retail,F1,New,28846,900625.0
20/7/20,USA,Retail,null,Existing,11654,574668.0
20/7/20,ASIA,Shopify,C3,New,324,48582.0
20/7/20,AFRICA,Retail,C3,New,108595,3781770.0
20/7/20,SOUTH AMERICA,Shopify,C2,New,54,8183.0
20/7/20,AFRICA,Shopify,F2,Existing,4727,900090.0
20/7/20,ASIA,Shopify,C1,New,324,34344.0
20/7/20,OCEANIA,Shopify,C3,Existing,4580,913548.0
20/7/20,USA,Retail,C3,Existing,103326,5766441.0
20/7/20,USA,Shopify,null,Guest,2592,455358.0
20/7/20,EUROPE,Retail,C4,Existing,5525,302831.0
20/7/20,CANADA,Retail,C4,New,12210,391534.0
20/7/20,AFRICA,Shopify,F3,Existing,2445,491853.0
20/7/20,AFRICA,Retail,null,Existing,30196,1305104.0
20/7/20,EUROPE,Retail,F2,New,1717,76690.0
20/7/20,SOUTH AMERICA,Retail,null,New,1170,44311.0
20/7/20,CANADA,Retail,C2,New,14538,455505.0
20/7/20,EUROPE,Retail,F1,New,907,37911.0
20/7/20,ASIA,Retail,C4,New,49765,1413519.0
20/7/20,EUROPE,Retail,C3,New,4432,192113.0
20/7/20,SOUTH AMERICA,Shopify,F2,New,6,599.0
20/7/20,ASIA,Retail,C4,Existing,109828,4803614.0
20/7/20,SOUTH AMERICA,Retail,C1,Existing,3128,86532.0
20/7/20,ASIA,Shopify,C2,New,473,59062.0
20/7/20,CANADA,Retail,null,New,13044,514992.0
20/7/20,OCEANIA,Shopify,F2,New,442,65445.0
20/7/20,ASIA,Shopify,C2,Existing,2249,393626.0
20/7/20,EUROPE,Retail,C2,New,2921,114339.0
20/7/20,SOUTH AMERICA,Retail,C3,Existing,1409,65844.0
20/7/20,EUROPE,Shopify,null,Guest,333,87400.0
20/7/20,AFRICA,Retail,C2,New,56502,1715278.0
20/7/20,SOUTH AMERICA,Retail,C2,New,962,29964.0
20/7/20,AFRICA,Shopify,C1,Existing,1661,262746.0
20/7/20,CANADA,Shopify,F3,Existing,701,131032.0
20/7/20,EUROPE,Retail,F2,Existing,14282,898406.0
20/7/20,USA,Shopify,C3,Existing,1495,315154.0
20/7/20,SOUTH AMERICA,Shopify,C3,Existing,98,19477.0
20/7/20,CANADA,Shopify,null,Existing,83,13028.0
20/7/20,SOUTH AMERICA,Retail,null,Existing,157,6046.0
20/7/20,SOUTH AMERICA,Shopify,C1,Existing,69,11678.0
20/7/20,AFRICA,Shopify,C2,New,401,54568.0
20/7/20,USA,Retail,C4,New,17848,630502.0
20/7/20,OCEANIA,Shopify,F3,New,207,29543.0
20/7/20,CANADA,Retail,F2,Existing,60672,3213486.0
20/7/20,SOUTH AMERICA,Retail,F3,New,319,11698.0
20/7/20,OCEANIA,Shopify,C1,Existing,2657,450393.0
20/7/20,SOUTH AMERICA,Shopify,F3,Existing,30,6650.0
20/7/20,SOUTH AMERICA,Shopify,null,New,47,7401.0
20/7/20,CANADA,Shopify,C3,New,111,15325.0
20/7/20,EUROPE,Retail,null,Guest,102644,3684970.0
20/7/20,SOUTH AMERICA,Shopify,F1,Existing,71,15964.0
20/7/20,SOUTH AMERICA,Retail,C2,Existing,965,38296.0
20/7/20,CANADA,Retail,C2,Existing,23244,988683.0
20/7/20,SOUTH AMERICA,Retail,C1,New,2451,51488.0
20/7/20,SOUTH AMERICA,Retail,C4,Existing,353,16866.0
20/7/20,CANADA,Shopify,C4,Existing,107,20881.0
20/7/20,EUROPE,Retail,C4,New,1685,72445.0
20/7/20,SOUTH AMERICA,Retail,C3,New,948,36563.0
20/7/20,EUROPE,Shopify,null,New,11,3660.0
20/7/20,OCEANIA,Shopify,C2,Existing,4430,838393.0
20/7/20,USA,Shopify,F1,Existing,1355,250899.0
20/7/20,EUROPE,Shopify,F3,Existing,117,28946.0
20/7/20,USA,Shopify,C1,Existing,777,126503.0
20/7/20,USA,Shopify,C4,Existing,161,28783.0
20/7/20,AFRICA,Shopify,F2,New,281,42955.0
20/7/20,CANADA,Retail,F3,Existing,92781,5186278.0
20/7/20,AFRICA,Shopify,null,Guest,5577,954335.0
20/7/20,USA,Retail,C1,Existing,57357,2379963.0
20/7/20,OCEANIA,Shopify,C4,Existing,664,118008.0
20/7/20,CANADA,Shopify,C3,Existing,859,157675.0
20/7/20,AFRICA,Retail,null,New,53355,2090463.0
20/7/20,AFRICA,Shopify,F1,New,190,29267.0
20/7/20,EUROPE,Retail,F1,Existing,6942,408602.0
20/7/20,USA,Retail,F3,New,26934,1037553.0
20/7/20,OCEANIA,Shopify,F1,Existing,4151,759300.0
20/7/20,OCEANIA,Shopify,null,Existing,525,100530.0
20/7/20,OCEANIA,Retail,C4,Existing,153684,7433604.0
20/7/20,CANADA,Retail,C3,New,27524,942427.0
20/7/20,EUROPE,Shopify,C4,Existing,25,5092.0
20/7/20,OCEANIA,Retail,null,Existing,38245,1567314.0
20/7/20,ASIA,Retail,F3,New,83509,2561268.0
20/7/20,ASIA,Retail,C2,New,84760,2191069.0
20/7/20,USA,Shopify,C2,New,264,45739.0
20/7/20,AFRICA,Retail,C1,Existing,185960,6836676.0
20/7/20,ASIA,Shopify,C3,Existing,2071,404284.0
20/7/20,ASIA,Retail,C1,New,130249,2829983.0
20/7/20,EUROPE,Retail,C1,New,4503,138830.0
20/7/20,CANADA,Retail,F1,New,6249,218584.0
20/7/20,EUROPE,Shopify,F3,New,4,764.0
20/7/20,AFRICA,Retail,F2,Existing,275050,14689469.0
20/7/20,USA,Retail,C2,New,25856,901385.0
20/7/20,SOUTH AMERICA,Shopify,null,Existing,1,142.0
20/7/20,EUROPE,Retail,F3,Existing,18807,1178759.0
20/7/20,AFRICA,Retail,C4,Existing,121033,6082823.0
20/7/20,OCEANIA,Retail,F3,New,104611,3493943.0
20/7/20,OCEANIA,Retail,null,New,75459,2610325.0
20/7/20,CANADA,Retail,F3,New,18018,634416.0
20/7/20,ASIA,Shopify,null,New,341,51774.0
20/7/20,AFRICA,Shopify,C4,Existing,416,76985.0
20/7/20,CANADA,Shopify,C2,Existing,762,130177.0
20/7/20,ASIA,Shopify,F1,New,199,25035.0
20/7/20,OCEANIA,Retail,F2,Existing,345719,17956144.0
20/7/20,OCEANIA,Retail,C2,New,108042,2900766.0
20/7/20,CANADA,Retail,C4,Existing,28874,1419658.0
20/7/20,USA,Retail,C4,Existing,41248,2218243.0
20/7/20,OCEANIA,Retail,null,Guest,2418504,63336353.0
20/7/20,SOUTH AMERICA,Shopify,C3,New,25,3511.0
20/7/20,EUROPE,Shopify,C4,New,1,406.0
20/7/20,OCEANIA,Shopify,null,New,525,83884.0
20/7/20,CANADA,Shopify,F3,New,38,5886.0
20/7/20,OCEANIA,Shopify,C2,New,789,112544.0
20/7/20,OCEANIA,Shopify,C4,New,96,12960.0
20/7/20,EUROPE,Retail,C1,Existing,15098,680965.0
20/7/20,AFRICA,Shopify,null,Existing,283,51745.0
20/7/20,USA,Shopify,null,Existing,160,31243.0
20/7/20,USA,Shopify,F3,Existing,996,203880.0
20/7/20,OCEANIA,Retail,F3,Existing,550341,30028424.0
20/7/20,ASIA,Retail,null,Existing,29177,1150712.0
20/7/20,OCEANIA,Retail,C1,Existing,255770,9117643.0
20/7/20,CANADA,Shopify,F1,New,57,7501.0
20/7/20,USA,Retail,C2,Existing,43247,2104602.0
20/7/20,AFRICA,Shopify,C3,Existing,2680,531587.0
20/7/20,SOUTH AMERICA,Shopify,null,Guest,2085,383264.0
13/7/20,OCEANIA,Shopify,C1,New,395,48791.0
13/7/20,USA,Shopify,C4,Existing,167,30885.0
13/7/20,CANADA,Shopify,C2,Existing,703,120331.0
13/7/20,ASIA,Shopify,C1,New,231,30243.0
13/7/20,CANADA,Shopify,C2,New,96,14192.0
13/7/20,AFRICA,Shopify,C1,Existing,1557,247610.0
13/7/20,USA,Shopify,F3,New,36,7170.0
13/7/20,AFRICA,Shopify,C1,New,248,30552.0
13/7/20,USA,Retail,C2,New,25914,869174.0
13/7/20,SOUTH AMERICA,Retail,C2,New,864,25065.0
13/7/20,SOUTH AMERICA,Shopify,null,Guest,2040,382504.0
13/7/20,ASIA,Retail,F2,Existing,225483,11076975.0
13/7/20,ASIA,Shopify,C3,New,240,36246.0
13/7/20,CANADA,Shopify,C3,Existing,809,148571.0
13/7/20,SOUTH AMERICA,Retail,C1,Existing,3144,87265.0
13/7/20,OCEANIA,Shopify,C1,Existing,2638,454018.0
13/7/20,EUROPE,Shopify,F2,Existing,206,46406.0
13/7/20,CANADA,Retail,C1,Existing,56403,2339853.0
13/7/20,OCEANIA,Shopify,C2,New,623,96182.0
13/7/20,USA,Shopify,F1,New,85,13601.0
13/7/20,CANADA,Retail,F3,New,17528,610452.0
13/7/20,SOUTH AMERICA,Shopify,F3,Existing,27,6339.0
13/7/20,OCEANIA,Shopify,F2,Existing,6482,1297733.0
13/7/20,CANADA,Shopify,C1,Existing,563,88441.0
13/7/20,ASIA,Shopify,F3,New,102,16202.0
13/7/20,USA,Retail,F2,Existing,97479,5634892.0
13/7/20,USA,Retail,C4,Existing,41992,2271620.0
13/7/20,USA,Shopify,C2,New,209,45008.0
13/7/20,CANADA,Retail,null,New,13198,534888.0
13/7/20,USA,Shopify,null,Existing,147,31710.0
13/7/20,AFRICA,Shopify,null,New,324,53306.0
13/7/20,ASIA,Shopify,C1,Existing,1279,208790.0
13/7/20,CANADA,Shopify,null,Guest,1566,261616.0
13/7/20,AFRICA,Shopify,C2,New,333,49934.0
13/7/20,CANADA,Retail,C2,Existing,23646,1030211.0
13/7/20,EUROPE,Retail,F2,New,1723,77172.0
13/7/20,AFRICA,Retail,F3,New,65707,2293030.0
13/7/20,SOUTH AMERICA,Shopify,F3,New,2,262.0
13/7/20,ASIA,Retail,C3,New,115487,3438800.0
13/7/20,SOUTH AMERICA,Retail,C1,New,2421,51812.0
13/7/20,OCEANIA,Retail,F1,Existing,146577,7366350.0
13/7/20,USA,Shopify,null,Guest,2416,427409.0
13/7/20,ASIA,Shopify,C2,New,367,53782.0
13/7/20,AFRICA,Retail,C4,New,46126,1537432.0
13/7/20,OCEANIA,Retail,C1,Existing,256983,9184537.0
13/7/20,EUROPE,Retail,F2,Existing,14544,904637.0
13/7/20,EUROPE,Shopify,C4,New,1,99.0
13/7/20,SOUTH AMERICA,Shopify,null,Existing,2,628.0
13/7/20,EUROPE,Retail,C1,New,4584,138829.0
13/7/20,AFRICA,Retail,C2,New,56401,1705837.0
13/7/20,OCEANIA,Shopify,null,Guest,9945,1777046.0
13/7/20,SOUTH AMERICA,Retail,null,Guest,394544,16237365.0
13/7/20,ASIA,Shopify,F2,New,182,27111.0
13/7/20,SOUTH AMERICA,Shopify,F1,Existing,62,15086.0
13/7/20,CANADA,Retail,F1,New,6233,225735.0
13/7/20,OCEANIA,Shopify,C3,New,512,82911.0
13/7/20,CANADA,Retail,null,Existing,5987,276727.0
13/7/20,SOUTH AMERICA,Retail,C3,New,866,32885.0
13/7/20,USA,Retail,C1,New,35213,927603.0
13/7/20,OCEANIA,Shopify,C4,Existing,698,127850.0
13/7/20,CANADA,Shopify,C3,New,73,10187.0
13/7/20,EUROPE,Retail,C2,Existing,9986,484385.0
13/7/20,ASIA,Retail,null,New,58675,1992524.0
13/7/20,AFRICA,Retail,C4,Existing,123182,6286942.0
13/7/20,EUROPE,Retail,F1,Existing,6950,402486.0
13/7/20,ASIA,Shopify,F1,New,141,18989.0
13/7/20,CANADA,Retail,C4,Existing,29631,1467152.0
13/7/20,USA,Retail,F3,New,26155,973799.0
13/7/20,SOUTH AMERICA,Retail,F1,New,239,8925.0
13/7/20,EUROPE,Shopify,C2,New,15,2788.0
13/7/20,SOUTH AMERICA,Retail,F3,Existing,1311,69461.0
13/7/20,USA,Shopify,C3,New,171,26225.0
13/7/20,AFRICA,Retail,C1,Existing,189344,7021479.0
13/7/20,OCEANIA,Retail,C4,Existing,154970,7596305.0
13/7/20,USA,Shopify,C3,Existing,1369,287330.0
13/7/20,EUROPE,Shopify,C4,Existing,24,6044.0
13/7/20,USA,Retail,null,Existing,11018,548145.0
13/7/20,CANADA,Shopify,C4,Existing,112,21431.0
13/7/20,AFRICA,Shopify,C3,New,265,42355.0
13/7/20,ASIA,Shopify,C2,Existing,2240,397661.0
13/7/20,CANADA,Retail,C3,Existing,62999,3208705.0
13/7/20,CANADA,Retail,null,Guest,386267,11018161.0
13/7/20,AFRICA,Shopify,null,Guest,5475,957155.0
13/7/20,OCEANIA,Shopify,F1,Existing,4148,778485.0
13/7/20,USA,Retail,F1,Existing,40791,2327655.0
13/7/20,SOUTH AMERICA,Retail,F1,Existing,780,32639.0
13/7/20,EUROPE,Shopify,C2,Existing,168,44500.0
13/7/20,EUROPE,Retail,C3,Existing,16467,900277.0
13/7/20,OCEANIA,Retail,C1,New,163943,3663206.0
13/7/20,EUROPE,Shopify,C1,New,13,2071.0
13/7/20,CANADA,Shopify,null,Existing,92,15152.0
13/7/20,ASIA,Retail,C4,Existing,111944,4939910.0
13/7/20,AFRICA,Retail,null,Existing,28394,1242031.0
13/7/20,OCEANIA,Retail,null,New,71098,2508549.0
13/7/20,EUROPE,Shopify,null,New,11,3949.0
13/7/20,ASIA,Retail,F3,Existing,405264,20451621.0
13/7/20,OCEANIA,Retail,F1,New,37699,1218901.0
13/7/20,AFRICA,Shopify,C4,Existing,404,78140.0
13/7/20,OCEANIA,Shopify,F3,Existing,3655,758975.0
13/7/20,ASIA,Shopify,null,Existing,313,59903.0
13/7/20,AFRICA,Retail,null,Guest,1560736,44802868.0
13/7/20,OCEANIA,Retail,F2,Existing,341524,18450930.0
13/7/20,AFRICA,Retail,F3,Existing,411666,23167749.0
13/7/20,AFRICA,Shopify,F2,Existing,4747,924179.0
13/7/20,OCEANIA,Shopify,null,New,429,76284.0
13/7/20,OCEANIA,Retail,C4,New,61033,1845511.0
13/7/20,SOUTH AMERICA,Shopify,C4,New,5,646.0
13/7/20,CANADA,Shopify,null,New,73,9935.0
13/7/20,AFRICA,Retail,null,New,51891,2062235.0
13/7/20,ASIA,Retail,C1,Existing,186732,6201048.0
13/7/20,OCEANIA,Retail,C2,Existing,170176,6523810.0
13/7/20,CANADA,Retail,C4,New,12175,395622.0
13/7/20,SOUTH AMERICA,Shopify,C4,Existing,7,1431.0
13/7/20,AFRICA,Shopify,F3,New,85,12426.0
13/7/20,CANADA,Shopify,F2,New,84,13157.0
13/7/20,OCEANIA,Retail,C3,New,144348,4545904.0
13/7/20,EUROPE,Shopify,C3,New,10,2302.0
13/7/20,AFRICA,Retail,C1,New,97163,2412479.0
13/7/20,EUROPE,Retail,F3,Existing,19105,1171916.0
13/7/20,ASIA,Retail,F2,New,65303,2022224.0
13/7/20,ASIA,Retail,C2,Existing,132043,5019353.0
13/7/20,ASIA,Shopify,C4,New,45,6230.0
13/7/20,SOUTH AMERICA,Shopify,C1,New,15,2076.0
13/7/20,AFRICA,Shopify,F1,Existing,2560,465865.0
13/7/20,CANADA,Retail,C3,New,27462,943502.0
13/7/20,SOUTH AMERICA,Shopify,C3,Existing,100,20398.0
13/7/20,SOUTH AMERICA,Shopify,C3,New,21,2809.0
13/7/20,CANADA,Shopify,F1,Existing,761,128777.0
13/7/20,OCEANIA,Shopify,null,Existing,480,95696.0
13/7/20,USA,Retail,C1,Existing,58471,2428237.0
13/7/20,SOUTH AMERICA,Shopify,F2,New,6,810.0
13/7/20,SOUTH AMERICA,Shopify,F1,New,6,951.0
13/7/20,USA,Shopify,F3,Existing,983,203721.0
13/7/20,EUROPE,Retail,C4,New,1635,66542.0
13/7/20,ASIA,Shopify,C4,Existing,270,51253.0
13/7/20,CANADA,Shopify,F3,Existing,625,121988.0
13/7/20,USA,Retail,F3,Existing,144613,8718318.0
13/7/20,ASIA,Retail,C3,Existing,249602,11278570.0
13/7/20,EUROPE,Retail,null,New,2973,134366.0
13/7/20,EUROPE,Retail,C2,New,2817,104778.0
13/7/20,EUROPE,Shopify,null,Existing,21,5037.0
13/7/20,USA,Retail,C3,Existing,105887,5907907.0
13/7/20,CANADA,Retail,F2,New,17077,621486.0
13/7/20,USA,Shopify,F2,Existing,2000,396651.0
13/7/20,SOUTH AMERICA,Shopify,F2,Existing,32,7526.0
13/7/20,EUROPE,Retail,C1,Existing,15331,671849.0
13/7/20,AFRICA,Shopify,F3,Existing,2373,485832.0
13/7/20,ASIA,Retail,F3,New,82084,2507560.0
13/7/20,CANADA,Retail,C2,New,14654,487888.0
13/7/20,OCEANIA,Retail,null,Guest,2389737,63001301.0
13/7/20,EUROPE,Retail,F1,New,894,37420.0
13/7/20,ASIA,Retail,null,Existing,27058,1095973.0
13/7/20,SOUTH AMERICA,Retail,C4,Existing,355,16777.0
13/7/20,AFRICA,Retail,F2,Existing,283477,15425208.0
13/7/20,ASIA,Shopify,C3,Existing,2066,395280.0
13/7/20,USA,Retail,C3,New,44846,1681668.0
13/7/20,ASIA,Retail,C1,New,126455,2730242.0
13/7/20,USA,Shopify,C1,New,145,17859.0
13/7/20,SOUTH AMERICA,Retail,F2,New,397,15809.0
13/7/20,AFRICA,Shopify,F2,New,234,37446.0
13/7/20,ASIA,Retail,C2,New,84484,2175831.0
13/7/20,SOUTH AMERICA,Retail,null,Existing,154,5827.0
13/7/20,USA,Shopify,C2,Existing,1353,255907.0
13/7/20,CANADA,Shopify,F1,New,60,8846.0
13/7/20,EUROPE,Shopify,F3,Existing,121,27834.0
13/7/20,CANADA,Retail,F2,Existing,60570,3419492.0
13/7/20,EUROPE,Shopify,F1,New,6,888.0
13/7/20,OCEANIA,Shopify,C4,New,88,13327.0
13/7/20,CANADA,Shopify,F2,Existing,1385,265155.0
13/7/20,EUROPE,Shopify,F3,New,2,411.0
13/7/20,CANADA,Shopify,C4,New,18,2891.0
13/7/20,USA,Retail,C2,Existing,44366,2220667.0
13/7/20,SOUTH AMERICA,Retail,C2,Existing,999,38172.0
13/7/20,OCEANIA,Shopify,F2,New,359,60346.0
13/7/20,OCEANIA,Shopify,F3,New,170,29702.0
13/7/20,SOUTH AMERICA,Shopify,C2,Existing,139,25941.0
13/7/20,SOUTH AMERICA,Retail,F3,New,273,9451.0
13/7/20,EUROPE,Shopify,F2,New,12,4967.0
13/7/20,SOUTH AMERICA,Retail,C4,New,218,8528.0
13/7/20,OCEANIA,Retail,C2,New,105907,2793023.0
13/7/20,USA,Retail,F1,New,10859,415888.0
13/7/20,SOUTH AMERICA,Shopify,null,New,32,5405.0
13/7/20,EUROPE,Retail,F3,New,1797,72072.0
13/7/20,ASIA,Shopify,F1,Existing,2050,355457.0
13/7/20,ASIA,Shopify,F3,Existing,1842,363221.0
13/7/20,OCEANIA,Shopify,F1,New,239,36995.0
13/7/20,AFRICA,Shopify,null,Existing,301,55928.0
13/7/20,SOUTH AMERICA,Shopify,C2,New,39,7204.0
13/7/20,EUROPE,Retail,null,Guest,102553,3613209.0
13/7/20,CANADA,Shopify,F3,New,32,4452.0
13/7/20,OCEANIA,Retail,F3,Existing,544718,29869624.0
13/7/20,EUROPE,Shopify,C1,Existing,104,24277.0
13/7/20,AFRICA,Shopify,C4,New,47,7162.0
13/7/20,AFRICA,Retail,F2,New,61945,2164852.0
13/7/20,USA,Shopify,C4,New,22,3383.0
13/7/20,AFRICA,Retail,C3,New,108345,3764621.0
13/7/20,AFRICA,Shopify,C2,Existing,2483,466244.0
13/7/20,OCEANIA,Retail,F2,New,83671,2813286.0
13/7/20,AFRICA,Retail,C3,Existing,293075,14887954.0
13/7/20,USA,Shopify,null,New,156,27048.0
13/7/20,AFRICA,Shopify,C3,Existing,2651,533372.0
13/7/20,AFRICA,Retail,F1,Existing,100580,5319015.0
13/7/20,USA,Shopify,F2,New,120,18908.0
13/7/20,USA,Retail,null,New,20108,854972.0
13/7/20,ASIA,Shopify,null,New,301,41515.0
13/7/20,EUROPE,Shopify,F1,Existing,123,26915.0
13/7/20,USA,Shopify,C1,Existing,751,127595.0
13/7/20,OCEANIA,Shopify,C2,Existing,4343,838771.0
13/7/20,USA,Shopify,F1,Existing,1324,246000.0
13/7/20,EUROPE,Retail,null,Existing,2563,122860.0
13/7/20,USA,Retail,null,Guest,525638,16383497.0
13/7/20,EUROPE,Retail,C3,New,4362,191574.0
13/7/20,EUROPE,Shopify,C3,Existing,170,54946.0
13/7/20,ASIA,Shopify,null,Guest,5590,987561.0
13/7/20,ASIA,Shopify,F2,Existing,2917,548742.0
13/7/20,AFRICA,Retail,C2,Existing,115234,4912598.0
13/7/20,ASIA,Retail,F1,New,28054,865051.0
13/7/20,CANADA,Retail,C1,New,29073,747675.0
13/7/20,SOUTH AMERICA,Retail,F2,Existing,1266,59774.0
13/7/20,USA,Retail,C4,New,17696,620006.0
13/7/20,CANADA,Retail,F3,Existing,93456,5316146.0
13/7/20,ASIA,Retail,C4,New,48202,1342915.0
13/7/20,USA,Retail,F2,New,26626,970777.0
13/7/20,ASIA,Retail,null,Guest,1881379,47998436.0
13/7/20,AFRICA,Retail,F1,New,21614,754615.0
13/7/20,EUROPE,Shopify,null,Guest,325,71708.0
13/7/20,CANADA,Shopify,C1,New,90,11607.0
13/7/20,OCEANIA,Shopify,C3,Existing,4494,911580.0
13/7/20,EUROPE,Retail,C4,Existing,5891,316385.0
13/7/20,SOUTH AMERICA,Retail,C3,Existing,1388,70101.0
13/7/20,AFRICA,Shopify,F1,New,143,22973.0
13/7/20,ASIA,Retail,F1,Existing,95750,4559524.0
13/7/20,OCEANIA,Retail,C3,Existing,344300,16584641.0
13/7/20,SOUTH AMERICA,Shopify,C1,Existing,66,12871.0
13/7/20,OCEANIA,Retail,F3,New,100302,3314632.0
13/7/20,OCEANIA,Retail,null,Existing,35564,1487649.0
13/7/20,CANADA,Retail,F1,Existing,24290,1307322.0
13/7/20,SOUTH AMERICA,Retail,null,New,1063,39761.0
6/7/20,USA,Shopify,C3,Existing,1326,275749.0
6/7/20,AFRICA,Retail,C1,Existing,188285,7059529.0
6/7/20,SOUTH AMERICA,Shopify,F1,Existing,55,12375.0
6/7/20,ASIA,Shopify,C2,Existing,2015,359403.0
6/7/20,ASIA,Retail,null,Guest,1902289,48780231.0
6/7/20,OCEANIA,Retail,C4,Existing,155875,7647467.0
6/7/20,CANADA,Retail,C3,New,27495,969187.0
6/7/20,EUROPE,Shopify,C4,Existing,21,6400.0
6/7/20,SOUTH AMERICA,Shopify,F3,Existing,26,4994.0
6/7/20,OCEANIA,Shopify,null,Guest,8865,1582259.0
6/7/20,USA,Retail,null,Existing,13120,668776.0
6/7/20,SOUTH AMERICA,Retail,null,Existing,241,8083.0
6/7/20,CANADA,Retail,F1,New,6531,244785.0
6/7/20,USA,Retail,F3,New,26655,1018034.0
6/7/20,OCEANIA,Shopify,null,Existing,472,88857.0
6/7/20,OCEANIA,Retail,F3,New,100445,3282052.0
6/7/20,EUROPE,Shopify,F3,New,2,255.0
6/7/20,EUROPE,Retail,C2,New,2914,110244.0
6/7/20,AFRICA,Shopify,null,Guest,5043,887999.0
6/7/20,SOUTH AMERICA,Retail,C2,Existing,1042,42032.0
6/7/20,EUROPE,Shopify,null,New,9,3455.0
6/7/20,CANADA,Retail,null,Guest,390104,11138070.0
6/7/20,OCEANIA,Shopify,C2,Existing,3808,721874.0
6/7/20,USA,Shopify,F1,Existing,1372,256827.0
6/7/20,EUROPE,Retail,C1,Existing,15185,682100.0
6/7/20,SOUTH AMERICA,Retail,C3,New,954,37050.0
6/7/20,AFRICA,Shopify,null,Existing,286,55662.0
6/7/20,AFRICA,Retail,C4,Existing,122690,6214520.0
6/7/20,CANADA,Shopify,C3,Existing,739,136436.0
6/7/20,CANADA,Shopify,F1,Existing,699,115555.0
6/7/20,ASIA,Retail,F3,Existing,402843,20474557.0
6/7/20,OCEANIA,Retail,F1,New,38347,1241439.0
6/7/20,OCEANIA,Retail,null,New,75471,2622537.0
6/7/20,ASIA,Shopify,F3,Existing,1643,325193.0
6/7/20,OCEANIA,Shopify,F1,New,234,36344.0
6/7/20,OCEANIA,Shopify,C3,New,394,61436.0
6/7/20,SOUTH AMERICA,Shopify,F2,New,2,609.0
6/7/20,OCEANIA,Retail,C1,Existing,254217,9068336.0
6/7/20,EUROPE,Shopify,C1,Existing,100,23347.0
6/7/20,USA,Retail,C3,New,45285,1710069.0
6/7/20,EUROPE,Retail,F2,Existing,14377,906114.0
6/7/20,EUROPE,Shopify,C4,New,2,182.0
6/7/20,SOUTH AMERICA,Shopify,F2,Existing,36,6882.0
6/7/20,CANADA,Shopify,C1,New,77,9201.0
6/7/20,OCEANIA,Retail,C2,New,105544,2781013.0
6/7/20,OCEANIA,Retail,null,Existing,43104,1797035.0
6/7/20,AFRICA,Retail,C1,New,95363,2380924.0
6/7/20,CANADA,Retail,F2,New,16854,622949.0
6/7/20,AFRICA,Retail,F1,New,22384,803916.0
6/7/20,USA,Retail,C3,Existing,107017,6004542.0
6/7/20,EUROPE,Retail,C4,Existing,5736,311406.0
6/7/20,USA,Shopify,C3,New,153,25697.0
6/7/20,AFRICA,Shopify,F3,Existing,2090,439785.0
6/7/20,SOUTH AMERICA,Retail,F3,Existing,1424,69555.0
6/7/20,USA,Shopify,C2,Existing,1332,258887.0
6/7/20,USA,Retail,C2,Existing,44601,2195016.0
6/7/20,AFRICA,Retail,null,Existing,34365,1555479.0
6/7/20,USA,Retail,null,New,21634,924200.0
6/7/20,USA,Shopify,F1,New,108,15166.0
6/7/20,ASIA,Retail,C3,New,115402,3429645.0
6/7/20,CANADA,Shopify,null,Guest,1439,238360.0
6/7/20,OCEANIA,Retail,null,Guest,2399708,63378896.0
6/7/20,ASIA,Retail,F1,New,29087,918354.0
6/7/20,SOUTH AMERICA,Shopify,null,Guest,1710,331218.0
6/7/20,ASIA,Shopify,C3,New,242,37637.0
6/7/20,OCEANIA,Retail,F2,New,82681,2740820.0
6/7/20,USA,Retail,F1,New,11223,426852.0
6/7/20,EUROPE,Shopify,C2,New,12,2169.0
6/7/20,AFRICA,Retail,C2,New,57277,1761918.0
6/7/20,ASIA,Retail,F3,New,81692,2554247.0
6/7/20,USA,Shopify,F3,Existing,892,183866.0
6/7/20,AFRICA,Retail,C3,New,108717,3797159.0
6/7/20,AFRICA,Shopify,F3,New,85,13212.0
6/7/20,ASIA,Retail,C4,Existing,112789,4963653.0
6/7/20,AFRICA,Shopify,F1,Existing,2474,451177.0
6/7/20,EUROPE,Retail,null,Guest,103378,3709096.0
6/7/20,ASIA,Shopify,null,New,269,40809.0
6/7/20,EUROPE,Shopify,F1,Existing,124,27063.0
6/7/20,USA,Retail,null,Guest,539669,17021169.0
6/7/20,EUROPE,Retail,null,Existing,3013,146709.0
6/7/20,CANADA,Retail,F3,Existing,92060,5192225.0
6/7/20,EUROPE,Retail,C1,New,4674,142232.0
6/7/20,EUROPE,Retail,null,New,3230,145983.0
6/7/20,SOUTH AMERICA,Retail,null,New,1292,46303.0
6/7/20,SOUTH AMERICA,Shopify,F1,New,11,1745.0
6/7/20,ASIA,Shopify,C4,New,33,4586.0
6/7/20,EUROPE,Retail,F1,New,952,40385.0
6/7/20,ASIA,Retail,C2,Existing,131835,5019969.0
6/7/20,EUROPE,Shopify,C3,New,8,1596.0
6/7/20,ASIA,Shopify,C1,New,211,24942.0
6/7/20,OCEANIA,Retail,C3,Existing,342945,16524293.0
6/7/20,EUROPE,Shopify,C3,Existing,160,53961.0
6/7/20,SOUTH AMERICA,Retail,C1,Existing,3243,91728.0
6/7/20,OCEANIA,Shopify,C1,Existing,2333,406081.0
6/7/20,AFRICA,Retail,F2,New,63799,2344198.0
6/7/20,OCEANIA,Shopify,C3,Existing,3895,796093.0
6/7/20,SOUTH AMERICA,Retail,C2,New,927,27950.0
6/7/20,OCEANIA,Shopify,F2,Existing,5368,1086528.0
6/7/20,OCEANIA,Shopify,C2,New,589,86961.0
6/7/20,CANADA,Shopify,C4,Existing,94,19118.0
6/7/20,AFRICA,Shopify,C1,Existing,1458,239295.0
6/7/20,ASIA,Retail,null,New,61858,2088873.0
6/7/20,EUROPE,Retail,F1,Existing,7074,423729.0
6/7/20,USA,Retail,F2,Existing,97641,5923390.0
6/7/20,SOUTH AMERICA,Retail,F2,Existing,1247,60073.0
6/7/20,SOUTH AMERICA,Shopify,C4,New,3,678.0
6/7/20,ASIA,Retail,F2,New,66633,2146830.0
6/7/20,ASIA,Shopify,null,Guest,4968,849767.0
6/7/20,USA,Shopify,F2,Existing,1878,380313.0
6/7/20,AFRICA,Shopify,F1,New,137,21729.0
6/7/20,ASIA,Shopify,C3,Existing,1821,355406.0
6/7/20,OCEANIA,Retail,F2,Existing,330470,17291374.0
6/7/20,CANADA,Retail,C1,Existing,55712,2315581.0
6/7/20,ASIA,Shopify,F1,Existing,1874,330882.0
6/7/20,CANADA,Shopify,C2,Existing,629,112146.0
6/7/20,AFRICA,Shopify,F2,Existing,4275,851198.0
6/7/20,CANADA,Retail,F2,Existing,59064,3276611.0
6/7/20,SOUTH AMERICA,Shopify,C3,Existing,75,15592.0
6/7/20,AFRICA,Shopify,C4,New,51,7561.0
6/7/20,USA,Retail,F3,Existing,144909,8883923.0
6/7/20,OCEANIA,Shopify,F1,Existing,3804,716548.0
6/7/20,OCEANIA,Retail,F3,Existing,536745,29108793.0
6/7/20,CANADA,Shopify,F2,Existing,1148,217025.0
6/7/20,AFRICA,Retail,null,Guest,1582169,46232992.0
6/7/20,CANADA,Retail,F3,New,17930,635946.0
6/7/20,AFRICA,Retail,F2,Existing,285863,16310453.0
6/7/20,USA,Retail,C4,Existing,42071,2271038.0
6/7/20,AFRICA,Shopify,C2,Existing,2226,435672.0
6/7/20,OCEANIA,Retail,C3,New,144017,4559185.0
6/7/20,ASIA,Retail,null,Existing,33162,1347139.0
6/7/20,AFRICA,Shopify,F2,New,231,38732.0
6/7/20,CANADA,Shopify,F2,New,73,11040.0
6/7/20,USA,Shopify,F2,New,140,22390.0
6/7/20,AFRICA,Shopify,C3,Existing,2391,483735.0
6/7/20,CANADA,Shopify,C4,New,13,1477.0
6/7/20,EUROPE,Shopify,F2,New,6,3291.0
6/7/20,ASIA,Shopify,F2,Existing,2575,490012.0
6/7/20,SOUTH AMERICA,Shopify,null,New,31,5111.0
6/7/20,SOUTH AMERICA,Retail,F2,New,406,14585.0
6/7/20,EUROPE,Shopify,F2,Existing,194,41662.0
6/7/20,USA,Shopify,C4,Existing,169,31099.0
6/7/20,EUROPE,Retail,C4,New,1778,76614.0
6/7/20,CANADA,Retail,null,New,13300,535423.0
6/7/20,AFRICA,Shopify,C1,New,236,32526.0
6/7/20,EUROPE,Retail,F3,Existing,18947,1154719.0
6/7/20,CANADA,Retail,F1,Existing,24587,1323741.0
6/7/20,SOUTH AMERICA,Retail,C3,Existing,1450,66956.0
6/7/20,OCEANIA,Retail,C1,New,160783,3643428.0
6/7/20,EUROPE,Shopify,C1,New,6,1167.0
6/7/20,ASIA,Retail,C3,Existing,248855,11188175.0
6/7/20,SOUTH AMERICA,Retail,null,Guest,396358,16364768.0
6/7/20,OCEANIA,Shopify,C4,New,76,9796.0
6/7/20,ASIA,Shopify,F2,New,195,26990.0
6/7/20,SOUTH AMERICA,Shopify,null,Existing,4,901.0
6/7/20,USA,Retail,C1,Existing,58791,2469632.0
6/7/20,USA,Shopify,null,Guest,2402,435958.0
6/7/20,EUROPE,Shopify,null,Existing,26,8915.0
6/7/20,AFRICA,Shopify,null,New,293,55226.0
6/7/20,OCEANIA,Shopify,C4,Existing,614,113658.0
6/7/20,CANADA,Shopify,C3,New,81,12924.0
6/7/20,SOUTH AMERICA,Retail,C1,New,2489,52659.0
6/7/20,OCEANIA,Retail,C4,New,60698,1852468.0
6/7/20,EUROPE,Retail,C2,Existing,10224,507582.0
6/7/20,EUROPE,Shopify,F1,New,2,338.0
6/7/20,AFRICA,Retail,C2,Existing,115838,4986083.0
6/7/20,AFRICA,Retail,C3,Existing,294716,14964981.0
6/7/20,CANADA,Retail,C4,New,12397,403284.0
6/7/20,CANADA,Retail,C1,New,28872,752634.0
6/7/20,CANADA,Shopify,C1,Existing,491,80992.0
6/7/20,SOUTH AMERICA,Retail,F1,Existing,833,35417.0
6/7/20,EUROPE,Shopify,C2,Existing,159,47716.0
6/7/20,AFRICA,Retail,F1,Existing,103142,5542204.0
6/7/20,USA,Retail,C4,New,18089,637462.0
6/7/20,EUROPE,Retail,F3,New,1890,82262.0
6/7/20,USA,Shopify,null,New,142,26208.0
6/7/20,CANADA,Shopify,C2,New,85,11303.0
6/7/20,SOUTH AMERICA,Shopify,C1,Existing,55,9889.0
6/7/20,CANADA,Retail,C3,Existing,62908,3254599.0
6/7/20,OCEANIA,Shopify,F2,New,277,45209.0
6/7/20,AFRICA,Retail,F3,Existing,412968,23549192.0
6/7/20,SOUTH AMERICA,Shopify,F3,New,3,520.0
6/7/20,SOUTH AMERICA,Shopify,C3,New,21,2996.0
6/7/20,AFRICA,Retail,F3,New,66724,2383015.0
6/7/20,USA,Shopify,C1,New,115,14544.0
6/7/20,SOUTH AMERICA,Shopify,C1,New,15,1890.0
6/7/20,OCEANIA,Retail,C2,Existing,168294,6472357.0
6/7/20,USA,Retail,F1,Existing,42080,2436037.0
6/7/20,SOUTH AMERICA,Shopify,C4,Existing,9,1655.0
6/7/20,SOUTH AMERICA,Retail,F1,New,298,11174.0
6/7/20,CANADA,Shopify,null,Existing,73,13288.0
6/7/20,CANADA,Retail,C4,Existing,29276,1472205.0
6/7/20,USA,Shopify,null,Existing,160,30361.0
6/7/20,SOUTH AMERICA,Shopify,C2,New,32,5242.0
6/7/20,AFRICA,Shopify,C3,New,277,45866.0
6/7/20,CANADA,Retail,null,Existing,7169,330861.0
6/7/20,ASIA,Shopify,C2,New,355,44553.0
6/7/20,ASIA,Shopify,C1,Existing,1137,190268.0
6/7/20,USA,Retail,C1,New,35274,943414.0
6/7/20,OCEANIA,Shopify,C1,New,386,46728.0
6/7/20,EUROPE,Shopify,F3,Existing,89,20453.0
6/7/20,ASIA,Retail,C1,New,123627,2669073.0
6/7/20,CANADA,Shopify,F1,New,55,7305.0
6/7/20,CANADA,Retail,C2,Existing,23187,1019429.0
6/7/20,SOUTH AMERICA,Retail,F3,New,325,11639.0
6/7/20,ASIA,Retail,C4,New,49335,1375040.0
6/7/20,EUROPE,Retail,C3,New,4501,190014.0
6/7/20,OCEANIA,Retail,F1,Existing,148434,7387040.0
6/7/20,USA,Shopify,C4,New,21,3558.0
6/7/20,AFRICA,Shopify,C2,New,299,45134.0
6/7/20,ASIA,Retail,F2,Existing,223597,11439615.0
6/7/20,ASIA,Shopify,C4,Existing,265,46193.0
6/7/20,SOUTH AMERICA,Retail,C4,New,255,10863.0
6/7/20,SOUTH AMERICA,Retail,C4,Existing,392,18464.0
6/7/20,ASIA,Shopify,F3,New,80,11396.0
6/7/20,CANADA,Retail,C2,New,14558,461684.0
6/7/20,SOUTH AMERICA,Shopify,C2,Existing,122,23995.0
6/7/20,EUROPE,Shopify,null,Guest,275,62607.0
6/7/20,ASIA,Shopify,F1,New,143,20817.0
6/7/20,OCEANIA,Shopify,F3,New,141,21435.0
6/7/20,CANADA,Shopify,null,New,81,12835.0
6/7/20,CANADA,Shopify,F3,Existing,555,105029.0
6/7/20,AFRICA,Retail,C4,New,46195,1535122.0
6/7/20,USA,Retail,C2,New,26006,895842.0
6/7/20,CANADA,Shopify,F3,New,23,3613.0
6/7/20,ASIA,Retail,C2,New,84261,2165894.0
6/7/20,USA,Retail,F2,New,27329,1047479.0
6/7/20,OCEANIA,Shopify,null,New,405,62554.0
6/7/20,USA,Shopify,F3,New,43,8047.0
6/7/20,EUROPE,Retail,C3,Existing,16543,926391.0
6/7/20,USA,Shopify,C1,Existing,683,122755.0
6/7/20,USA,Shopify,C2,New,192,43697.0
6/7/20,AFRICA,Retail,null,New,54550,2200505.0
6/7/20,ASIA,Retail,F1,Existing,97504,4643858.0
6/7/20,AFRICA,Shopify,C4,Existing,381,74071.0
6/7/20,EUROPE,Retail,F2,New,1849,82969.0
6/7/20,ASIA,Retail,C1,Existing,185786,6182738.0
6/7/20,ASIA,Shopify,null,Existing,287,53017.0
6/7/20,OCEANIA,Shopify,F3,Existing,3069,646393.0
29/6/20,OCEANIA,Shopify,C2,Existing,4102,771649.0
29/6/20,USA,Shopify,F1,Existing,1345,248186.0
29/6/20,SOUTH AMERICA,Retail,C2,Existing,1044,41232.0
29/6/20,SOUTH AMERICA,Shopify,C4,New,2,746.0
29/6/20,EUROPE,Shopify,F3,Existing,77,17430.0
29/6/20,OCEANIA,Retail,F3,Existing,542856,28788145.0
29/6/20,ASIA,Shopify,C3,Existing,1866,357156.0
29/6/20,CANADA,Retail,F2,Existing,60640,3222249.0
29/6/20,EUROPE,Retail,F3,New,1998,83692.0
29/6/20,SOUTH AMERICA,Shopify,null,New,32,6219.0
29/6/20,USA,Shopify,F2,Existing,1778,339336.0
29/6/20,CANADA,Shopify,C4,Existing,96,18485.0
29/6/20,ASIA,Retail,F2,New,65388,2033692.0
29/6/20,AFRICA,Shopify,C1,New,243,31393.0
29/6/20,ASIA,Retail,F3,New,81540,2509564.0
29/6/20,EUROPE,Shopify,F2,New,7,865.0
29/6/20,AFRICA,Retail,F3,Existing,401071,22101960.0
29/6/20,SOUTH AMERICA,Retail,C4,New,241,8563.0
29/6/20,CANADA,Shopify,C4,New,18,2444.0
29/6/20,AFRICA,Retail,C2,New,57209,1753657.0
29/6/20,USA,Retail,null,Guest,533207,16297956.0
29/6/20,SOUTH AMERICA,Retail,F1,Existing,779,31008.0
29/6/20,EUROPE,Shopify,C2,Existing,141,40816.0
29/6/20,SOUTH AMERICA,Shopify,C1,New,17,2311.0
29/6/20,CANADA,Retail,F3,Existing,92739,5151347.0
29/6/20,ASIA,Retail,null,Guest,1900388,47898629.0
29/6/20,EUROPE,Retail,C1,New,4539,137746.0
29/6/20,ASIA,Shopify,F2,Existing,2591,474829.0
29/6/20,EUROPE,Retail,F3,Existing,18952,1142258.0
29/6/20,OCEANIA,Retail,F3,New,103176,3387378.0
29/6/20,EUROPE,Shopify,F3,New,2,337.0
29/6/20,CANADA,Shopify,null,Existing,95,15402.0
29/6/20,AFRICA,Shopify,C3,Existing,2396,473733.0
29/6/20,USA,Shopify,C2,New,217,32127.0
29/6/20,CANADA,Shopify,F3,New,25,3372.0
29/6/20,CANADA,Retail,F2,New,17252,621849.0
29/6/20,CANADA,Shopify,C1,New,92,10224.0
29/6/20,ASIA,Retail,null,Existing,32696,1283298.0
29/6/20,AFRICA,Shopify,F2,New,247,38761.0
29/6/20,USA,Shopify,C3,New,139,32575.0
29/6/20,USA,Retail,C2,Existing,42982,2069075.0
29/6/20,USA,Shopify,C4,New,22,3518.0
29/6/20,USA,Retail,F2,New,26077,957978.0
29/6/20,EUROPE,Shopify,null,Existing,21,4328.0
29/6/20,SOUTH AMERICA,Shopify,F3,New,1,261.0
29/6/20,USA,Retail,F2,Existing,90522,5126468.0
29/6/20,AFRICA,Retail,F1,New,22414,818184.0
29/6/20,OCEANIA,Shopify,F2,New,334,49917.0
29/6/20,EUROPE,Retail,C3,New,4556,194204.0
29/6/20,CANADA,Shopify,C3,Existing,758,137468.0
29/6/20,USA,Retail,C1,Existing,57014,2312994.0
29/6/20,OCEANIA,Retail,C3,Existing,343336,16476365.0
29/6/20,EUROPE,Shopify,C3,Existing,152,47122.0
29/6/20,AFRICA,Retail,C2,Existing,113892,4820666.0
29/6/20,OCEANIA,Retail,C2,Existing,169997,6426709.0
29/6/20,USA,Retail,F1,Existing,40942,2353412.0
29/6/20,OCEANIA,Shopify,C4,New,73,8766.0
29/6/20,OCEANIA,Shopify,C3,Existing,4116,808388.0
29/6/20,ASIA,Retail,null,New,60798,1983459.0
29/6/20,USA,Shopify,null,Existing,144,26020.0
29/6/20,OCEANIA,Retail,C4,New,63522,1953580.0
29/6/20,EUROPE,Retail,C2,Existing,10157,493184.0
29/6/20,SOUTH AMERICA,Shopify,C3,New,17,2359.0
29/6/20,EUROPE,Shopify,C4,New,2,549.0
29/6/20,OCEANIA,Retail,C1,New,162185,3613601.0
29/6/20,EUROPE,Shopify,C1,New,8,1229.0
29/6/20,SOUTH AMERICA,Shopify,F2,New,7,1039.0
29/6/20,EUROPE,Retail,C4,Existing,5774,315699.0
29/6/20,EUROPE,Retail,F2,New,1835,81944.0
29/6/20,ASIA,Retail,C1,Existing,183164,5970777.0
29/6/20,CANADA,Retail,C2,New,14828,471006.0
29/6/20,AFRICA,Retail,null,Existing,34080,1478098.0
29/6/20,OCEANIA,Shopify,C1,New,395,48331.0
29/6/20,CANADA,Shopify,C1,Existing,520,82717.0
29/6/20,ASIA,Retail,C3,Existing,245219,11041636.0
29/6/20,SOUTH AMERICA,Shopify,F2,Existing,31,6042.0
29/6/20,SOUTH AMERICA,Retail,C3,Existing,1499,71681.0
29/6/20,SOUTH AMERICA,Retail,F2,New,442,17908.0
29/6/20,CANADA,Retail,null,Guest,393659,11034700.0
29/6/20,AFRICA,Retail,F1,Existing,101685,5366430.0
29/6/20,AFRICA,Retail,C4,Existing,122158,6235333.0
29/6/20,EUROPE,Retail,F1,Existing,7124,418206.0
29/6/20,SOUTH AMERICA,Retail,C3,New,957,34465.0
29/6/20,ASIA,Shopify,C4,Existing,267,46263.0
29/6/20,EUROPE,Retail,F1,New,924,38169.0
29/6/20,USA,Retail,C4,New,18211,645361.0
29/6/20,SOUTH AMERICA,Shopify,C2,New,34,5232.0
29/6/20,ASIA,Retail,F1,Existing,96589,4591704.0
29/6/20,OCEANIA,Retail,C3,New,147185,4686381.0
29/6/20,ASIA,Shopify,F1,Existing,2015,346893.0
29/6/20,OCEANIA,Retail,null,Guest,2429712,63043806.0
29/6/20,EUROPE,Shopify,null,Guest,285,74791.0
29/6/20,AFRICA,Retail,C4,New,47569,1605875.0
29/6/20,CANADA,Shopify,C2,New,96,11368.0
29/6/20,USA,Retail,C2,New,25718,868246.0
29/6/20,AFRICA,Shopify,C3,New,279,44246.0
29/6/20,USA,Shopify,F3,Existing,796,159886.0
29/6/20,CANADA,Shopify,F1,Existing,800,136777.0
29/6/20,SOUTH AMERICA,Shopify,C3,Existing,95,18645.0
29/6/20,AFRICA,Shopify,null,Guest,5061,871802.0
29/6/20,CANADA,Retail,F1,Existing,25028,1342126.0
29/6/20,EUROPE,Shopify,F2,Existing,182,36681.0
29/6/20,OCEANIA,Retail,F1,Existing,150645,7451077.0
29/6/20,USA,Retail,C3,Existing,104304,5765543.0
29/6/20,CANADA,Shopify,F3,Existing,605,115232.0
29/6/20,SOUTH AMERICA,Shopify,C2,Existing,121,25006.0
29/6/20,OCEANIA,Shopify,F3,New,160,25758.0
29/6/20,ASIA,Shopify,null,Existing,325,60231.0
29/6/20,OCEANIA,Shopify,F3,Existing,3398,691104.0
29/6/20,SOUTH AMERICA,Retail,F3,Existing,1654,80500.0
29/6/20,USA,Retail,C3,New,44965,1693971.0
29/6/20,ASIA,Retail,C4,Existing,111751,4991052.0
29/6/20,AFRICA,Shopify,F3,New,98,15236.0
29/6/20,AFRICA,Retail,F2,New,62534,2205239.0
29/6/20,OCEANIA,Retail,F2,New,84654,2773702.0
29/6/20,SOUTH AMERICA,Shopify,C1,Existing,66,12326.0
29/6/20,USA,Shopify,C4,Existing,149,27727.0
29/6/20,EUROPE,Retail,null,New,3075,134236.0
29/6/20,ASIA,Retail,F3,Existing,386511,19047003.0
29/6/20,OCEANIA,Retail,F1,New,40187,1337460.0
29/6/20,EUROPE,Shopify,F1,New,6,1403.0
29/6/20,USA,Shopify,null,New,135,20922.0
29/6/20,EUROPE,Retail,null,Guest,103102,3597624.0
29/6/20,AFRICA,Retail,C3,Existing,290763,14711185.0
29/6/20,CANADA,Retail,C3,Existing,62962,3217134.0
29/6/20,ASIA,Shopify,F3,New,67,10114.0
29/6/20,CANADA,Retail,C4,Existing,29288,1469626.0
29/6/20,AFRICA,Shopify,F2,Existing,4116,777148.0
29/6/20,EUROPE,Shopify,null,New,14,3648.0
29/6/20,SOUTH AMERICA,Shopify,F1,New,5,1052.0
29/6/20,SOUTH AMERICA,Shopify,F3,Existing,31,6210.0
29/6/20,SOUTH AMERICA,Retail,F2,Existing,1341,59917.0
29/6/20,CANADA,Retail,F1,New,6755,257850.0
29/6/20,SOUTH AMERICA,Retail,null,Existing,269,9157.0
29/6/20,ASIA,Retail,C4,New,50616,1445099.0
29/6/20,SOUTH AMERICA,Retail,C1,New,2626,57267.0
29/6/20,CANADA,Shopify,null,New,83,12589.0
29/6/20,EUROPE,Shopify,C4,Existing,21,4722.0
29/6/20,ASIA,Shopify,F1,New,155,20418.0
29/6/20,EUROPE,Retail,null,Existing,2888,137688.0
29/6/20,EUROPE,Shopify,F1,Existing,121,26191.0
29/6/20,ASIA,Shopify,null,New,258,38634.0
29/6/20,AFRICA,Shopify,C1,Existing,1533,241820.0
29/6/20,OCEANIA,Shopify,F1,Existing,4206,786690.0
29/6/20,OCEANIA,Retail,null,Existing,44045,1778357.0
29/6/20,ASIA,Shopify,C4,New,42,5292.0
29/6/20,SOUTH AMERICA,Shopify,F1,Existing,68,16778.0
29/6/20,AFRICA,Retail,null,Guest,1570936,44574827.0
29/6/20,CANADA,Shopify,F2,Existing,1296,241198.0
29/6/20,AFRICA,Shopify,F3,Existing,2090,423284.0
29/6/20,AFRICA,Retail,C1,New,93846,2316291.0
29/6/20,USA,Shopify,C1,New,144,16411.0
29/6/20,OCEANIA,Retail,C2,New,106728,2795126.0
29/6/20,USA,Retail,F1,New,11443,446915.0
29/6/20,EUROPE,Shopify,C2,New,13,1716.0
29/6/20,CANADA,Shopify,C3,New,80,10231.0
29/6/20,AFRICA,Retail,F3,New,66696,2377430.0
29/6/20,CANADA,Shopify,F2,New,84,12155.0
29/6/20,ASIA,Shopify,C1,New,209,24314.0
29/6/20,AFRICA,Shopify,C4,Existing,404,73349.0
29/6/20,EUROPE,Retail,C4,New,1758,74011.0
29/6/20,ASIA,Shopify,F3,Existing,1552,301370.0
29/6/20,OCEANIA,Shopify,F1,New,294,43148.0
29/6/20,OCEANIA,Shopify,C1,Existing,2512,425189.0
29/6/20,SOUTH AMERICA,Shopify,null,Existing,4,522.0
29/6/20,SOUTH AMERICA,Retail,C1,Existing,3109,89148.0
29/6/20,CANADA,Retail,F3,New,18114,646402.0
29/6/20,ASIA,Retail,F2,Existing,208790,10023093.0
29/6/20,ASIA,Shopify,C1,Existing,1103,171759.0
29/6/20,AFRICA,Shopify,null,New,263,43036.0
29/6/20,CANADA,Retail,null,Existing,7360,327256.0
29/6/20,OCEANIA,Shopify,C3,New,464,70075.0
29/6/20,AFRICA,Shopify,C4,New,47,7345.0
29/6/20,SOUTH AMERICA,Retail,F3,New,382,15140.0
29/6/20,USA,Shopify,F2,New,126,20018.0
29/6/20,ASIA,Retail,C2,New,84776,2172470.0
29/6/20,OCEANIA,Shopify,null,New,402,64023.0
29/6/20,OCEANIA,Shopify,F2,Existing,5731,1122634.0
29/6/20,OCEANIA,Shopify,C4,Existing,659,116461.0
29/6/20,SOUTH AMERICA,Retail,null,New,1311,46236.0
29/6/20,USA,Retail,C1,New,34795,925527.0
29/6/20,ASIA,Retail,C1,New,122794,2622381.0
29/6/20,AFRICA,Shopify,F1,Existing,2512,450734.0
29/6/20,OCEANIA,Retail,C4,Existing,154866,7586276.0
29/6/20,USA,Shopify,C3,Existing,1309,274806.0
29/6/20,USA,Shopify,C2,Existing,1177,225451.0
29/6/20,CANADA,Retail,C3,New,27979,977652.0
29/6/20,OCEANIA,Shopify,null,Existing,524,98965.0
29/6/20,CANADA,Shopify,C2,Existing,653,112042.0
29/6/20,CANADA,Retail,C2,Existing,23387,1006688.0
29/6/20,AFRICA,Shopify,C2,New,314,47204.0
29/6/20,EUROPE,Retail,C2,New,3049,109276.0
29/6/20,OCEANIA,Retail,null,New,76369,2606202.0
29/6/20,USA,Retail,null,Existing,12518,611536.0
29/6/20,CANADA,Retail,null,New,13659,527320.0
29/6/20,ASIA,Shopify,C2,New,370,49839.0
29/6/20,ASIA,Retail,F1,New,29929,970952.0
29/6/20,AFRICA,Retail,C1,Existing,185169,6755547.0
29/6/20,SOUTH AMERICA,Retail,C4,Existing,371,18995.0
29/6/20,SOUTH AMERICA,Shopify,null,Guest,1900,353939.0
29/6/20,USA,Shopify,F3,New,33,5279.0
29/6/20,ASIA,Shopify,C3,New,268,38068.0
29/6/20,ASIA,Retail,C2,Existing,129170,4830448.0
29/6/20,EUROPE,Shopify,C3,New,8,1653.0
29/6/20,AFRICA,Shopify,C2,Existing,2231,411142.0
29/6/20,OCEANIA,Retail,C1,Existing,254996,8957686.0
29/6/20,EUROPE,Shopify,C1,Existing,90,18095.0
29/6/20,SOUTH AMERICA,Retail,F1,New,320,11888.0
29/6/20,ASIA,Shopify,null,Guest,4972,824649.0
29/6/20,USA,Retail,C4,Existing,41532,2254122.0
29/6/20,CANADA,Retail,C1,New,29262,759575.0
29/6/20,USA,Shopify,C1,Existing,668,112466.0
29/6/20,CANADA,Retail,C4,New,12731,418727.0
29/6/20,SOUTH AMERICA,Shopify,C4,Existing,5,1066.0
29/6/20,AFRICA,Retail,null,New,54354,2095525.0
29/6/20,SOUTH AMERICA,Retail,null,Guest,401849,16219267.0
29/6/20,AFRICA,Shopify,F1,New,175,26223.0
29/6/20,CANADA,Retail,C1,Existing,55853,2271507.0
29/6/20,USA,Shopify,null,Guest,2154,393315.0
29/6/20,EUROPE,Retail,C3,Existing,16137,887139.0
29/6/20,CANADA,Shopify,F1,New,62,8452.0
29/6/20,USA,Retail,null,New,21153,865037.0
29/6/20,OCEANIA,Shopify,C2,New,627,90369.0
29/6/20,USA,Shopify,F1,New,129,20393.0
29/6/20,EUROPE,Retail,C1,Existing,14953,652292.0
29/6/20,AFRICA,Shopify,null,Existing,311,61210.0
29/6/20,AFRICA,Retail,F2,Existing,269488,14395106.0
29/6/20,OCEANIA,Retail,F2,Existing,340020,17149423.0
29/6/20,ASIA,Retail,C3,New,115918,3508936.0
29/6/20,CANADA,Shopify,null,Guest,1448,247362.0
29/6/20,SOUTH AMERICA,Retail,C2,New,927,28790.0
29/6/20,USA,Retail,F3,New,26140,972030.0
29/6/20,EUROPE,Retail,F2,Existing,14237,851108.0
29/6/20,ASIA,Shopify,F2,New,185,26284.0
29/6/20,OCEANIA,Shopify,null,Guest,9282,1655880.0
29/6/20,AFRICA,Retail,C3,New,110393,3883895.0
29/6/20,ASIA,Shopify,C2,Existing,2071,362077.0
29/6/20,USA,Retail,F3,Existing,138168,8130575.0
22/6/20,AFRICA,Shopify,C2,New,361,53111.0
22/6/20,EUROPE,Shopify,C2,New,11,3287.0
22/6/20,USA,Shopify,C3,New,164,25281.0
22/6/20,ASIA,Retail,C3,New,113907,3481797.0
22/6/20,CANADA,Shopify,null,Guest,1526,249776.0
22/6/20,EUROPE,Shopify,F1,New,6,737.0
22/6/20,EUROPE,Retail,F2,Existing,14404,869867.0
22/6/20,SOUTH AMERICA,Shopify,C3,New,21,3941.0
22/6/20,OCEANIA,Retail,C1,Existing,244792,8857025.0
22/6/20,SOUTH AMERICA,Retail,F1,New,236,7787.0
22/6/20,CANADA,Retail,C1,Existing,54233,2299491.0
22/6/20,ASIA,Shopify,F3,New,79,11595.0
22/6/20,EUROPE,Shopify,C4,Existing,17,4780.0
22/6/20,AFRICA,Retail,C1,Existing,175034,6514327.0
22/6/20,ASIA,Shopify,C2,Existing,2007,347475.0
22/6/20,AFRICA,Shopify,F3,New,91,13568.0
22/6/20,USA,Shopify,C3,Existing,1339,279258.0
22/6/20,CANADA,Retail,F1,New,6481,237650.0
22/6/20,SOUTH AMERICA,Shopify,F1,Existing,62,14317.0
22/6/20,CANADA,Retail,C2,Existing,22690,1009206.0
22/6/20,EUROPE,Retail,null,New,2831,127033.0
22/6/20,SOUTH AMERICA,Shopify,C4,New,4,659.0
22/6/20,AFRICA,Retail,F2,Existing,263945,14002069.0
22/6/20,SOUTH AMERICA,Shopify,null,Guest,1972,374786.0
22/6/20,USA,Retail,null,Existing,10964,564571.0
22/6/20,OCEANIA,Shopify,null,Existing,534,97556.0
22/6/20,OCEANIA,Retail,C4,Existing,152793,7521785.0
22/6/20,USA,Retail,F3,New,26205,1006442.0
22/6/20,SOUTH AMERICA,Retail,null,Guest,410944,16769158.0
22/6/20,ASIA,Shopify,F2,New,187,27011.0
22/6/20,USA,Shopify,F3,New,40,5827.0
22/6/20,EUROPE,Retail,C1,New,4380,136838.0
22/6/20,USA,Retail,C4,Existing,40904,2243252.0
22/6/20,OCEANIA,Shopify,null,Guest,9982,1781302.0
22/6/20,EUROPE,Retail,C1,Existing,14564,642126.0
22/6/20,ASIA,Retail,C4,Existing,111092,5042513.0
22/6/20,OCEANIA,Retail,C1,New,152794,3528540.0
22/6/20,EUROPE,Shopify,C1,New,9,1280.0
22/6/20,AFRICA,Retail,C4,Existing,118238,6056934.0
22/6/20,ASIA,Retail,F3,Existing,385668,19188715.0
22/6/20,OCEANIA,Retail,F1,New,37612,1268637.0
22/6/20,AFRICA,Shopify,null,Guest,5120,893516.0
22/6/20,CANADA,Shopify,C3,Existing,789,139866.0
22/6/20,CANADA,Retail,C3,New,27329,959622.0
22/6/20,ASIA,Shopify,null,Existing,312,55252.0
22/6/20,SOUTH AMERICA,Shopify,F2,New,6,729.0
22/6/20,CANADA,Shopify,F1,Existing,820,136819.0
22/6/20,SOUTH AMERICA,Shopify,C3,Existing,98,21061.0
22/6/20,CANADA,Retail,C3,Existing,62004,3224538.0
22/6/20,OCEANIA,Retail,null,Existing,38324,1581679.0
22/6/20,CANADA,Shopify,C1,New,78,9999.0
22/6/20,SOUTH AMERICA,Shopify,F2,Existing,46,9466.0
22/6/20,CANADA,Retail,C2,New,14160,486932.0
22/6/20,SOUTH AMERICA,Shopify,C2,Existing,141,28570.0
22/6/20,EUROPE,Retail,C2,New,2794,110201.0
22/6/20,CANADA,Retail,F2,New,16745,602021.0
22/6/20,USA,Retail,C3,Existing,103084,5870994.0
22/6/20,OCEANIA,Shopify,F3,Existing,3665,742634.0
22/6/20,USA,Retail,F1,New,10864,434808.0
22/6/20,OCEANIA,Retail,C2,New,101603,2780044.0
22/6/20,ASIA,Retail,C2,New,80653,2159960.0
22/6/20,ASIA,Shopify,null,Guest,4731,802181.0
22/6/20,OCEANIA,Retail,C3,New,143841,4623876.0
22/6/20,OCEANIA,Shopify,F3,New,160,26612.0
22/6/20,OCEANIA,Shopify,F1,Existing,4290,790128.0
22/6/20,EUROPE,Retail,F1,New,943,41141.0
22/6/20,ASIA,Shopify,C4,New,43,6121.0
22/6/20,SOUTH AMERICA,Shopify,C1,New,18,2224.0
22/6/20,CANADA,Shopify,F2,New,77,11445.0
22/6/20,USA,Shopify,null,Existing,132,23548.0
22/6/20,ASIA,Shopify,F1,New,152,18256.0
22/6/20,ASIA,Shopify,null,New,269,41314.0
22/6/20,EUROPE,Shopify,F1,Existing,152,33053.0
22/6/20,EUROPE,Retail,null,Existing,2556,123662.0
22/6/20,USA,Shopify,C2,Existing,1313,251028.0
22/6/20,AFRICA,Retail,C3,New,106106,3755213.0
22/6/20,SOUTH AMERICA,Retail,F3,New,302,11832.0
22/6/20,USA,Shopify,C4,New,17,2353.0
22/6/20,AFRICA,Retail,C2,New,53823,1645958.0
22/6/20,ASIA,Retail,F3,New,81692,2538165.0
22/6/20,AFRICA,Shopify,C3,New,277,42700.0
22/6/20,ASIA,Retail,C2,Existing,124576,4749717.0
22/6/20,EUROPE,Shopify,C3,New,10,2889.0
22/6/20,USA,Retail,C2,Existing,42233,2114099.0
22/6/20,AFRICA,Retail,null,Existing,29173,1280621.0
22/6/20,USA,Shopify,C4,Existing,171,31912.0
22/6/20,OCEANIA,Retail,F2,New,83503,2848367.0
22/6/20,AFRICA,Shopify,null,Existing,294,53989.0
22/6/20,CANADA,Shopify,C2,New,82,11169.0
22/6/20,EUROPE,Shopify,F3,Existing,106,25912.0
22/6/20,USA,Retail,F3,Existing,139327,8454874.0
22/6/20,SOUTH AMERICA,Retail,F3,Existing,1346,66085.0
22/6/20,CANADA,Shopify,F3,Existing,643,124844.0
22/6/20,ASIA,Shopify,F3,Existing,1589,306177.0
22/6/20,OCEANIA,Shopify,F1,New,277,39105.0
22/6/20,AFRICA,Shopify,F3,Existing,2132,433866.0
22/6/20,EUROPE,Retail,null,Guest,107449,3685864.0
22/6/20,CANADA,Shopify,F3,New,24,3235.0
22/6/20,SOUTH AMERICA,Shopify,C2,New,44,8112.0
22/6/20,EUROPE,Shopify,F3,New,2,460.0
22/6/20,USA,Retail,null,Guest,556769,17475466.0
22/6/20,AFRICA,Shopify,C2,Existing,2304,425159.0
22/6/20,AFRICA,Retail,null,Guest,1619943,46548966.0
22/6/20,CANADA,Shopify,F2,Existing,1376,249388.0
22/6/20,USA,Retail,F2,Existing,92530,5338752.0
22/6/20,USA,Shopify,C1,Existing,717,125293.0
22/6/20,CANADA,Shopify,C1,Existing,552,86670.0
22/6/20,OCEANIA,Shopify,F2,Existing,6495,1280381.0
22/6/20,USA,Retail,C2,New,24706,889002.0
22/6/20,ASIA,Retail,F2,Existing,208352,9964700.0
22/6/20,USA,Shopify,F2,New,135,22528.0
22/6/20,CANADA,Retail,null,Guest,408450,11567284.0
22/6/20,AFRICA,Retail,F1,New,20989,751926.0
22/6/20,OCEANIA,Retail,null,Guest,2496984,66049652.0
22/6/20,ASIA,Shopify,F1,Existing,1929,329532.0
22/6/20,SOUTH AMERICA,Retail,null,Existing,193,7612.0
22/6/20,SOUTH AMERICA,Retail,C1,New,2282,48496.0
22/6/20,SOUTH AMERICA,Retail,C1,Existing,2928,83007.0
22/6/20,OCEANIA,Retail,F2,Existing,341906,17876981.0
22/6/20,OCEANIA,Shopify,C1,Existing,2613,439785.0
22/6/20,EUROPE,Shopify,F2,Existing,198,42418.0
22/6/20,OCEANIA,Shopify,C2,Existing,4369,807015.0
22/6/20,USA,Shopify,F1,Existing,1367,252312.0
22/6/20,SOUTH AMERICA,Retail,C2,New,832,29199.0
22/6/20,CANADA,Retail,F3,New,17872,631199.0
22/6/20,SOUTH AMERICA,Shopify,F3,Existing,33,8622.0
22/6/20,SOUTH AMERICA,Retail,C2,Existing,896,37370.0
22/6/20,CANADA,Retail,F3,Existing,92742,5255765.0
22/6/20,ASIA,Retail,F1,New,28341,934219.0
22/6/20,ASIA,Retail,null,Guest,1960891,49446341.0
22/6/20,ASIA,Retail,C1,Existing,174043,5765453.0
22/6/20,AFRICA,Retail,null,New,51834,2034364.0
22/6/20,OCEANIA,Shopify,F2,New,368,59421.0
22/6/20,AFRICA,Shopify,C4,Existing,397,72803.0
22/6/20,OCEANIA,Shopify,C3,Existing,4380,873151.0
22/6/20,SOUTH AMERICA,Retail,F2,New,353,14892.0
22/6/20,EUROPE,Shopify,F2,New,7,2112.0
22/6/20,AFRICA,Shopify,F2,Existing,4117,781231.0
22/6/20,CANADA,Shopify,C2,Existing,700,123993.0
22/6/20,EUROPE,Shopify,C2,Existing,180,52213.0
22/6/20,OCEANIA,Shopify,C4,New,89,13255.0
22/6/20,SOUTH AMERICA,Retail,F1,Existing,765,32201.0
22/6/20,CANADA,Retail,F2,Existing,60742,3366957.0
22/6/20,SOUTH AMERICA,Retail,C4,New,209,7764.0
22/6/20,ASIA,Retail,C3,Existing,241424,10987703.0
22/6/20,AFRICA,Retail,C3,Existing,281453,14368969.0
22/6/20,CANADA,Retail,C4,New,12389,413211.0
22/6/20,OCEANIA,Retail,F3,Existing,544041,29671173.0
22/6/20,AFRICA,Shopify,C3,Existing,2455,478130.0
22/6/20,CANADA,Shopify,C4,New,19,2127.0
22/6/20,USA,Shopify,F2,Existing,1897,372372.0
22/6/20,EUROPE,Shopify,null,Guest,305,69866.0
22/6/20,OCEANIA,Shopify,C1,New,408,49144.0
22/6/20,SOUTH AMERICA,Retail,null,New,1227,42537.0
22/6/20,USA,Retail,C3,New,44256,1708191.0
22/6/20,SOUTH AMERICA,Shopify,C4,Existing,14,3078.0
22/6/20,AFRICA,Shopify,F1,New,179,25408.0
22/6/20,ASIA,Shopify,C3,New,215,34101.0
22/6/20,AFRICA,Retail,F1,Existing,97022,5113755.0
22/6/20,AFRICA,Retail,F3,Existing,391007,21756436.0
22/6/20,AFRICA,Shopify,C4,New,58,9078.0
22/6/20,ASIA,Shopify,C1,New,194,23334.0
22/6/20,USA,Retail,F2,New,26076,994049.0
22/6/20,SOUTH AMERICA,Shopify,null,New,43,7833.0
22/6/20,AFRICA,Shopify,F1,Existing,2545,451853.0
22/6/20,EUROPE,Retail,F3,New,1907,82617.0
22/6/20,CANADA,Retail,C4,Existing,28810,1458631.0
22/6/20,USA,Shopify,C2,New,208,32150.0
22/6/20,CANADA,Shopify,C4,Existing,115,21755.0
22/6/20,ASIA,Shopify,C1,Existing,1179,182943.0
22/6/20,AFRICA,Retail,F2,New,59846,2106565.0
22/6/20,EUROPE,Retail,F2,New,1714,80007.0
22/6/20,OCEANIA,Retail,C3,Existing,336824,16384433.0
22/6/20,EUROPE,Shopify,C3,Existing,167,45714.0
22/6/20,ASIA,Retail,C4,New,51300,1483421.0
22/6/20,OCEANIA,Retail,F1,Existing,144504,7228205.0
22/6/20,EUROPE,Retail,C2,Existing,9910,478704.0
22/6/20,OCEANIA,Retail,C4,New,62173,1918461.0
22/6/20,EUROPE,Shopify,C4,New,2,754.0
22/6/20,ASIA,Retail,F2,New,63648,1981918.0
22/6/20,SOUTH AMERICA,Shopify,F3,New,2,431.0
22/6/20,ASIA,Retail,null,Existing,28442,1141981.0
22/6/20,AFRICA,Shopify,F2,New,239,38451.0
22/6/20,OCEANIA,Retail,F3,New,101870,3366573.0
22/6/20,AFRICA,Shopify,C1,Existing,1553,240233.0
22/6/20,AFRICA,Retail,C2,Existing,109071,4632320.0
22/6/20,CANADA,Retail,F1,Existing,24220,1317083.0
22/6/20,SOUTH AMERICA,Retail,C3,Existing,1326,66435.0
22/6/20,AFRICA,Retail,C4,New,45979,1545187.0
22/6/20,OCEANIA,Shopify,C3,New,491,76651.0
22/6/20,ASIA,Shopify,C2,New,342,42844.0
22/6/20,AFRICA,Shopify,null,New,265,44290.0
22/6/20,CANADA,Shopify,null,Existing,85,14489.0
22/6/20,EUROPE,Retail,C3,Existing,16043,901347.0
22/6/20,EUROPE,Shopify,C1,Existing,106,22195.0
22/6/20,ASIA,Retail,null,New,57762,1963911.0
22/6/20,EUROPE,Retail,F1,Existing,6840,405250.0
22/6/20,ASIA,Shopify,F2,Existing,2669,484192.0
22/6/20,SOUTH AMERICA,Retail,C4,Existing,320,16238.0
22/6/20,SOUTH AMERICA,Shopify,F1,New,4,899.0
22/6/20,USA,Shopify,F1,New,115,16046.0
22/6/20,OCEANIA,Shopify,C2,New,623,94301.0
22/6/20,USA,Shopify,C1,New,148,18844.0
22/6/20,USA,Retail,null,New,20434,905546.0
22/6/20,EUROPE,Retail,F3,Existing,19004,1168407.0
22/6/20,CANADA,Shopify,null,New,94,14069.0
22/6/20,AFRICA,Shopify,C1,New,260,34282.0
22/6/20,OCEANIA,Shopify,null,New,468,78307.0
22/6/20,ASIA,Shopify,C3,Existing,1792,353139.0
22/6/20,AFRICA,Retail,C1,New,87508,2186696.0
22/6/20,EUROPE,Retail,C3,New,4432,192435.0
22/6/20,EUROPE,Retail,C4,New,1748,76402.0
22/6/20,SOUTH AMERICA,Retail,C3,New,872,33711.0
22/6/20,EUROPE,Retail,C4,Existing,5690,312863.0
22/6/20,USA,Shopify,null,Guest,2314,432988.0
22/6/20,USA,Shopify,F3,Existing,891,181025.0
22/6/20,ASIA,Retail,F1,Existing,93417,4506459.0
22/6/20,ASIA,Retail,C1,New,115086,2559918.0
22/6/20,CANADA,Retail,null,Existing,6612,302353.0
22/6/20,CANADA,Retail,null,New,13109,523748.0
22/6/20,USA,Retail,F1,Existing,39874,2404405.0
22/6/20,OCEANIA,Retail,C2,Existing,163333,6470053.0
22/6/20,USA,Retail,C4,New,18443,664875.0
22/6/20,OCEANIA,Retail,null,New,72274,2561107.0
22/6/20,EUROPE,Shopify,null,New,11,2741.0
22/6/20,EUROPE,Shopify,null,Existing,27,7501.0
22/6/20,AFRICA,Retail,F3,New,64831,2304334.0
22/6/20,CANADA,Shopify,F1,New,57,8576.0
22/6/20,SOUTH AMERICA,Shopify,null,Existing,3,576.0
22/6/20,USA,Retail,C1,New,33176,932002.0
22/6/20,CANADA,Retail,C1,New,28055,737519.0
22/6/20,SOUTH AMERICA,Retail,F2,Existing,1101,53543.0
22/6/20,SOUTH AMERICA,Shopify,C1,Existing,70,11801.0
22/6/20,OCEANIA,Shopify,C4,Existing,709,130060.0
22/6/20,CANADA,Shopify,C3,New,95,13971.0
22/6/20,USA,Retail,C1,Existing,55440,2332011.0
22/6/20,USA,Shopify,null,New,135,22425.0
22/6/20,ASIA,Shopify,C4,Existing,276,47185.0
15/6/20,AFRICA,Retail,F2,Existing,277428,14539790.0
15/6/20,SOUTH AMERICA,Retail,null,New,1202,44710.0
15/6/20,OCEANIA,Retail,C2,New,104319,2705612.0
15/6/20,EUROPE,Retail,C1,Existing,14802,635075.0
15/6/20,AFRICA,Retail,C4,Existing,117377,5926732.0
15/6/20,CANADA,Shopify,null,Guest,1548,248890.0
15/6/20,EUROPE,Shopify,C1,Existing,96,20722.0
15/6/20,ASIA,Shopify,null,Existing,330,51674.0
15/6/20,AFRICA,Retail,C1,New,93197,2237137.0
15/6/20,OCEANIA,Shopify,F3,Existing,3927,767218.0
15/6/20,ASIA,Shopify,F3,New,108,14229.0
15/6/20,SOUTH AMERICA,Shopify,F1,New,6,1165.0
15/6/20,EUROPE,Retail,F2,New,1582,67936.0
15/6/20,ASIA,Retail,F3,New,81202,2452340.0
15/6/20,AFRICA,Retail,C2,New,55469,1639588.0
15/6/20,EUROPE,Shopify,null,New,11,2557.0
15/6/20,SOUTH AMERICA,Retail,F3,Existing,1303,60814.0
15/6/20,USA,Shopify,C3,New,174,25492.0
15/6/20,ASIA,Retail,F1,New,29299,904245.0
15/6/20,USA,Retail,null,Existing,10369,510043.0
15/6/20,ASIA,Retail,C3,New,112472,3345407.0
15/6/20,AFRICA,Shopify,null,Existing,246,46911.0
15/6/20,USA,Retail,C4,Existing,40371,2157457.0
15/6/20,AFRICA,Shopify,F3,Existing,2318,450601.0
15/6/20,EUROPE,Retail,C2,New,2753,95325.0
15/6/20,OCEANIA,Shopify,C3,New,552,84403.0
15/6/20,AFRICA,Retail,C3,New,107534,3678695.0
15/6/20,USA,Shopify,F1,Existing,1479,257281.0
15/6/20,OCEANIA,Shopify,C2,Existing,4529,823955.0
15/6/20,CANADA,Shopify,F1,New,52,6682.0
15/6/20,USA,Retail,C3,New,43796,1621104.0
15/6/20,CANADA,Shopify,F3,Existing,650,124959.0
15/6/20,ASIA,Shopify,C3,New,281,41141.0
15/6/20,CANADA,Retail,C2,New,14717,442936.0
15/6/20,SOUTH AMERICA,Shopify,C2,Existing,149,28213.0
15/6/20,CANADA,Retail,null,Guest,391515,10901782.0
15/6/20,ASIA,Shopify,F1,New,185,25053.0
15/6/20,USA,Shopify,F3,Existing,952,193527.0
15/6/20,SOUTH AMERICA,Retail,C3,New,928,33251.0
15/6/20,ASIA,Shopify,C3,Existing,2083,399445.0
15/6/20,ASIA,Retail,C2,New,82878,2121690.0
15/6/20,USA,Shopify,C2,Existing,1348,252715.0
15/6/20,AFRICA,Shopify,C2,Existing,2472,448800.0
15/6/20,ASIA,Retail,F2,New,64435,1953045.0
15/6/20,SOUTH AMERICA,Retail,F1,New,287,10587.0
15/6/20,AFRICA,Shopify,F3,New,92,14804.0
15/6/20,OCEANIA,Shopify,F1,Existing,4434,790527.0
15/6/20,SOUTH AMERICA,Retail,F1,Existing,762,30970.0
15/6/20,AFRICA,Retail,null,New,50497,1950791.0
15/6/20,AFRICA,Shopify,F1,New,175,23499.0
15/6/20,OCEANIA,Retail,C3,New,141990,4428285.0
15/6/20,ASIA,Retail,C4,Existing,109483,4862733.0
15/6/20,EUROPE,Retail,null,New,2882,127110.0
15/6/20,ASIA,Shopify,C2,Existing,2275,391003.0
15/6/20,EUROPE,Shopify,C2,Existing,153,42430.0
15/6/20,OCEANIA,Retail,null,Existing,35700,1429940.0
15/6/20,SOUTH AMERICA,Retail,C4,New,243,9239.0
15/6/20,OCEANIA,Retail,null,Guest,2422058,62047946.0
15/6/20,USA,Shopify,F1,New,112,14365.0
15/6/20,OCEANIA,Shopify,null,Guest,10272,1809951.0
15/6/20,CANADA,Shopify,F2,New,77,11200.0
15/6/20,EUROPE,Shopify,C4,Existing,23,5571.0
15/6/20,CANADA,Retail,C3,New,27974,964025.0
15/6/20,OCEANIA,Retail,C4,Existing,152243,7382258.0
15/6/20,USA,Shopify,C3,Existing,1437,284998.0
15/6/20,SOUTH AMERICA,Shopify,C3,Existing,113,23567.0
15/6/20,CANADA,Retail,C3,Existing,62207,3184836.0
15/6/20,OCEANIA,Shopify,F2,New,393,59239.0
15/6/20,SOUTH AMERICA,Shopify,C1,New,15,1758.0
15/6/20,ASIA,Retail,C1,Existing,183947,6005890.0
15/6/20,USA,Retail,null,New,20024,831388.0
15/6/20,ASIA,Shopify,null,Guest,5349,916756.0
15/6/20,SOUTH AMERICA,Shopify,F3,Existing,32,7597.0
15/6/20,SOUTH AMERICA,Retail,C2,Existing,1085,42430.0
15/6/20,OCEANIA,Retail,F3,New,101091,3257637.0
15/6/20,EUROPE,Shopify,F3,New,3,476.0
15/6/20,EUROPE,Retail,C1,New,4480,131388.0
15/6/20,OCEANIA,Shopify,F3,New,186,27348.0
15/6/20,USA,Shopify,C4,New,26,3872.0
15/6/20,USA,Retail,F2,Existing,97289,5479834.0
15/6/20,AFRICA,Retail,null,Guest,1540590,43229728.0
15/6/20,CANADA,Shopify,F1,Existing,833,132314.0
15/6/20,CANADA,Retail,F2,Existing,62694,3347958.0
15/6/20,USA,Retail,F3,Existing,143079,8481716.0
15/6/20,ASIA,Shopify,F2,Existing,2910,517443.0
15/6/20,AFRICA,Shopify,F1,Existing,2504,436474.0
15/6/20,ASIA,Retail,null,Guest,1895517,47220249.0
15/6/20,SOUTH AMERICA,Retail,F3,New,254,9410.0
15/6/20,USA,Retail,C4,New,17713,618571.0
15/6/20,OCEANIA,Retail,C1,Existing,255945,8980880.0
15/6/20,SOUTH AMERICA,Shopify,C3,New,23,3390.0
15/6/20,EUROPE,Shopify,C4,New,1,128.0
15/6/20,OCEANIA,Shopify,C3,Existing,4646,911383.0
15/6/20,SOUTH AMERICA,Retail,C3,Existing,1329,61254.0
15/6/20,ASIA,Retail,null,Existing,26906,1057183.0
15/6/20,AFRICA,Shopify,F2,New,250,40598.0
15/6/20,AFRICA,Retail,F1,Existing,101169,5208820.0
15/6/20,CANADA,Shopify,C2,New,93,10826.0
15/6/20,CANADA,Retail,F1,Existing,25221,1320547.0
15/6/20,AFRICA,Shopify,null,Guest,5213,887638.0
15/6/20,CANADA,Retail,F1,New,6501,230400.0
15/6/20,SOUTH AMERICA,Retail,null,Existing,190,6871.0
15/6/20,SOUTH AMERICA,Shopify,F1,Existing,67,15260.0
15/6/20,SOUTH AMERICA,Retail,F2,New,360,13707.0
15/6/20,OCEANIA,Retail,F1,Existing,149591,7218539.0
15/6/20,ASIA,Retail,C4,New,49406,1369744.0
15/6/20,SOUTH AMERICA,Retail,C1,New,2593,51926.0
15/6/20,EUROPE,Retail,C2,Existing,9914,472102.0
15/6/20,OCEANIA,Retail,C4,New,60340,1818377.0
15/6/20,SOUTH AMERICA,Shopify,F3,New,3,790.0
15/6/20,USA,Shopify,C2,New,222,36422.0
15/6/20,EUROPE,Retail,F3,Existing,19074,1141610.0
15/6/20,AFRICA,Shopify,C1,Existing,1595,253754.0
15/6/20,USA,Shopify,null,Guest,2371,430301.0
15/6/20,SOUTH AMERICA,Shopify,null,Guest,1988,370974.0
15/6/20,EUROPE,Retail,F3,New,1805,72511.0
15/6/20,USA,Shopify,F2,New,128,18519.0
15/6/20,EUROPE,Shopify,null,Existing,24,5171.0
15/6/20,EUROPE,Shopify,C2,New,13,2779.0
15/6/20,EUROPE,Retail,F2,Existing,14659,843006.0
15/6/20,USA,Retail,F3,New,26509,966668.0
15/6/20,EUROPE,Retail,C3,New,4280,180831.0
15/6/20,AFRICA,Retail,C4,New,45216,1472729.0
15/6/20,CANADA,Shopify,C1,Existing,559,84924.0
15/6/20,EUROPE,Retail,F1,Existing,6969,397784.0
15/6/20,ASIA,Shopify,C4,Existing,284,51008.0
15/6/20,EUROPE,Shopify,F2,New,7,1898.0
15/6/20,CANADA,Retail,F2,New,17209,602560.0
15/6/20,CANADA,Shopify,C1,New,88,11677.0
15/6/20,CANADA,Retail,F3,Existing,93666,5258162.0
15/6/20,OCEANIA,Shopify,null,Existing,473,90531.0
15/6/20,CANADA,Retail,C2,Existing,23254,998912.0
15/6/20,AFRICA,Retail,F3,Existing,401084,22049538.0
15/6/20,SOUTH AMERICA,Shopify,F2,Existing,35,6939.0
15/6/20,SOUTH AMERICA,Shopify,C2,New,36,5013.0
15/6/20,CANADA,Shopify,F3,New,36,4809.0
15/6/20,AFRICA,Retail,F3,New,64869,2228845.0
15/6/20,CANADA,Retail,F3,New,18329,633937.0
15/6/20,SOUTH AMERICA,Retail,C2,New,946,28183.0
15/6/20,OCEANIA,Retail,C3,Existing,338230,16169413.0
15/6/20,EUROPE,Shopify,C3,Existing,175,48157.0
15/6/20,CANADA,Retail,C1,New,29316,743495.0
15/6/20,USA,Retail,F1,Existing,41195,2271599.0
15/6/20,OCEANIA,Shopify,C4,New,96,13121.0
15/6/20,EUROPE,Shopify,F3,Existing,111,29076.0
15/6/20,USA,Retail,F1,New,11261,419270.0
15/6/20,OCEANIA,Retail,C2,Existing,167971,6386456.0
15/6/20,USA,Retail,C3,Existing,103537,5715215.0
15/6/20,USA,Shopify,F2,Existing,1952,374439.0
15/6/20,OCEANIA,Shopify,C1,New,426,54838.0
15/6/20,AFRICA,Retail,C1,Existing,182758,6632494.0
15/6/20,OCEANIA,Shopify,C4,Existing,701,123800.0
15/6/20,AFRICA,Shopify,C3,New,293,44100.0
15/6/20,CANADA,Retail,null,Existing,5923,270900.0
15/6/20,AFRICA,Shopify,C1,New,269,31113.0
15/6/20,AFRICA,Shopify,null,New,244,39207.0
15/6/20,ASIA,Retail,F2,Existing,222322,10618154.0
15/6/20,ASIA,Retail,F3,Existing,398607,19689338.0
15/6/20,CANADA,Shopify,C3,Existing,882,156815.0
15/6/20,OCEANIA,Retail,F1,New,38525,1231095.0
15/6/20,OCEANIA,Retail,F2,New,83525,2705265.0
15/6/20,OCEANIA,Shopify,null,New,422,70661.0
15/6/20,CANADA,Retail,C4,Existing,28884,1450993.0
15/6/20,EUROPE,Shopify,null,Guest,324,68630.0
15/6/20,ASIA,Retail,F1,Existing,97795,4562224.0
15/6/20,AFRICA,Shopify,F2,Existing,4621,848913.0
15/6/20,AFRICA,Retail,C2,Existing,112258,4688349.0
15/6/20,USA,Retail,C2,Existing,42997,2056066.0
15/6/20,OCEANIA,Retail,F3,Existing,551606,29523039.0
15/6/20,ASIA,Shopify,C1,Existing,1243,191985.0
15/6/20,USA,Retail,C1,New,35089,912355.0
15/6/20,AFRICA,Retail,null,Existing,27271,1180732.0
15/6/20,SOUTH AMERICA,Retail,null,Guest,405863,16236059.0
15/6/20,ASIA,Shopify,F1,Existing,2135,351768.0
15/6/20,EUROPE,Retail,F1,New,955,37673.0
15/6/20,EUROPE,Retail,C4,Existing,5630,311333.0
15/6/20,ASIA,Retail,null,New,56062,1875470.0
15/6/20,USA,Shopify,null,Existing,119,20388.0
15/6/20,ASIA,Retail,C3,Existing,243380,10930060.0
15/6/20,ASIA,Shopify,C4,New,52,7556.0
15/6/20,SOUTH AMERICA,Shopify,F2,New,8,1063.0
15/6/20,USA,Shopify,F3,New,42,5577.0
15/6/20,AFRICA,Retail,F2,New,60590,2047246.0
15/6/20,ASIA,Retail,C1,New,120867,2525949.0
15/6/20,ASIA,Shopify,C1,New,235,28013.0
15/6/20,EUROPE,Retail,null,Guest,99125,3357990.0
15/6/20,USA,Retail,C2,New,25526,835631.0
15/6/20,OCEANIA,Retail,C1,New,161308,3524902.0
15/6/20,EUROPE,Shopify,C1,New,12,3015.0
15/6/20,USA,Shopify,C1,New,134,15631.0
15/6/20,USA,Retail,F2,New,26147,918809.0
15/6/20,SOUTH AMERICA,Retail,C1,Existing,3149,92281.0
15/6/20,USA,Retail,C1,Existing,57521,2349815.0
15/6/20,CANADA,Shopify,null,New,85,13243.0
15/6/20,AFRICA,Shopify,C4,New,49,7276.0
15/6/20,EUROPE,Shopify,F1,New,3,392.0
15/6/20,OCEANIA,Shopify,C1,Existing,2723,459425.0
15/6/20,EUROPE,Shopify,F2,Existing,225,48158.0
15/6/20,USA,Shopify,null,New,138,25010.0
15/6/20,CANADA,Shopify,C3,New,92,12586.0
15/6/20,CANADA,Shopify,C4,New,21,2133.0
15/6/20,CANADA,Shopify,C4,Existing,100,18251.0
15/6/20,AFRICA,Shopify,C3,Existing,2655,515146.0
15/6/20,CANADA,Shopify,C2,Existing,706,117577.0
15/6/20,SOUTH AMERICA,Retail,F2,Existing,1170,54929.0
15/6/20,ASIA,Shopify,F3,Existing,1801,338845.0
15/6/20,OCEANIA,Shopify,F1,New,337,46635.0
15/6/20,AFRICA,Retail,F1,New,21805,758373.0
15/6/20,CANADA,Shopify,F2,Existing,1390,246381.0
15/6/20,CANADA,Retail,C4,New,12708,419312.0
15/6/20,SOUTH AMERICA,Shopify,C4,Existing,5,985.0
15/6/20,SOUTH AMERICA,Retail,C4,Existing,337,16938.0
15/6/20,CANADA,Shopify,null,Existing,73,11629.0
15/6/20,USA,Retail,null,Guest,533811,16155861.0
15/6/20,ASIA,Shopify,F2,New,198,25136.0
15/6/20,EUROPE,Retail,null,Existing,2336,105906.0
15/6/20,AFRICA,Retail,C3,Existing,283673,14239196.0
15/6/20,EUROPE,Retail,C3,Existing,15901,873933.0
15/6/20,SOUTH AMERICA,Shopify,null,New,36,6695.0
15/6/20,USA,Shopify,C4,Existing,168,29129.0
15/6/20,OCEANIA,Shopify,C2,New,687,94800.0
15/6/20,OCEANIA,Shopify,F2,Existing,6652,1265072.0
15/6/20,OCEANIA,Retail,F2,Existing,349468,17864348.0
15/6/20,EUROPE,Shopify,C3,New,17,2631.0
15/6/20,ASIA,Retail,C2,Existing,128984,4819853.0
15/6/20,AFRICA,Shopify,C2,New,348,50466.0
15/6/20,CANADA,Retail,C1,Existing,56305,2302590.0
15/6/20,ASIA,Shopify,C2,New,416,52833.0
15/6/20,CANADA,Retail,null,New,13086,506992.0
15/6/20,SOUTH AMERICA,Shopify,null,Existing,1,372.0
15/6/20,ASIA,Shopify,null,New,270,41797.0
15/6/20,EUROPE,Shopify,F1,Existing,130,27009.0
15/6/20,OCEANIA,Retail,null,New,70677,2445234.0
15/6/20,EUROPE,Retail,C4,New,1686,68273.0
15/6/20,USA,Shopify,C1,Existing,732,129019.0
15/6/20,SOUTH AMERICA,Shopify,C1,Existing,62,11228.0
15/6/20,SOUTH AMERICA,Shopify,C4,New,4,892.0
15/6/20,AFRICA,Shopify,C4,Existing,397,74507.0
8/6/20,USA,Retail,C2,New,25604,878499.0
8/6/20,ASIA,Shopify,C2,Existing,2142,366972.0
8/6/20,SOUTH AMERICA,Retail,C3,New,889,33883.0
8/6/20,USA,Retail,C3,Existing,103750,5881428.0
8/6/20,OCEANIA,Shopify,C3,Existing,4290,834439.0
8/6/20,ASIA,Shopify,F1,Existing,1993,327609.0
8/6/20,EUROPE,Retail,F1,New,912,35489.0
8/6/20,AFRICA,Retail,F1,New,21782,785280.0
8/6/20,ASIA,Retail,F2,New,65649,2046197.0
8/6/20,SOUTH AMERICA,Shopify,F2,New,9,1557.0
8/6/20,USA,Shopify,F3,Existing,950,190269.0
8/6/20,EUROPE,Shopify,C3,New,8,1118.0
8/6/20,OCEANIA,Retail,null,Guest,2404090,64813872.0
8/6/20,ASIA,Retail,C2,Existing,129314,4938723.0
8/6/20,USA,Shopify,null,Guest,2323,417022.0
8/6/20,ASIA,Shopify,C4,New,49,6317.0
8/6/20,AFRICA,Retail,null,Existing,35706,1551395.0
8/6/20,OCEANIA,Shopify,F1,Existing,4221,748869.0
8/6/20,SOUTH AMERICA,Retail,null,Guest,405807,16561681.0
8/6/20,OCEANIA,Retail,F1,New,38393,1336364.0
8/6/20,CANADA,Shopify,C3,Existing,876,149499.0
8/6/20,EUROPE,Shopify,C2,Existing,156,42491.0
8/6/20,SOUTH AMERICA,Retail,F1,Existing,758,32940.0
8/6/20,OCEANIA,Retail,null,Existing,46781,1918385.0
8/6/20,EUROPE,Retail,C4,Existing,5349,288376.0
8/6/20,AFRICA,Retail,null,Guest,1551962,44405056.0
8/6/20,USA,Shopify,F2,Existing,1875,356843.0
8/6/20,CANADA,Retail,C3,Existing,62229,3181265.0
8/6/20,EUROPE,Retail,C2,New,2721,94875.0
8/6/20,OCEANIA,Shopify,C3,New,529,79140.0
8/6/20,CANADA,Shopify,F2,Existing,1300,233196.0
8/6/20,EUROPE,Retail,null,Guest,100328,3458643.0
8/6/20,AFRICA,Shopify,F1,Existing,2382,417642.0
8/6/20,ASIA,Shopify,C3,Existing,1953,378902.0
8/6/20,USA,Retail,C3,New,44313,1663363.0
8/6/20,OCEANIA,Shopify,F2,New,400,59325.0
8/6/20,OCEANIA,Retail,F3,Existing,548091,29908857.0
8/6/20,ASIA,Retail,null,Existing,35301,1418827.0
8/6/20,AFRICA,Shopify,F2,New,216,32435.0
8/6/20,SOUTH AMERICA,Shopify,null,Guest,1763,329792.0
8/6/20,SOUTH AMERICA,Retail,C3,Existing,1323,61169.0
8/6/20,AFRICA,Shopify,C2,Existing,2263,410734.0
8/6/20,SOUTH AMERICA,Retail,F1,New,249,9334.0
8/6/20,SOUTH AMERICA,Retail,F2,New,375,13606.0
8/6/20,EUROPE,Retail,null,Existing,2884,131870.0
8/6/20,SOUTH AMERICA,Retail,F2,Existing,1051,48703.0
8/6/20,AFRICA,Shopify,C3,Existing,2533,484756.0
8/6/20,EUROPE,Shopify,null,New,9,2255.0
8/6/20,CANADA,Retail,null,Guest,392600,11111783.0
8/6/20,EUROPE,Shopify,null,Existing,24,3988.0
8/6/20,AFRICA,Retail,F3,New,64139,2240286.0
8/6/20,SOUTH AMERICA,Retail,C1,New,2300,47221.0
8/6/20,ASIA,Shopify,null,New,299,43163.0
8/6/20,CANADA,Shopify,F1,Existing,811,128766.0
8/6/20,USA,Shopify,F2,New,126,16455.0
8/6/20,SOUTH AMERICA,Retail,C4,New,214,8272.0
8/6/20,USA,Retail,C2,Existing,43994,2196351.0
8/6/20,ASIA,Retail,null,Guest,1892977,48671007.0
8/6/20,EUROPE,Shopify,C1,Existing,96,21611.0
8/6/20,ASIA,Retail,C4,New,49881,1418501.0
8/6/20,SOUTH AMERICA,Shopify,null,New,34,6091.0
8/6/20,CANADA,Retail,F2,Existing,62431,3411885.0
8/6/20,CANADA,Shopify,C1,Existing,567,86884.0
8/6/20,SOUTH AMERICA,Shopify,F2,Existing,30,5885.0
8/6/20,USA,Retail,null,Existing,13265,674648.0
8/6/20,OCEANIA,Shopify,C2,Existing,4140,754161.0
8/6/20,USA,Shopify,F1,Existing,1362,243833.0
8/6/20,ASIA,Retail,null,New,62020,2069742.0
8/6/20,USA,Shopify,null,Existing,132,25433.0
8/6/20,OCEANIA,Shopify,C4,Existing,716,122556.0
8/6/20,USA,Retail,C4,Existing,40100,2161290.0
8/6/20,EUROPE,Retail,F3,New,1767,75162.0
8/6/20,SOUTH AMERICA,Shopify,C1,New,15,2207.0
8/6/20,USA,Retail,F1,Existing,41874,2454433.0
8/6/20,OCEANIA,Retail,C2,Existing,166833,6649756.0
8/6/20,USA,Retail,F3,Existing,142967,8704856.0
8/6/20,ASIA,Shopify,F2,Existing,2580,445291.0
8/6/20,SOUTH AMERICA,Shopify,C4,New,2,536.0
8/6/20,CANADA,Retail,C1,New,29087,740270.0
8/6/20,EUROPE,Retail,C3,New,4188,166093.0
8/6/20,USA,Shopify,C4,Existing,175,30352.0
8/6/20,OCEANIA,Retail,C1,New,157167,3739612.0
8/6/20,EUROPE,Shopify,C1,New,9,1435.0
8/6/20,CANADA,Retail,C2,New,14618,530804.0
8/6/20,SOUTH AMERICA,Shopify,C2,Existing,125,23998.0
8/6/20,SOUTH AMERICA,Retail,C1,Existing,3073,88233.0
8/6/20,OCEANIA,Retail,F1,Existing,149114,7441460.0
8/6/20,EUROPE,Shopify,F1,Existing,142,30019.0
8/6/20,USA,Retail,F1,New,11362,453528.0
8/6/20,AFRICA,Shopify,C3,New,299,42019.0
8/6/20,OCEANIA,Shopify,C2,New,645,87812.0
8/6/20,AFRICA,Shopify,C1,New,230,27144.0
8/6/20,AFRICA,Retail,F2,Existing,280501,15064282.0
8/6/20,ASIA,Retail,C1,New,120722,2585840.0
8/6/20,OCEANIA,Retail,C1,Existing,253903,9108958.0
8/6/20,SOUTH AMERICA,Shopify,C3,New,27,4096.0
8/6/20,EUROPE,Shopify,C4,New,3,578.0
8/6/20,SOUTH AMERICA,Retail,null,New,1232,41277.0
8/6/20,CANADA,Retail,F3,New,17937,625496.0
8/6/20,CANADA,Shopify,C4,Existing,120,22539.0
8/6/20,CANADA,Shopify,C4,New,22,2501.0
8/6/20,CANADA,Retail,F3,Existing,92782,5236269.0
8/6/20,SOUTH AMERICA,Retail,C2,Existing,1013,40825.0
8/6/20,ASIA,Retail,F3,Existing,397812,19950174.0
8/6/20,AFRICA,Retail,F3,Existing,400742,22351573.0
8/6/20,OCEANIA,Retail,F2,Existing,349263,18359725.0
8/6/20,SOUTH AMERICA,Retail,C2,New,894,26030.0
8/6/20,AFRICA,Retail,C2,Existing,113555,4817977.0
8/6/20,AFRICA,Shopify,C4,New,62,8202.0
8/6/20,EUROPE,Shopify,F1,New,5,1052.0
8/6/20,OCEANIA,Retail,C2,New,102353,3088521.0
8/6/20,AFRICA,Retail,C1,New,92451,2232918.0
8/6/20,OCEANIA,Shopify,F3,Existing,3627,714843.0
8/6/20,AFRICA,Shopify,C2,New,299,41145.0
8/6/20,EUROPE,Retail,F1,Existing,7028,412128.0
8/6/20,CANADA,Retail,C1,Existing,56597,2371022.0
8/6/20,CANADA,Shopify,F3,Existing,680,126281.0
8/6/20,CANADA,Shopify,C2,Existing,684,111613.0
8/6/20,OCEANIA,Retail,C4,New,60315,1835337.0
8/6/20,EUROPE,Retail,C2,Existing,10029,481916.0
8/6/20,CANADA,Shopify,C1,New,95,11062.0
8/6/20,ASIA,Retail,C3,Existing,245220,11176651.0
8/6/20,USA,Retail,F2,New,26862,1015342.0
8/6/20,OCEANIA,Shopify,null,New,500,76716.0
8/6/20,ASIA,Shopify,null,Guest,5030,809426.0
8/6/20,EUROPE,Shopify,F3,Existing,111,28824.0
8/6/20,USA,Retail,null,New,21522,912400.0
8/6/20,ASIA,Shopify,null,Existing,374,58760.0
8/6/20,USA,Retail,F3,New,26800,1001117.0
8/6/20,EUROPE,Retail,F2,Existing,14426,866940.0
8/6/20,CANADA,Shopify,null,Guest,1637,260602.0
8/6/20,ASIA,Retail,C3,New,112906,3398442.0
8/6/20,EUROPE,Retail,F3,Existing,19147,1155503.0
8/6/20,CANADA,Shopify,null,New,106,14773.0
8/6/20,OCEANIA,Shopify,C4,New,98,13276.0
8/6/20,CANADA,Retail,F2,New,17119,608860.0
8/6/20,OCEANIA,Retail,F2,New,84031,2962398.0
8/6/20,OCEANIA,Retail,F3,New,100095,3274029.0
8/6/20,EUROPE,Shopify,F3,New,2,380.0
8/6/20,AFRICA,Retail,F2,New,61573,2123977.0
8/6/20,CANADA,Retail,C2,Existing,23375,1049497.0
8/6/20,CANADA,Shopify,F1,New,68,8799.0
8/6/20,OCEANIA,Shopify,C1,New,359,42863.0
8/6/20,CANADA,Shopify,null,Existing,85,14152.0
8/6/20,CANADA,Retail,C4,New,12452,407617.0
8/6/20,OCEANIA,Shopify,F2,Existing,5896,1137030.0
8/6/20,SOUTH AMERICA,Shopify,F3,Existing,22,3900.0
8/6/20,USA,Shopify,F1,New,141,18853.0
8/6/20,EUROPE,Retail,F2,New,1582,67421.0
8/6/20,ASIA,Shopify,F3,New,103,13117.0
8/6/20,AFRICA,Shopify,C4,Existing,365,62901.0
8/6/20,EUROPE,Shopify,C2,New,11,1920.0
8/6/20,CANADA,Shopify,C2,New,106,14309.0
8/6/20,SOUTH AMERICA,Retail,F3,Existing,1285,60008.0
8/6/20,USA,Shopify,C3,New,167,26083.0
8/6/20,OCEANIA,Retail,C3,Existing,342028,16634119.0
8/6/20,EUROPE,Shopify,C3,Existing,152,48366.0
8/6/20,USA,Retail,C1,Existing,57807,2428193.0
8/6/20,OCEANIA,Retail,null,New,77749,3096887.0
8/6/20,USA,Retail,C1,New,34521,919837.0
8/6/20,ASIA,Retail,C1,Existing,183846,6078383.0
8/6/20,USA,Retail,C4,New,17600,615262.0
8/6/20,CANADA,Shopify,C3,New,104,14625.0
8/6/20,USA,Shopify,null,New,131,21104.0
8/6/20,CANADA,Retail,null,Existing,7451,344362.0
8/6/20,EUROPE,Retail,C3,Existing,16138,877504.0
8/6/20,ASIA,Shopify,C4,Existing,292,48745.0
8/6/20,EUROPE,Shopify,F2,New,7,2560.0
8/6/20,SOUTH AMERICA,Shopify,C4,Existing,9,1611.0
8/6/20,USA,Shopify,C1,New,134,17542.0
8/6/20,ASIA,Retail,F1,Existing,96428,4599494.0
8/6/20,ASIA,Shopify,F1,New,194,24954.0
8/6/20,USA,Shopify,C4,New,23,2903.0
8/6/20,SOUTH AMERICA,Shopify,F3,New,1,110.0
8/6/20,EUROPE,Shopify,null,Guest,307,69546.0
8/6/20,USA,Retail,F2,Existing,98444,5747970.0
8/6/20,AFRICA,Retail,C1,Existing,183616,6755739.0
8/6/20,AFRICA,Retail,F1,Existing,101319,5347385.0
8/6/20,AFRICA,Retail,C4,New,44971,1472124.0
8/6/20,USA,Retail,null,Guest,535189,16849935.0
8/6/20,ASIA,Shopify,F2,New,231,28720.0
8/6/20,OCEANIA,Retail,C3,New,142657,4806149.0
8/6/20,USA,Shopify,C2,Existing,1284,235522.0
8/6/20,AFRICA,Retail,null,New,55392,2136498.0
8/6/20,ASIA,Retail,F2,Existing,223118,10862142.0
8/6/20,ASIA,Shopify,C1,Existing,1156,180382.0
8/6/20,AFRICA,Shopify,F1,New,155,20358.0
8/6/20,OCEANIA,Shopify,F1,New,327,41066.0
8/6/20,USA,Shopify,C2,New,192,35566.0
8/6/20,SOUTH AMERICA,Retail,F3,New,314,12166.0
8/6/20,OCEANIA,Shopify,F3,New,168,25983.0
8/6/20,ASIA,Retail,F3,New,81314,2506711.0
8/6/20,SOUTH AMERICA,Shopify,C2,New,26,3788.0
8/6/20,AFRICA,Retail,C2,New,55427,1667772.0
8/6/20,AFRICA,Retail,C4,Existing,117411,5954992.0
8/6/20,ASIA,Shopify,F3,Existing,1680,312017.0
8/6/20,CANADA,Retail,null,New,14033,555704.0
8/6/20,ASIA,Shopify,C2,New,415,52950.0
8/6/20,SOUTH AMERICA,Shopify,null,Existing,4,951.0
8/6/20,ASIA,Retail,C2,New,82218,2213717.0
8/6/20,CANADA,Retail,C3,New,27619,948846.0
8/6/20,USA,Shopify,C3,Existing,1403,275936.0
8/6/20,SOUTH AMERICA,Shopify,C3,Existing,89,17571.0
8/6/20,AFRICA,Retail,C3,New,106494,3681898.0
8/6/20,CANADA,Shopify,F2,New,99,13424.0
8/6/20,ASIA,Retail,F1,New,29473,945324.0
8/6/20,AFRICA,Retail,C3,Existing,286217,14527927.0
8/6/20,CANADA,Retail,C4,Existing,28879,1452878.0
8/6/20,OCEANIA,Shopify,C1,Existing,2476,404912.0
8/6/20,AFRICA,Shopify,F3,New,88,12460.0
8/6/20,AFRICA,Shopify,null,New,269,42513.0
8/6/20,EUROPE,Retail,C4,New,1631,68617.0
8/6/20,USA,Shopify,C1,Existing,699,116723.0
8/6/20,SOUTH AMERICA,Shopify,C1,Existing,52,9338.0
8/6/20,ASIA,Retail,C4,Existing,110669,4940393.0
8/6/20,CANADA,Retail,F1,Existing,24932,1343409.0
8/6/20,CANADA,Shopify,F3,New,31,3565.0
8/6/20,EUROPE,Shopify,F2,Existing,213,46414.0
8/6/20,USA,Shopify,F3,New,46,7987.0
8/6/20,AFRICA,Shopify,null,Guest,4902,839364.0
8/6/20,SOUTH AMERICA,Retail,C4,Existing,334,15091.0
8/6/20,ASIA,Shopify,C3,New,281,42774.0
8/6/20,OCEANIA,Shopify,null,Guest,9475,1674334.0
8/6/20,CANADA,Retail,F1,New,6724,249559.0
8/6/20,SOUTH AMERICA,Retail,null,Existing,241,8335.0
8/6/20,SOUTH AMERICA,Shopify,F1,Existing,58,13829.0
8/6/20,AFRICA,Shopify,F2,Existing,4094,750824.0
8/6/20,ASIA,Shopify,C1,New,240,26798.0
8/6/20,AFRICA,Shopify,null,Existing,287,51388.0
8/6/20,EUROPE,Retail,C1,Existing,14854,650170.0
8/6/20,EUROPE,Retail,null,New,2932,127086.0
8/6/20,OCEANIA,Retail,C4,Existing,152630,7476649.0
8/6/20,EUROPE,Shopify,C4,Existing,24,7086.0
8/6/20,OCEANIA,Shopify,null,Existing,506,99925.0
8/6/20,AFRICA,Shopify,F3,Existing,2235,438110.0
8/6/20,AFRICA,Shopify,C1,Existing,1386,220066.0
8/6/20,EUROPE,Retail,C1,New,4164,122825.0
8/6/20,SOUTH AMERICA,Shopify,F1,New,7,1468.0
1/6/20,USA,Retail,C4,New,18555,652666.0
1/6/20,CANADA,Shopify,null,New,80,10683.0
1/6/20,CANADA,Retail,C1,Existing,52292,2200424.0
1/6/20,CANADA,Retail,C4,New,12358,424211.0
1/6/20,SOUTH AMERICA,Shopify,C4,Existing,9,1586.0
1/6/20,ASIA,Retail,F2,Existing,222137,10975734.0
1/6/20,AFRICA,Shopify,null,New,294,43581.0
1/6/20,SOUTH AMERICA,Retail,F2,Existing,1112,54257.0
1/6/20,SOUTH AMERICA,Shopify,F3,Existing,30,6934.0
1/6/20,OCEANIA,Shopify,C2,New,688,93641.0
1/6/20,USA,Shopify,F1,New,145,18454.0
1/6/20,USA,Shopify,C4,Existing,201,31900.0
1/6/20,AFRICA,Shopify,F2,Existing,5355,900107.0
1/6/20,ASIA,Shopify,C3,New,331,42026.0
1/6/20,EUROPE,Retail,C3,Existing,15854,879176.0
1/6/20,ASIA,Retail,C4,Existing,110026,4987773.0
1/6/20,SOUTH AMERICA,Retail,C1,Existing,3087,87150.0
1/6/20,AFRICA,Shopify,F3,New,127,15786.0
1/6/20,ASIA,Shopify,C1,Existing,1281,187245.0
1/6/20,OCEANIA,Shopify,F2,Existing,6672,1184362.0
1/6/20,EUROPE,Retail,F3,New,1740,75747.0
1/6/20,USA,Shopify,null,New,167,34399.0
1/6/20,CANADA,Shopify,C2,New,124,14434.0
1/6/20,SOUTH AMERICA,Retail,C2,New,913,28970.0
1/6/20,USA,Retail,null,New,21941,918784.0
1/6/20,SOUTH AMERICA,Shopify,F1,New,9,1235.0
1/6/20,CANADA,Retail,C1,New,27690,731427.0
1/6/20,CANADA,Retail,null,New,13574,544631.0
1/6/20,SOUTH AMERICA,Shopify,null,Existing,2,437.0
1/6/20,USA,Retail,C1,New,34418,919327.0
1/6/20,AFRICA,Shopify,C1,Existing,1785,268536.0
1/6/20,SOUTH AMERICA,Shopify,C2,New,36,5874.0
1/6/20,OCEANIA,Retail,C3,Existing,339890,16720904.0
1/6/20,USA,Shopify,C1,Existing,852,134888.0
1/6/20,SOUTH AMERICA,Shopify,C1,Existing,69,12092.0
1/6/20,CANADA,Shopify,C2,Existing,764,111996.0
1/6/20,USA,Shopify,C3,New,212,27440.0
1/6/20,USA,Shopify,C2,New,258,37035.0
1/6/20,EUROPE,Retail,null,Guest,98853,3432654.0
1/6/20,CANADA,Shopify,F3,New,55,4628.0
1/6/20,OCEANIA,Shopify,C2,Existing,4441,771300.0
1/6/20,AFRICA,Shopify,C2,New,417,57211.0
1/6/20,EUROPE,Retail,C1,New,4267,125214.0
1/6/20,USA,Retail,F2,Existing,98137,5542882.0
1/6/20,ASIA,Retail,null,Existing,36118,1443089.0
1/6/20,ASIA,Retail,C1,New,122193,2635302.0
1/6/20,AFRICA,Retail,F2,Existing,281143,15000886.0
1/6/20,AFRICA,Shopify,C4,New,66,8350.0
1/6/20,ASIA,Retail,C4,New,51156,1486952.0
1/6/20,OCEANIA,Retail,F2,Existing,349118,18437137.0
1/6/20,SOUTH AMERICA,Retail,F1,New,269,11291.0
1/6/20,ASIA,Shopify,null,New,321,45753.0
1/6/20,EUROPE,Shopify,F2,Existing,222,45046.0
1/6/20,USA,Shopify,F3,New,64,6712.0
1/6/20,EUROPE,Retail,F2,New,1617,73787.0
1/6/20,AFRICA,Shopify,C2,Existing,2747,462331.0
1/6/20,OCEANIA,Retail,C1,Existing,252428,9123785.0
1/6/20,EUROPE,Shopify,C1,Existing,92,16911.0
1/6/20,OCEANIA,Retail,C4,Existing,152103,7531608.0
1/6/20,CANADA,Shopify,C1,Existing,552,79906.0
1/6/20,AFRICA,Shopify,C4,Existing,460,77588.0
1/6/20,EUROPE,Shopify,F1,Existing,143,29367.0
1/6/20,CANADA,Shopify,null,Existing,91,17266.0
1/6/20,SOUTH AMERICA,Shopify,C3,New,18,3389.0
1/6/20,OCEANIA,Shopify,null,New,472,71358.0
1/6/20,OCEANIA,Shopify,F3,New,227,28008.0
1/6/20,USA,Retail,F3,New,27357,1030883.0
1/6/20,EUROPE,Retail,F2,Existing,14449,859774.0
1/6/20,OCEANIA,Shopify,null,Existing,538,102988.0
1/6/20,ASIA,Retail,C2,New,82819,2185335.0
1/6/20,SOUTH AMERICA,Retail,null,Existing,255,10858.0
1/6/20,ASIA,Shopify,F3,Existing,2106,343192.0
1/6/20,SOUTH AMERICA,Shopify,F1,Existing,61,13550.0
1/6/20,CANADA,Retail,C4,Existing,27832,1429589.0
1/6/20,OCEANIA,Shopify,C1,Existing,2594,405223.0
1/6/20,EUROPE,Shopify,C4,New,2,49.0
1/6/20,OCEANIA,Retail,F3,New,103036,3462036.0
1/6/20,ASIA,Retail,null,New,62729,2092102.0
1/6/20,AFRICA,Retail,C4,Existing,116946,5958262.0
1/6/20,SOUTH AMERICA,Retail,C4,Existing,369,17475.0
1/6/20,OCEANIA,Shopify,C4,Existing,752,123423.0
1/6/20,ASIA,Retail,F3,New,83395,2600450.0
1/6/20,EUROPE,Shopify,null,Existing,24,4993.0
1/6/20,USA,Shopify,F2,New,172,22840.0
1/6/20,CANADA,Retail,C2,Existing,22144,983899.0
1/6/20,USA,Retail,C3,New,45584,1717126.0
1/6/20,OCEANIA,Shopify,C3,Existing,4682,859507.0
1/6/20,EUROPE,Retail,C2,Existing,9893,480329.0
1/6/20,CANADA,Shopify,C1,New,87,10421.0
1/6/20,USA,Retail,C3,Existing,105054,5860205.0
1/6/20,CANADA,Retail,C3,New,27346,992891.0
1/6/20,EUROPE,Shopify,C4,Existing,28,6538.0
1/6/20,SOUTH AMERICA,Shopify,C3,Existing,96,19362.0
1/6/20,AFRICA,Retail,F3,New,65036,2295376.0
1/6/20,CANADA,Shopify,C3,New,118,15279.0
1/6/20,OCEANIA,Retail,null,Guest,2393962,64201359.0
1/6/20,EUROPE,Shopify,null,Guest,299,61502.0
1/6/20,AFRICA,Retail,F1,New,22118,774604.0
1/6/20,AFRICA,Retail,C1,Existing,183610,6701194.0
1/6/20,SOUTH AMERICA,Shopify,null,Guest,1829,342001.0
1/6/20,ASIA,Shopify,F2,Existing,2975,479864.0
1/6/20,USA,Retail,C1,Existing,57233,2360455.0
1/6/20,ASIA,Retail,C1,Existing,184505,6144844.0
1/6/20,AFRICA,Shopify,F1,New,202,26205.0
1/6/20,CANADA,Shopify,F2,New,122,14879.0
1/6/20,AFRICA,Shopify,null,Guest,5378,916545.0
1/6/20,AFRICA,Shopify,null,Existing,331,59131.0
1/6/20,USA,Shopify,F3,Existing,1150,205120.0
1/6/20,ASIA,Shopify,null,Existing,330,53357.0
1/6/20,SOUTH AMERICA,Retail,C1,New,2275,48314.0
1/6/20,ASIA,Retail,F3,Existing,395591,20145051.0
1/6/20,OCEANIA,Retail,F1,New,38765,1259605.0
1/6/20,EUROPE,Shopify,F1,New,11,2013.0
1/6/20,USA,Retail,F1,Existing,42023,2309548.0
1/6/20,EUROPE,Shopify,C2,Existing,189,51538.0
1/6/20,OCEANIA,Shopify,C4,New,116,14930.0
1/6/20,ASIA,Shopify,F3,New,115,12321.0
1/6/20,USA,Shopify,null,Existing,166,32415.0
1/6/20,CANADA,Shopify,F1,New,73,7931.0
1/6/20,USA,Retail,C2,New,25617,849179.0
1/6/20,CANADA,Retail,F3,New,17279,629451.0
1/6/20,CANADA,Shopify,F2,Existing,1527,241924.0
1/6/20,OCEANIA,Shopify,F1,New,333,40313.0
1/6/20,AFRICA,Retail,C1,New,92225,2243463.0
1/6/20,EUROPE,Retail,C4,Existing,5113,281629.0
1/6/20,SOUTH AMERICA,Retail,C3,Existing,1390,66129.0
1/6/20,AFRICA,Shopify,C3,Existing,3095,535375.0
1/6/20,ASIA,Shopify,C2,Existing,2299,364926.0
1/6/20,SOUTH AMERICA,Shopify,F2,New,6,889.0
1/6/20,ASIA,Shopify,C3,Existing,2218,370756.0
1/6/20,AFRICA,Retail,null,Guest,1549305,44034497.0
1/6/20,EUROPE,Retail,F1,Existing,6938,395814.0
1/6/20,CANADA,Retail,null,Existing,7159,339103.0
1/6/20,OCEANIA,Shopify,C3,New,591,81032.0
1/6/20,CANADA,Shopify,C3,Existing,830,134457.0
1/6/20,SOUTH AMERICA,Retail,null,New,1323,48262.0
1/6/20,USA,Shopify,C1,New,151,17052.0
1/6/20,ASIA,Retail,F2,New,66157,2062290.0
1/6/20,USA,Shopify,F2,Existing,2357,404701.0
1/6/20,ASIA,Retail,null,Guest,1912863,49641019.0
1/6/20,ASIA,Retail,C3,New,116373,3593034.0
1/6/20,CANADA,Shopify,null,Guest,1375,221283.0
1/6/20,AFRICA,Retail,C2,Existing,113051,4782777.0
1/6/20,CANADA,Retail,F1,Existing,23408,1272834.0
1/6/20,USA,Retail,F2,New,27358,999623.0
1/6/20,OCEANIA,Retail,null,Existing,47734,1984600.0
1/6/20,USA,Shopify,null,Guest,2541,437102.0
1/6/20,SOUTH AMERICA,Retail,F3,New,319,12371.0
1/6/20,EUROPE,Shopify,C2,New,12,2736.0
1/6/20,CANADA,Shopify,F1,Existing,855,123066.0
1/6/20,EUROPE,Retail,F3,Existing,18753,1146970.0
1/6/20,USA,Retail,C2,Existing,43617,2120253.0
1/6/20,USA,Shopify,C4,New,35,4579.0
1/6/20,OCEANIA,Shopify,F1,Existing,4456,739316.0
1/6/20,CANADA,Retail,F2,New,16502,597721.0
1/6/20,SOUTH AMERICA,Shopify,F2,Existing,35,6641.0
1/6/20,ASIA,Retail,F1,Existing,96228,4598379.0
1/6/20,OCEANIA,Retail,C4,New,62033,1938192.0
1/6/20,SOUTH AMERICA,Retail,C4,New,241,9412.0
1/6/20,SOUTH AMERICA,Shopify,F3,New,4,729.0
1/6/20,SOUTH AMERICA,Retail,null,Guest,402638,16384878.0
1/6/20,OCEANIA,Retail,C2,Existing,165654,6565391.0
1/6/20,EUROPE,Shopify,C1,New,13,1940.0
1/6/20,ASIA,Shopify,F1,Existing,2115,322836.0
1/6/20,ASIA,Shopify,F1,New,206,22195.0
1/6/20,AFRICA,Shopify,C3,New,348,50415.0
1/6/20,OCEANIA,Shopify,C1,New,435,51993.0
1/6/20,ASIA,Shopify,C2,New,463,54297.0
1/6/20,ASIA,Retail,C2,Existing,129436,5020964.0
1/6/20,EUROPE,Shopify,C3,New,16,3960.0
1/6/20,EUROPE,Retail,C1,Existing,14653,642791.0
1/6/20,EUROPE,Retail,null,New,2978,130757.0
1/6/20,SOUTH AMERICA,Retail,C2,Existing,1000,39276.0
1/6/20,SOUTH AMERICA,Shopify,C4,New,2,200.0
1/6/20,CANADA,Retail,C3,Existing,59324,3122300.0
1/6/20,AFRICA,Retail,C2,New,55992,1693301.0
1/6/20,OCEANIA,Shopify,null,Guest,9327,1657052.0
1/6/20,ASIA,Shopify,C1,New,233,22858.0
1/6/20,AFRICA,Retail,C3,Existing,285480,14481894.0
1/6/20,CANADA,Retail,F2,Existing,58255,3243706.0
1/6/20,CANADA,Shopify,C4,New,21,3076.0
1/6/20,EUROPE,Retail,C4,New,1551,64040.0
1/6/20,SOUTH AMERICA,Retail,C3,New,871,33064.0
1/6/20,OCEANIA,Retail,null,New,76715,2676355.0
1/6/20,EUROPE,Shopify,null,New,17,3485.0
1/6/20,USA,Retail,C4,Existing,40879,2199765.0
1/6/20,OCEANIA,Shopify,F3,Existing,4020,726181.0
1/6/20,OCEANIA,Retail,C2,New,103052,2805143.0
1/6/20,USA,Retail,F1,New,11406,431166.0
1/6/20,USA,Shopify,C3,Existing,1661,296571.0
1/6/20,ASIA,Shopify,C4,New,60,5976.0
1/6/20,AFRICA,Retail,C4,New,44814,1505307.0
1/6/20,SOUTH AMERICA,Retail,F1,Existing,764,31846.0
1/6/20,CANADA,Shopify,C4,Existing,100,17977.0
1/6/20,AFRICA,Retail,C3,New,108011,3765237.0
1/6/20,AFRICA,Retail,null,Existing,37531,1625167.0
1/6/20,AFRICA,Retail,F2,New,61596,2142956.0
1/6/20,OCEANIA,Retail,F3,Existing,545862,30058754.0
1/6/20,EUROPE,Shopify,F3,Existing,122,29953.0
1/6/20,AFRICA,Shopify,F2,New,297,38664.0
1/6/20,CANADA,Retail,C2,New,13857,444421.0
1/6/20,EUROPE,Retail,null,Existing,2889,136881.0
1/6/20,CANADA,Retail,F1,New,6203,227793.0
1/6/20,USA,Shopify,F1,Existing,1650,271945.0
1/6/20,USA,Retail,null,Existing,13372,676605.0
1/6/20,AFRICA,Shopify,F3,Existing,2782,487031.0
1/6/20,EUROPE,Retail,C3,New,4232,181269.0
1/6/20,USA,Retail,null,Guest,533998,16629472.0
1/6/20,ASIA,Shopify,F2,New,246,30323.0
1/6/20,CANADA,Retail,null,Guest,369500,10659335.0
1/6/20,EUROPE,Retail,C2,New,2730,97070.0
1/6/20,SOUTH AMERICA,Shopify,C2,Existing,126,24175.0
1/6/20,SOUTH AMERICA,Shopify,null,New,43,7593.0
1/6/20,ASIA,Retail,F1,New,29529,927147.0
1/6/20,ASIA,Retail,C3,Existing,244513,11293131.0
1/6/20,SOUTH AMERICA,Retail,F3,Existing,1266,62193.0
1/6/20,USA,Shopify,C2,Existing,1541,268157.0
1/6/20,AFRICA,Shopify,F1,Existing,2842,451991.0
1/6/20,OCEANIA,Retail,F1,Existing,148465,7326993.0
1/6/20,ASIA,Shopify,null,Guest,4851,785343.0
1/6/20,CANADA,Retail,F3,Existing,87861,5055994.0
1/6/20,OCEANIA,Retail,C1,New,158698,3624731.0
1/6/20,EUROPE,Shopify,F3,New,2,378.0
1/6/20,ASIA,Shopify,C4,Existing,308,48877.0
1/6/20,OCEANIA,Shopify,F2,New,423,57353.0
1/6/20,SOUTH AMERICA,Retail,F2,New,435,15576.0
1/6/20,AFRICA,Retail,F1,Existing,101385,5260241.0
1/6/20,AFRICA,Retail,null,New,56150,2173243.0
1/6/20,CANADA,Shopify,F3,Existing,732,118875.0
1/6/20,AFRICA,Shopify,C1,New,309,36795.0
1/6/20,EUROPE,Shopify,C3,Existing,190,46782.0
1/6/20,AFRICA,Retail,F3,Existing,399471,22295027.0
1/6/20,USA,Retail,F3,Existing,142997,8595700.0
1/6/20,OCEANIA,Retail,F2,New,85232,2874973.0
1/6/20,EUROPE,Shopify,F2,New,7,963.0
1/6/20,EUROPE,Retail,F1,New,941,37549.0
1/6/20,SOUTH AMERICA,Shopify,C1,New,18,2127.0
1/6/20,OCEANIA,Retail,C3,New,145731,4800211.0
25/5/20,EUROPE,Retail,C1,New,4058,127974.0
25/5/20,USA,Retail,C3,New,43561,1706118.0
25/5/20,EUROPE,Retail,C4,New,1469,59847.0
25/5/20,SOUTH AMERICA,Retail,C3,New,785,30541.0
25/5/20,OCEANIA,Retail,null,New,72603,2559410.0
25/5/20,ASIA,Retail,null,Existing,31740,1284097.0
25/5/20,AFRICA,Shopify,C1,Existing,1800,273334.0
25/5/20,SOUTH AMERICA,Shopify,F3,New,3,650.0
25/5/20,CANADA,Shopify,F3,Existing,839,137901.0
25/5/20,CANADA,Retail,C2,Existing,22611,978619.0
25/5/20,AFRICA,Retail,null,New,51939,2058255.0
25/5/20,AFRICA,Shopify,C3,New,365,50955.0
25/5/20,OCEANIA,Shopify,C4,Existing,776,128601.0
25/5/20,CANADA,Shopify,F1,Existing,991,142137.0
25/5/20,CANADA,Retail,C2,New,14039,435734.0
25/5/20,USA,Shopify,C2,Existing,1488,270166.0
25/5/20,OCEANIA,Shopify,F3,New,221,27475.0
25/5/20,OCEANIA,Shopify,F3,Existing,4439,811878.0
25/5/20,ASIA,Shopify,null,Existing,325,52847.0
25/5/20,ASIA,Retail,C2,New,80689,2095617.0
25/5/20,ASIA,Retail,C1,Existing,176573,5892963.0
25/5/20,AFRICA,Shopify,C2,Existing,2659,452686.0
25/5/20,ASIA,Retail,F3,New,83588,2596974.0
25/5/20,CANADA,Shopify,C3,New,121,14654.0
25/5/20,SOUTH AMERICA,Retail,F1,New,261,9753.0
25/5/20,AFRICA,Retail,null,Existing,31924,1414121.0
25/5/20,OCEANIA,Shopify,F1,New,366,44266.0
25/5/20,OCEANIA,Shopify,null,Existing,594,107002.0
25/5/20,USA,Shopify,F2,New,155,20006.0
25/5/20,CANADA,Retail,C4,Existing,28863,1444579.0
25/5/20,CANADA,Retail,C3,New,27848,971467.0
25/5/20,EUROPE,Shopify,C4,Existing,28,7149.0
25/5/20,SOUTH AMERICA,Shopify,C3,Existing,98,20076.0
25/5/20,CANADA,Retail,null,New,13367,524469.0
25/5/20,ASIA,Shopify,C2,New,512,57200.0
25/5/20,SOUTH AMERICA,Shopify,null,Existing,2,519.0
25/5/20,ASIA,Shopify,null,Guest,5264,850777.0
25/5/20,AFRICA,Shopify,F1,New,210,26409.0
25/5/20,ASIA,Shopify,C3,New,330,38469.0
25/5/20,USA,Retail,C4,Existing,38332,2106575.0
25/5/20,SOUTH AMERICA,Retail,C4,Existing,303,16217.0
25/5/20,SOUTH AMERICA,Retail,F3,New,299,10548.0
25/5/20,CANADA,Retail,C3,Existing,61197,3184661.0
25/5/20,USA,Retail,F3,Existing,135250,8488121.0
25/5/20,ASIA,Retail,null,New,59692,2001324.0
25/5/20,EUROPE,Retail,F1,Existing,6747,399929.0
25/5/20,AFRICA,Shopify,null,Existing,307,53119.0
25/5/20,OCEANIA,Retail,F3,New,102157,3420682.0
25/5/20,USA,Shopify,null,Existing,118,21403.0
25/5/20,AFRICA,Retail,C4,Existing,114838,5860793.0
25/5/20,ASIA,Shopify,C4,Existing,314,52201.0
25/5/20,EUROPE,Retail,null,New,2908,134319.0
25/5/20,SOUTH AMERICA,Retail,C3,Existing,1311,63767.0
25/5/20,ASIA,Retail,F1,New,28191,883040.0
25/5/20,AFRICA,Shopify,C2,New,389,47348.0
25/5/20,SOUTH AMERICA,Shopify,null,Guest,2015,373557.0
25/5/20,EUROPE,Shopify,null,New,9,3033.0
25/5/20,EUROPE,Shopify,C1,New,13,1840.0
25/5/20,EUROPE,Shopify,null,Existing,24,4451.0
25/5/20,ASIA,Retail,F3,Existing,394418,20131948.0
25/5/20,OCEANIA,Retail,F1,New,37044,1213052.0
25/5/20,CANADA,Shopify,F1,New,75,7387.0
25/5/20,USA,Retail,C2,New,24070,835435.0
25/5/20,USA,Shopify,null,Guest,2352,414909.0
25/5/20,OCEANIA,Retail,F2,Existing,343495,18127949.0
25/5/20,USA,Retail,C2,Existing,40998,2081122.0
25/5/20,USA,Shopify,C4,New,29,2918.0
25/5/20,EUROPE,Retail,C3,New,4066,169891.0
25/5/20,CANADA,Retail,F2,New,17090,599091.0
25/5/20,SOUTH AMERICA,Shopify,F2,Existing,28,5603.0
25/5/20,OCEANIA,Retail,F1,Existing,144821,7185403.0
25/5/20,EUROPE,Retail,C2,Existing,9723,482176.0
25/5/20,OCEANIA,Shopify,C2,New,863,108432.0
25/5/20,USA,Shopify,F1,New,137,19068.0
25/5/20,OCEANIA,Retail,C1,Existing,245378,8904584.0
25/5/20,USA,Shopify,null,New,154,22297.0
25/5/20,AFRICA,Retail,F3,New,63773,2273924.0
25/5/20,ASIA,Shopify,F3,New,154,15450.0
25/5/20,EUROPE,Retail,F2,Existing,14222,864678.0
25/5/20,USA,Retail,F3,New,25946,996323.0
25/5/20,SOUTH AMERICA,Retail,null,Guest,409681,16689553.0
25/5/20,OCEANIA,Retail,C2,Existing,162059,6381581.0
25/5/20,EUROPE,Shopify,C1,Existing,117,21550.0
25/5/20,CANADA,Retail,F1,Existing,24023,1262108.0
25/5/20,SOUTH AMERICA,Retail,F2,New,359,13228.0
25/5/20,OCEANIA,Retail,C3,New,143397,4630423.0
25/5/20,ASIA,Retail,C3,Existing,242930,11188948.0
25/5/20,CANADA,Shopify,C1,New,106,13048.0
25/5/20,EUROPE,Retail,F3,New,1703,74402.0
25/5/20,SOUTH AMERICA,Shopify,C2,New,43,7878.0
25/5/20,AFRICA,Retail,C1,Existing,175723,6593576.0
25/5/20,AFRICA,Retail,C2,Existing,108828,4696652.0
25/5/20,EUROPE,Shopify,F1,New,6,1467.0
25/5/20,USA,Shopify,C1,New,139,16512.0
25/5/20,OCEANIA,Retail,C1,New,152787,3445754.0
25/5/20,EUROPE,Retail,F2,New,1550,65748.0
25/5/20,SOUTH AMERICA,Retail,F2,Existing,985,48667.0
25/5/20,ASIA,Retail,null,Guest,1990419,50861380.0
25/5/20,CANADA,Shopify,C4,New,28,3179.0
25/5/20,SOUTH AMERICA,Shopify,F1,Existing,72,16537.0
25/5/20,SOUTH AMERICA,Shopify,C2,Existing,141,26520.0
25/5/20,SOUTH AMERICA,Retail,C2,New,773,23364.0
25/5/20,USA,Shopify,F3,Existing,1104,203447.0
25/5/20,OCEANIA,Retail,F2,New,84564,2818371.0
25/5/20,ASIA,Retail,F1,Existing,92730,4390349.0
25/5/20,CANADA,Shopify,null,New,88,12923.0
25/5/20,CANADA,Shopify,null,Guest,1623,257137.0
25/5/20,ASIA,Retail,C2,Existing,125785,4816608.0
25/5/20,ASIA,Shopify,F1,New,224,25425.0
25/5/20,AFRICA,Shopify,C3,Existing,3102,546433.0
25/5/20,ASIA,Shopify,F1,Existing,2315,354979.0
25/5/20,EUROPE,Retail,F1,New,894,36662.0
25/5/20,AFRICA,Retail,F1,Existing,97045,5130188.0
25/5/20,SOUTH AMERICA,Shopify,C1,Existing,68,12345.0
25/5/20,EUROPE,Retail,null,Existing,2498,114907.0
25/5/20,OCEANIA,Shopify,C3,Existing,5036,917385.0
25/5/20,USA,Retail,F2,Existing,91565,5452272.0
25/5/20,EUROPE,Retail,C2,New,2673,91394.0
25/5/20,AFRICA,Shopify,null,Guest,5412,931566.0
25/5/20,CANADA,Shopify,F2,New,105,12383.0
25/5/20,EUROPE,Shopify,F3,New,5,1073.0
25/5/20,AFRICA,Retail,F2,New,60270,2111520.0
25/5/20,USA,Retail,C4,New,17119,605686.0
25/5/20,AFRICA,Shopify,C4,Existing,431,73444.0
25/5/20,ASIA,Shopify,null,New,322,43451.0
25/5/20,AFRICA,Retail,F1,New,20920,741208.0
25/5/20,AFRICA,Retail,C1,New,88731,2188678.0
25/5/20,AFRICA,Shopify,F2,Existing,5411,909331.0
25/5/20,AFRICA,Shopify,F3,Existing,2878,507294.0
25/5/20,AFRICA,Shopify,F3,New,130,15046.0
25/5/20,USA,Retail,null,Guest,543117,17471175.0
25/5/20,CANADA,Shopify,F2,Existing,1580,255585.0
25/5/20,ASIA,Shopify,F3,Existing,2248,370370.0
25/5/20,SOUTH AMERICA,Retail,null,Existing,206,6866.0
25/5/20,AFRICA,Retail,C2,New,53950,1651604.0
25/5/20,OCEANIA,Shopify,null,Guest,10421,1812967.0
25/5/20,SOUTH AMERICA,Retail,F3,Existing,1203,57340.0
25/5/20,OCEANIA,Retail,C2,New,99919,2688796.0
25/5/20,USA,Retail,F1,New,10495,407944.0
25/5/20,EUROPE,Shopify,C2,New,18,3762.0
25/5/20,SOUTH AMERICA,Shopify,F2,New,14,1642.0
25/5/20,OCEANIA,Shopify,C3,New,652,87743.0
25/5/20,CANADA,Retail,null,Existing,6707,313931.0
25/5/20,ASIA,Shopify,F2,New,299,34114.0
25/5/20,USA,Retail,C1,Existing,53163,2289378.0
25/5/20,CANADA,Shopify,C3,Existing,869,140241.0
25/5/20,ASIA,Retail,C3,New,113649,3459907.0
25/5/20,AFRICA,Retail,C3,Existing,279278,14340640.0
25/5/20,CANADA,Retail,C4,New,12710,418004.0
25/5/20,SOUTH AMERICA,Shopify,C4,Existing,9,1595.0
25/5/20,OCEANIA,Retail,C3,Existing,337531,16579002.0
25/5/20,EUROPE,Shopify,C3,Existing,188,42525.0
25/5/20,USA,Retail,C3,Existing,99416,5745300.0
25/5/20,SOUTH AMERICA,Retail,C4,New,206,7463.0
25/5/20,CANADA,Retail,F1,New,6451,226298.0
25/5/20,SOUTH AMERICA,Retail,C2,Existing,899,34455.0
25/5/20,EUROPE,Retail,C4,Existing,4960,270446.0
25/5/20,OCEANIA,Retail,C4,Existing,152844,7530875.0
25/5/20,CANADA,Shopify,C1,Existing,629,92035.0
25/5/20,OCEANIA,Shopify,F2,Existing,7383,1327780.0
25/5/20,OCEANIA,Retail,null,Existing,42140,1734583.0
25/5/20,OCEANIA,Retail,C4,New,61630,1884396.0
25/5/20,USA,Shopify,C3,New,213,27436.0
25/5/20,OCEANIA,Retail,null,Guest,2502386,66777165.0
25/5/20,ASIA,Shopify,C3,Existing,2282,398819.0
25/5/20,EUROPE,Shopify,C3,New,17,3886.0
25/5/20,ASIA,Shopify,C1,New,340,32982.0
25/5/20,EUROPE,Retail,C1,Existing,14005,625019.0
25/5/20,OCEANIA,Shopify,F1,Existing,4824,803263.0
25/5/20,CANADA,Retail,C1,New,28322,724522.0
25/5/20,USA,Shopify,C1,Existing,782,125540.0
25/5/20,ASIA,Shopify,C4,New,67,8220.0
25/5/20,AFRICA,Retail,C3,New,104847,3673447.0
25/5/20,USA,Retail,F2,New,25377,967206.0
25/5/20,USA,Retail,null,Existing,11066,572226.0
25/5/20,USA,Shopify,F1,Existing,1512,248170.0
25/5/20,OCEANIA,Shopify,C2,Existing,4997,857113.0
25/5/20,CANADA,Shopify,C2,Existing,853,135954.0
25/5/20,ASIA,Shopify,F2,Existing,3346,536321.0
25/5/20,OCEANIA,Shopify,F2,New,508,66210.0
25/5/20,EUROPE,Shopify,null,Guest,318,81817.0
25/5/20,AFRICA,Shopify,F1,Existing,2855,458553.0
25/5/20,EUROPE,Retail,null,Guest,102462,3566517.0
25/5/20,USA,Shopify,C2,New,243,34341.0
25/5/20,USA,Retail,null,New,19718,846554.0
25/5/20,EUROPE,Shopify,F2,Existing,248,49873.0
25/5/20,USA,Shopify,F3,New,66,6730.0
25/5/20,AFRICA,Retail,C4,New,44242,1480588.0
25/5/20,AFRICA,Retail,null,Guest,1609077,46409881.0
25/5/20,USA,Shopify,F2,Existing,2127,377519.0
25/5/20,ASIA,Retail,C1,New,117806,2539273.0
25/5/20,CANADA,Shopify,F3,New,49,5783.0
25/5/20,SOUTH AMERICA,Retail,F1,Existing,720,31856.0
25/5/20,SOUTH AMERICA,Shopify,null,New,48,8750.0
25/5/20,OCEANIA,Shopify,C1,Existing,2786,443207.0
25/5/20,SOUTH AMERICA,Shopify,C3,New,35,5609.0
25/5/20,EUROPE,Shopify,C4,New,2,258.0
25/5/20,USA,Shopify,C3,Existing,1578,290477.0
25/5/20,CANADA,Shopify,null,Existing,91,13513.0
25/5/20,SOUTH AMERICA,Shopify,C4,New,4,570.0
25/5/20,CANADA,Shopify,C2,New,121,13595.0
25/5/20,CANADA,Retail,null,Guest,410737,11531995.0
25/5/20,EUROPE,Shopify,F2,New,3,320.0
25/5/20,ASIA,Retail,C4,New,51064,1457714.0
25/5/20,ASIA,Retail,F2,New,65994,2055441.0
25/5/20,AFRICA,Retail,F2,Existing,272340,14815771.0
25/5/20,SOUTH AMERICA,Shopify,C1,New,17,2548.0
25/5/20,CANADA,Retail,C1,Existing,54585,2263831.0
25/5/20,EUROPE,Shopify,C2,Existing,180,58215.0
25/5/20,USA,Retail,C1,New,32072,878454.0
25/5/20,SOUTH AMERICA,Retail,C1,New,2167,45385.0
25/5/20,OCEANIA,Shopify,C1,New,488,56803.0
25/5/20,CANADA,Shopify,C4,Existing,130,22382.0
25/5/20,AFRICA,Shopify,C4,New,69,9356.0
25/5/20,EUROPE,Retail,F3,Existing,18194,1133335.0
25/5/20,OCEANIA,Shopify,null,New,516,73470.0
25/5/20,USA,Retail,F1,Existing,39359,2288818.0
25/5/20,OCEANIA,Shopify,C4,New,122,14860.0
25/5/20,SOUTH AMERICA,Retail,null,New,1177,44026.0
25/5/20,AFRICA,Retail,F3,Existing,392229,22248935.0
25/5/20,CANADA,Retail,F3,New,18014,638483.0
25/5/20,SOUTH AMERICA,Shopify,F3,Existing,29,5827.0
25/5/20,SOUTH AMERICA,Shopify,F1,New,8,1669.0
25/5/20,CANADA,Retail,F3,Existing,92007,5195267.0
25/5/20,OCEANIA,Retail,F3,Existing,544706,30110314.0
25/5/20,AFRICA,Shopify,F2,New,280,38597.0
25/5/20,EUROPE,Shopify,F3,Existing,137,35632.0
25/5/20,AFRICA,Shopify,null,New,290,44069.0
25/5/20,ASIA,Retail,F2,Existing,219279,10832358.0
25/5/20,ASIA,Shopify,C1,Existing,1362,197038.0
25/5/20,EUROPE,Shopify,F1,Existing,158,29908.0
25/5/20,AFRICA,Shopify,C1,New,264,30990.0
25/5/20,ASIA,Retail,C4,Existing,110674,5001925.0
25/5/20,EUROPE,Retail,C3,Existing,15575,866297.0
25/5/20,SOUTH AMERICA,Retail,C1,Existing,2841,78053.0
25/5/20,ASIA,Shopify,C2,Existing,2534,402203.0
25/5/20,CANADA,Retail,F2,Existing,60788,3324021.0
25/5/20,USA,Shopify,C4,Existing,192,31126.0
18/5/20,OCEANIA,Retail,F1,New,39193,1280896.0
18/5/20,EUROPE,Shopify,F1,New,7,1268.0
18/5/20,EUROPE,Retail,C3,New,3952,155355.0
18/5/20,USA,Shopify,C4,New,50,5180.0
18/5/20,USA,Retail,F2,New,27711,1041064.0
18/5/20,AFRICA,Retail,C2,Existing,112703,4801310.0
18/5/20,ASIA,Shopify,F1,Existing,2334,361882.0
18/5/20,EUROPE,Retail,C4,Existing,5001,270980.0
18/5/20,OCEANIA,Retail,null,Guest,2457069,64211904.0
18/5/20,EUROPE,Shopify,null,Guest,359,73718.0
18/5/20,ASIA,Retail,F1,Existing,97334,4618567.0
18/5/20,OCEANIA,Shopify,C3,Existing,4861,897722.0
18/5/20,ASIA,Shopify,C4,New,49,4719.0
18/5/20,EUROPE,Shopify,null,Existing,19,3887.0
18/5/20,SOUTH AMERICA,Retail,C3,Existing,1425,66634.0
18/5/20,CANADA,Retail,F3,Existing,93226,5161179.0
18/5/20,CANADA,Retail,null,Guest,398641,11043793.0
18/5/20,OCEANIA,Retail,C2,Existing,169469,6517112.0
18/5/20,OCEANIA,Shopify,F3,New,231,27642.0
18/5/20,CANADA,Retail,F2,New,17228,600119.0
18/5/20,SOUTH AMERICA,Shopify,F2,Existing,28,5342.0
18/5/20,CANADA,Shopify,C1,New,109,12427.0
18/5/20,AFRICA,Retail,F1,New,22031,789634.0
18/5/20,USA,Shopify,F2,Existing,2331,408215.0
18/5/20,AFRICA,Shopify,F1,New,213,27920.0
18/5/20,ASIA,Retail,F2,New,68227,2100027.0
18/5/20,ASIA,Shopify,C1,New,293,29915.0
18/5/20,CANADA,Shopify,F2,New,116,13502.0
18/5/20,ASIA,Retail,null,Guest,1950229,49309503.0
18/5/20,AFRICA,Shopify,C3,Existing,2972,522563.0
18/5/20,AFRICA,Retail,C2,New,56038,1685671.0
18/5/20,OCEANIA,Shopify,null,Guest,10159,1758894.0
18/5/20,AFRICA,Retail,C3,Existing,285888,14498529.0
18/5/20,USA,Shopify,C3,Existing,1600,293977.0
18/5/20,USA,Retail,null,Guest,537806,16718027.0
18/5/20,ASIA,Shopify,F2,New,273,30045.0
18/5/20,ASIA,Shopify,C3,Existing,2379,405243.0
18/5/20,EUROPE,Retail,null,Existing,2384,109364.0
18/5/20,EUROPE,Retail,C1,Existing,14427,616473.0
18/5/20,AFRICA,Retail,null,Guest,1546665,44493573.0
18/5/20,OCEANIA,Shopify,F2,Existing,7083,1258891.0
18/5/20,AFRICA,Shopify,F2,New,305,39477.0
18/5/20,CANADA,Retail,F1,New,6697,243183.0
18/5/20,EUROPE,Retail,F1,New,889,34915.0
18/5/20,SOUTH AMERICA,Retail,F2,New,375,13996.0
18/5/20,CANADA,Retail,C1,New,29965,747640.0
18/5/20,SOUTH AMERICA,Retail,F2,Existing,1090,53175.0
18/5/20,SOUTH AMERICA,Shopify,C1,Existing,58,10807.0
18/5/20,OCEANIA,Retail,C3,Existing,344685,16652063.0
18/5/20,AFRICA,Shopify,null,Guest,5433,915413.0
18/5/20,OCEANIA,Shopify,C2,Existing,4813,811341.0
18/5/20,USA,Shopify,F1,Existing,1612,269246.0
18/5/20,SOUTH AMERICA,Shopify,F1,Existing,62,16097.0
18/5/20,ASIA,Retail,F3,Existing,404613,20396901.0
18/5/20,ASIA,Shopify,C3,New,295,34920.0
18/5/20,EUROPE,Retail,C2,New,2796,98181.0
18/5/20,SOUTH AMERICA,Retail,C2,Existing,1021,39618.0
18/5/20,SOUTH AMERICA,Shopify,C4,New,6,1671.0
18/5/20,SOUTH AMERICA,Retail,F1,Existing,770,30940.0
18/5/20,EUROPE,Retail,F3,New,1671,66955.0
18/5/20,OCEANIA,Shopify,C1,Existing,2882,446036.0
18/5/20,CANADA,Retail,C4,New,12563,407517.0
18/5/20,OCEANIA,Shopify,C4,Existing,722,124572.0
18/5/20,OCEANIA,Retail,F3,New,102800,3358384.0
18/5/20,USA,Shopify,null,Existing,113,20850.0
18/5/20,CANADA,Shopify,C4,New,19,2342.0
18/5/20,CANADA,Shopify,C2,Existing,805,119530.0
18/5/20,AFRICA,Shopify,F2,Existing,5400,907257.0
18/5/20,ASIA,Retail,F3,New,84353,2588654.0
18/5/20,SOUTH AMERICA,Retail,F1,New,256,9188.0
18/5/20,CANADA,Shopify,F1,New,96,11704.0
18/5/20,SOUTH AMERICA,Shopify,C1,New,24,3352.0
18/5/20,OCEANIA,Retail,F3,Existing,554324,30026087.0
18/5/20,EUROPE,Shopify,F3,Existing,120,33079.0
18/5/20,USA,Retail,null,Existing,10936,553428.0
18/5/20,USA,Retail,C3,Existing,104644,5879139.0
18/5/20,CANADA,Retail,F1,Existing,25278,1330104.0
18/5/20,SOUTH AMERICA,Shopify,null,New,36,6931.0
18/5/20,USA,Retail,null,New,20474,863512.0
18/5/20,SOUTH AMERICA,Shopify,F1,New,9,1952.0
18/5/20,AFRICA,Retail,F3,Existing,400769,22377941.0
18/5/20,EUROPE,Retail,C1,New,4151,123920.0
18/5/20,SOUTH AMERICA,Retail,C1,Existing,3153,87706.0
18/5/20,ASIA,Retail,C4,Existing,113465,5062985.0
18/5/20,EUROPE,Retail,C3,Existing,15548,835929.0
18/5/20,OCEANIA,Retail,F2,Existing,354796,18360291.0
18/5/20,EUROPE,Shopify,F2,Existing,239,44786.0
18/5/20,USA,Shopify,C2,Existing,1502,266727.0
18/5/20,CANADA,Shopify,null,Existing,91,14592.0
18/5/20,CANADA,Retail,C2,New,14666,451976.0
18/5/20,USA,Retail,C4,New,18014,634015.0
18/5/20,USA,Shopify,C1,New,177,22785.0
18/5/20,ASIA,Retail,F1,New,29995,939066.0
18/5/20,AFRICA,Retail,C3,New,105512,3624839.0
18/5/20,ASIA,Retail,null,Existing,29933,1172060.0
18/5/20,AFRICA,Shopify,C2,New,445,54615.0
18/5/20,SOUTH AMERICA,Retail,F3,Existing,1359,62387.0
18/5/20,AFRICA,Shopify,C1,Existing,1782,262445.0
18/5/20,SOUTH AMERICA,Retail,C4,Existing,380,16562.0
18/5/20,USA,Shopify,C4,Existing,198,33872.0
18/5/20,ASIA,Retail,C1,Existing,187760,6165599.0
18/5/20,AFRICA,Retail,F3,New,63243,2210786.0
18/5/20,EUROPE,Retail,F3,Existing,18478,1109858.0
18/5/20,OCEANIA,Shopify,F1,Existing,4821,802055.0
18/5/20,USA,Retail,F1,Existing,41985,2397635.0
18/5/20,EUROPE,Shopify,C2,Existing,183,39994.0
18/5/20,OCEANIA,Shopify,C4,New,123,15073.0
18/5/20,USA,Retail,F1,New,11502,446379.0
18/5/20,OCEANIA,Retail,C2,New,105786,2763891.0
18/5/20,EUROPE,Shopify,C2,New,21,4394.0
18/5/20,CANADA,Shopify,C4,Existing,112,19570.0
18/5/20,EUROPE,Shopify,F3,New,8,1919.0
18/5/20,ASIA,Retail,C4,New,51366,1447820.0
18/5/20,AFRICA,Shopify,F1,Existing,2902,461278.0
18/5/20,CANADA,Retail,F2,Existing,62560,3334217.0
18/5/20,OCEANIA,Shopify,F3,Existing,4168,758167.0
18/5/20,USA,Retail,C3,New,45273,1704710.0
18/5/20,EUROPE,Shopify,F1,Existing,157,32220.0
18/5/20,SOUTH AMERICA,Retail,C2,New,905,26133.0
18/5/20,OCEANIA,Retail,F1,Existing,152103,7531190.0
18/5/20,CANADA,Retail,null,New,13266,518467.0
18/5/20,SOUTH AMERICA,Shopify,C3,New,28,4052.0
18/5/20,EUROPE,Shopify,C4,New,3,218.0
18/5/20,USA,Retail,C1,New,35471,935950.0
18/5/20,AFRICA,Shopify,F3,New,167,20031.0
18/5/20,USA,Retail,F2,Existing,97770,5577831.0
18/5/20,OCEANIA,Retail,C4,Existing,154258,7584111.0
18/5/20,CANADA,Shopify,C1,Existing,640,88372.0
18/5/20,CANADA,Shopify,null,New,93,12524.0
18/5/20,SOUTH AMERICA,Shopify,null,Guest,1939,359051.0
18/5/20,USA,Shopify,F3,New,63,8066.0
18/5/20,ASIA,Retail,C1,New,126880,2666444.0
18/5/20,ASIA,Shopify,C4,Existing,300,47653.0
18/5/20,AFRICA,Shopify,null,Existing,292,52205.0
18/5/20,SOUTH AMERICA,Retail,C4,New,278,11298.0
18/5/20,ASIA,Retail,null,New,59543,1986987.0
18/5/20,AFRICA,Retail,C4,Existing,116292,5918845.0
18/5/20,USA,Retail,C2,Existing,43956,2137229.0
18/5/20,ASIA,Shopify,null,Guest,5310,845405.0
18/5/20,SOUTH AMERICA,Retail,null,Guest,407271,16232292.0
18/5/20,AFRICA,Retail,F1,Existing,101740,5376453.0
18/5/20,ASIA,Shopify,null,New,303,42583.0
18/5/20,AFRICA,Shopify,C4,Existing,445,76494.0
18/5/20,AFRICA,Shopify,C4,New,65,7421.0
18/5/20,USA,Shopify,F2,New,177,23920.0
18/5/20,USA,Retail,C4,Existing,40542,2181810.0
18/5/20,OCEANIA,Shopify,null,New,453,66849.0
18/5/20,OCEANIA,Retail,F2,New,86897,2851231.0
18/5/20,USA,Retail,C1,Existing,57896,2390319.0
18/5/20,CANADA,Retail,null,Existing,6251,282150.0
18/5/20,OCEANIA,Shopify,C3,New,598,77180.0
18/5/20,SOUTH AMERICA,Retail,null,New,1216,44550.0
18/5/20,CANADA,Shopify,C3,Existing,893,152602.0
18/5/20,OCEANIA,Shopify,C2,New,796,101218.0
18/5/20,USA,Shopify,F1,New,167,19294.0
18/5/20,USA,Shopify,C1,Existing,820,127924.0
18/5/20,CANADA,Retail,F3,New,17791,617637.0
18/5/20,ASIA,Retail,F2,Existing,226560,11017216.0
18/5/20,SOUTH AMERICA,Shopify,F3,Existing,35,7445.0
18/5/20,CANADA,Retail,C4,Existing,29247,1448578.0
18/5/20,AFRICA,Retail,C1,New,94032,2284891.0
18/5/20,EUROPE,Shopify,C1,New,17,2599.0
18/5/20,ASIA,Retail,C3,Existing,249691,11356688.0
18/5/20,SOUTH AMERICA,Shopify,F2,New,6,991.0
18/5/20,SOUTH AMERICA,Shopify,C2,Existing,151,27513.0
18/5/20,USA,Shopify,C2,New,255,34101.0
18/5/20,SOUTH AMERICA,Shopify,C2,New,43,6485.0
18/5/20,SOUTH AMERICA,Retail,F3,New,350,12755.0
18/5/20,AFRICA,Retail,C1,Existing,183945,6723137.0
18/5/20,USA,Shopify,F3,Existing,1184,214428.0
18/5/20,USA,Shopify,null,New,155,27544.0
18/5/20,EUROPE,Retail,F2,New,1531,62635.0
18/5/20,EUROPE,Retail,null,Guest,97409,3247033.0
18/5/20,CANADA,Shopify,F3,New,44,4193.0
18/5/20,OCEANIA,Retail,C1,New,163256,3566897.0
18/5/20,AFRICA,Retail,null,Existing,30321,1303250.0
18/5/20,USA,Retail,F3,New,27372,1011014.0
18/5/20,OCEANIA,Retail,C1,Existing,260458,9204042.0
18/5/20,EUROPE,Retail,F2,Existing,14470,854624.0
18/5/20,EUROPE,Shopify,C1,Existing,108,21419.0
18/5/20,EUROPE,Shopify,F2,New,12,2667.0
18/5/20,EUROPE,Shopify,C3,Existing,189,49587.0
18/5/20,ASIA,Shopify,F3,New,119,11595.0
18/5/20,ASIA,Shopify,F1,New,238,25609.0
18/5/20,AFRICA,Shopify,C3,New,347,47270.0
18/5/20,CANADA,Retail,C1,Existing,56608,2272218.0
18/5/20,SOUTH AMERICA,Shopify,C4,Existing,9,1765.0
18/5/20,USA,Retail,C2,New,25761,858130.0
18/5/20,USA,Shopify,C3,New,247,33358.0
18/5/20,USA,Retail,F3,Existing,142242,8614840.0
18/5/20,ASIA,Retail,C3,New,116097,3474692.0
18/5/20,CANADA,Shopify,null,Guest,1589,254131.0
18/5/20,ASIA,Shopify,null,Existing,259,42638.0
18/5/20,CANADA,Shopify,C2,New,133,14872.0
18/5/20,OCEANIA,Retail,null,New,72100,2502063.0
18/5/20,EUROPE,Shopify,null,New,13,3900.0
18/5/20,EUROPE,Retail,C4,New,1328,52738.0
18/5/20,SOUTH AMERICA,Retail,C3,New,847,31967.0
18/5/20,OCEANIA,Shopify,C1,New,491,53463.0
18/5/20,OCEANIA,Shopify,F1,New,400,46560.0
18/5/20,ASIA,Shopify,F3,Existing,2180,364412.0
18/5/20,EUROPE,Retail,F1,Existing,6895,395124.0
18/5/20,OCEANIA,Retail,null,Existing,39624,1602793.0
18/5/20,AFRICA,Retail,C4,New,43398,1429280.0
18/5/20,SOUTH AMERICA,Shopify,null,Existing,7,1306.0
18/5/20,ASIA,Shopify,C2,New,498,55710.0
18/5/20,AFRICA,Retail,F2,Existing,280492,15037298.0
18/5/20,SOUTH AMERICA,Retail,null,Existing,196,8518.0
18/5/20,EUROPE,Retail,null,New,2816,119937.0
18/5/20,ASIA,Shopify,F2,Existing,3255,535805.0
18/5/20,USA,Shopify,null,Guest,2485,429979.0
18/5/20,CANADA,Shopify,F3,Existing,803,130015.0
18/5/20,AFRICA,Shopify,null,New,284,40431.0
18/5/20,ASIA,Shopify,C2,Existing,2416,383797.0
18/5/20,ASIA,Retail,C2,Existing,130890,4956551.0
18/5/20,EUROPE,Shopify,C3,New,15,3036.0
18/5/20,ASIA,Retail,C2,New,84489,2143224.0
18/5/20,ASIA,Shopify,C1,Existing,1326,190616.0
18/5/20,CANADA,Retail,C3,Existing,62665,3181673.0
18/5/20,OCEANIA,Shopify,F2,New,500,64714.0
18/5/20,OCEANIA,Retail,C3,New,145096,4559208.0
18/5/20,AFRICA,Shopify,C2,Existing,2741,465393.0
18/5/20,SOUTH AMERICA,Shopify,F3,New,6,793.0
18/5/20,CANADA,Retail,C3,New,27933,954785.0
18/5/20,CANADA,Shopify,F1,Existing,965,141441.0
18/5/20,EUROPE,Shopify,C4,Existing,28,5354.0
18/5/20,SOUTH AMERICA,Shopify,C3,Existing,100,19672.0
18/5/20,SOUTH AMERICA,Retail,C1,New,2400,49090.0
18/5/20,CANADA,Shopify,C3,New,125,13412.0
18/5/20,OCEANIA,Retail,C4,New,60964,1834416.0
18/5/20,EUROPE,Retail,C2,Existing,9911,465648.0
18/5/20,AFRICA,Retail,null,New,51365,2006122.0
18/5/20,OCEANIA,Shopify,null,Existing,526,96732.0
18/5/20,AFRICA,Retail,F2,New,62022,2146858.0
18/5/20,AFRICA,Shopify,C1,New,314,36469.0
18/5/20,AFRICA,Shopify,F3,Existing,2735,480498.0
18/5/20,CANADA,Shopify,F2,Existing,1606,258708.0
18/5/20,CANADA,Retail,C2,Existing,23482,993855.0
11/5/20,CANADA,Retail,C2,New,14166,425531.0
11/5/20,SOUTH AMERICA,Shopify,C2,Existing,141,26106.0
11/5/20,AFRICA,Retail,C1,New,92342,2231451.0
11/5/20,SOUTH AMERICA,Retail,null,New,1300,44326.0
11/5/20,SOUTH AMERICA,Shopify,F1,New,6,1086.0
11/5/20,USA,Retail,C1,Existing,57746,2427780.0
11/5/20,OCEANIA,Shopify,null,New,503,81347.0
11/5/20,CANADA,Shopify,C2,Existing,799,126410.0
11/5/20,ASIA,Retail,C4,Existing,113126,5033895.0
11/5/20,ASIA,Shopify,null,Existing,312,51321.0
11/5/20,USA,Retail,null,New,22374,937494.0
11/5/20,EUROPE,Shopify,F3,New,5,664.0
11/5/20,OCEANIA,Shopify,C1,Existing,2774,436951.0
11/5/20,OCEANIA,Shopify,C2,Existing,4691,821647.0
11/5/20,USA,Shopify,F1,Existing,1658,271535.0
11/5/20,SOUTH AMERICA,Shopify,null,Guest,1982,362625.0
11/5/20,SOUTH AMERICA,Shopify,F3,Existing,29,5870.0
11/5/20,OCEANIA,Retail,C1,New,158593,3491442.0
11/5/20,EUROPE,Shopify,C1,New,11,1295.0
11/5/20,EUROPE,Retail,C1,New,4162,121053.0
11/5/20,AFRICA,Shopify,null,New,316,45478.0
11/5/20,CANADA,Retail,C1,Existing,56723,2301552.0
11/5/20,OCEANIA,Shopify,C2,New,798,103772.0
11/5/20,USA,Shopify,F1,New,156,19302.0
11/5/20,EUROPE,Retail,F2,New,1490,59817.0
11/5/20,SOUTH AMERICA,Retail,C2,New,844,26248.0
11/5/20,ASIA,Retail,F3,New,82149,2502473.0
11/5/20,CANADA,Retail,null,Guest,403000,11213200.0
11/5/20,USA,Shopify,F3,Existing,1156,213719.0
11/5/20,USA,Retail,C3,New,44264,1666719.0
11/5/20,OCEANIA,Retail,null,New,80187,2767160.0
11/5/20,OCEANIA,Shopify,F3,New,221,29420.0
11/5/20,AFRICA,Shopify,F3,New,169,19319.0
11/5/20,CANADA,Retail,C3,New,27570,941004.0
11/5/20,SOUTH AMERICA,Shopify,C3,Existing,104,21056.0
11/5/20,CANADA,Shopify,F2,New,132,15095.0
11/5/20,SOUTH AMERICA,Retail,F3,New,370,13429.0
11/5/20,CANADA,Retail,null,Existing,8298,383617.0
11/5/20,CANADA,Shopify,F1,Existing,909,129128.0
11/5/20,EUROPE,Shopify,C1,Existing,124,22505.0
11/5/20,SOUTH AMERICA,Retail,C2,Existing,1039,40708.0
11/5/20,ASIA,Shopify,C1,Existing,1252,185507.0
11/5/20,CANADA,Shopify,C3,Existing,839,140452.0
11/5/20,USA,Shopify,F2,New,168,23475.0
11/5/20,OCEANIA,Retail,C2,Existing,169416,6575969.0
11/5/20,USA,Shopify,C2,New,249,32888.0
11/5/20,AFRICA,Shopify,null,Existing,340,59460.0
11/5/20,ASIA,Retail,C3,Existing,248637,11246344.0
11/5/20,OCEANIA,Retail,C4,Existing,155393,7523707.0
11/5/20,EUROPE,Shopify,C4,Existing,23,6140.0
11/5/20,USA,Shopify,C3,Existing,1590,296032.0
11/5/20,USA,Shopify,C2,Existing,1500,267121.0
11/5/20,ASIA,Retail,C3,New,112464,3322130.0
11/5/20,CANADA,Retail,F3,New,17991,619588.0
11/5/20,EUROPE,Shopify,C3,Existing,192,48294.0
11/5/20,SOUTH AMERICA,Retail,C1,Existing,3234,90637.0
11/5/20,AFRICA,Retail,C2,New,55114,1653037.0
11/5/20,ASIA,Shopify,null,Guest,5306,832700.0
11/5/20,EUROPE,Shopify,F1,New,10,1491.0
11/5/20,USA,Retail,F3,Existing,142948,8691039.0
11/5/20,AFRICA,Retail,C2,Existing,112538,4788109.0
11/5/20,USA,Retail,F3,New,26639,975600.0
11/5/20,EUROPE,Shopify,null,Guest,358,78994.0
11/5/20,ASIA,Retail,null,Guest,1943558,49238621.0
11/5/20,OCEANIA,Shopify,C3,New,548,74679.0
11/5/20,OCEANIA,Retail,null,Existing,53237,2202493.0
11/5/20,EUROPE,Shopify,null,Existing,32,6772.0
11/5/20,EUROPE,Retail,F2,Existing,14370,864005.0
11/5/20,ASIA,Retail,C4,New,49511,1379437.0
11/5/20,CANADA,Retail,F3,Existing,94113,5231682.0
11/5/20,USA,Retail,C2,Existing,44174,2157702.0
11/5/20,ASIA,Shopify,C3,New,315,38268.0
11/5/20,OCEANIA,Shopify,null,Existing,653,119976.0
11/5/20,AFRICA,Shopify,F1,New,208,25988.0
11/5/20,AFRICA,Shopify,C2,Existing,2598,437290.0
11/5/20,ASIA,Shopify,F3,Existing,2060,344707.0
11/5/20,OCEANIA,Shopify,F1,New,373,42922.0
11/5/20,ASIA,Retail,C2,New,82180,2098706.0
11/5/20,AFRICA,Retail,F3,Existing,400562,22399960.0
11/5/20,AFRICA,Shopify,F2,New,324,42841.0
11/5/20,OCEANIA,Retail,F1,Existing,150857,7402426.0
11/5/20,EUROPE,Retail,C2,Existing,10046,483739.0
11/5/20,AFRICA,Retail,F1,New,21574,761524.0
11/5/20,AFRICA,Shopify,F1,Existing,2835,452714.0
11/5/20,EUROPE,Retail,null,New,3075,129919.0
11/5/20,OCEANIA,Shopify,null,Guest,10110,1748274.0
11/5/20,CANADA,Retail,F1,New,6433,225370.0
11/5/20,SOUTH AMERICA,Retail,C3,New,955,34235.0
11/5/20,SOUTH AMERICA,Shopify,F1,Existing,71,16436.0
11/5/20,CANADA,Shopify,C1,New,94,10426.0
11/5/20,USA,Retail,F2,New,27144,1007521.0
11/5/20,SOUTH AMERICA,Retail,F2,New,404,13243.0
11/5/20,USA,Shopify,C1,New,149,17796.0
11/5/20,EUROPE,Retail,F1,New,861,35326.0
11/5/20,CANADA,Retail,F1,Existing,24859,1299660.0
11/5/20,OCEANIA,Shopify,F2,New,484,66963.0
11/5/20,ASIA,Retail,null,Existing,39982,1596286.0
11/5/20,ASIA,Shopify,F1,Existing,2227,343658.0
11/5/20,ASIA,Shopify,C2,Existing,2395,386278.0
11/5/20,SOUTH AMERICA,Retail,null,Existing,292,13181.0
11/5/20,AFRICA,Retail,C4,Existing,115729,5829757.0
11/5/20,ASIA,Retail,null,New,64929,2176608.0
11/5/20,ASIA,Shopify,F1,New,223,23259.0
11/5/20,USA,Retail,C1,New,34870,924372.0
11/5/20,EUROPE,Shopify,null,New,13,3995.0
11/5/20,AFRICA,Retail,C1,Existing,182956,6724340.0
11/5/20,ASIA,Shopify,C3,Existing,2175,364828.0
11/5/20,EUROPE,Retail,C1,Existing,14474,639292.0
11/5/20,ASIA,Shopify,F2,Existing,3142,517290.0
11/5/20,SOUTH AMERICA,Shopify,null,Existing,5,1035.0
11/5/20,CANADA,Shopify,null,Existing,108,17587.0
11/5/20,EUROPE,Retail,F3,Existing,18421,1138053.0
11/5/20,AFRICA,Shopify,C3,New,377,50991.0
11/5/20,SOUTH AMERICA,Retail,F1,New,253,8206.0
11/5/20,EUROPE,Shopify,C2,New,15,2411.0
11/5/20,OCEANIA,Retail,C3,Existing,344566,16661822.0
11/5/20,USA,Retail,null,Existing,14397,736120.0
11/5/20,SOUTH AMERICA,Shopify,C3,New,28,6157.0
11/5/20,AFRICA,Shopify,null,Guest,5236,876562.0
11/5/20,CANADA,Retail,C4,New,12401,392604.0
11/5/20,USA,Retail,C4,New,17137,587325.0
11/5/20,OCEANIA,Shopify,C3,Existing,4738,888358.0
11/5/20,AFRICA,Shopify,C2,New,439,52179.0
11/5/20,EUROPE,Retail,C4,Existing,4763,252835.0
11/5/20,USA,Shopify,null,Guest,2553,447537.0
11/5/20,SOUTH AMERICA,Retail,C3,Existing,1571,75002.0
11/5/20,ASIA,Shopify,C2,New,500,58385.0
11/5/20,ASIA,Shopify,F2,New,265,30227.0
11/5/20,CANADA,Retail,C4,Existing,29614,1457353.0
11/5/20,OCEANIA,Retail,F3,New,101533,3290057.0
11/5/20,USA,Retail,C2,New,25798,992683.0
11/5/20,AFRICA,Retail,null,Existing,40439,1776394.0
11/5/20,OCEANIA,Retail,F2,New,84656,2774068.0
11/5/20,CANADA,Retail,C1,New,29214,726795.0
11/5/20,SOUTH AMERICA,Retail,null,Guest,411408,16567397.0
11/5/20,SOUTH AMERICA,Retail,C1,New,2308,49780.0
11/5/20,CANADA,Retail,C3,Existing,63278,3205479.0
11/5/20,SOUTH AMERICA,Shopify,C1,New,14,1759.0
11/5/20,EUROPE,Retail,C4,New,1223,46505.0
11/5/20,ASIA,Shopify,F3,New,136,15047.0
11/5/20,USA,Retail,F1,Existing,42229,2390461.0
11/5/20,SOUTH AMERICA,Retail,F1,Existing,804,33819.0
11/5/20,EUROPE,Shopify,C2,Existing,188,42079.0
11/5/20,CANADA,Shopify,F1,New,90,9825.0
11/5/20,SOUTH AMERICA,Shopify,F3,New,6,1135.0
11/5/20,AFRICA,Retail,C4,New,42535,1382847.0
11/5/20,AFRICA,Shopify,C3,Existing,2878,512523.0
11/5/20,USA,Shopify,C4,Existing,193,31937.0
11/5/20,SOUTH AMERICA,Shopify,F2,New,6,868.0
11/5/20,CANADA,Retail,C2,Existing,23204,996430.0
11/5/20,CANADA,Shopify,C4,New,25,2625.0
11/5/20,OCEANIA,Shopify,F3,Existing,4219,778617.0
11/5/20,CANADA,Shopify,null,New,117,15861.0
11/5/20,CANADA,Retail,F2,Existing,62154,3355882.0
11/5/20,OCEANIA,Shopify,C4,Existing,726,125662.0
11/5/20,CANADA,Shopify,C3,New,123,13755.0
11/5/20,SOUTH AMERICA,Retail,C4,Existing,420,19007.0
11/5/20,EUROPE,Retail,C3,Existing,15454,846923.0
11/5/20,SOUTH AMERICA,Retail,F2,Existing,1100,52311.0
11/5/20,SOUTH AMERICA,Shopify,C4,New,4,534.0
11/5/20,ASIA,Retail,F3,Existing,400332,20077866.0
11/5/20,OCEANIA,Retail,F1,New,37950,1226747.0
11/5/20,AFRICA,Shopify,F3,Existing,2754,497187.0
11/5/20,CANADA,Shopify,F2,Existing,1578,256439.0
11/5/20,USA,Retail,null,Guest,543958,17003395.0
11/5/20,EUROPE,Retail,null,Existing,3176,154724.0
11/5/20,ASIA,Retail,C2,Existing,130137,4927487.0
11/5/20,OCEANIA,Retail,C3,New,140680,4405823.0
11/5/20,EUROPE,Shopify,C3,New,8,1424.0
11/5/20,OCEANIA,Shopify,F1,Existing,4551,762670.0
11/5/20,AFRICA,Shopify,F2,Existing,5225,882536.0
11/5/20,USA,Shopify,F2,Existing,2183,387067.0
11/5/20,SOUTH AMERICA,Shopify,F2,Existing,35,6683.0
11/5/20,OCEANIA,Retail,null,Guest,2466053,64658287.0
11/5/20,ASIA,Retail,F2,New,66302,2028916.0
11/5/20,ASIA,Shopify,C4,New,54,6072.0
11/5/20,OCEANIA,Retail,F2,Existing,353907,18475442.0
11/5/20,EUROPE,Shopify,F2,Existing,231,51564.0
11/5/20,USA,Shopify,F3,New,79,11109.0
11/5/20,AFRICA,Retail,C3,Existing,285501,14447370.0
11/5/20,SOUTH AMERICA,Shopify,null,New,43,7199.0
11/5/20,EUROPE,Retail,F3,New,1551,65279.0
11/5/20,SOUTH AMERICA,Shopify,C4,Existing,7,1319.0
11/5/20,USA,Shopify,null,New,151,25288.0
11/5/20,ASIA,Retail,F2,Existing,224522,10921751.0
11/5/20,USA,Shopify,null,Existing,168,27961.0
11/5/20,CANADA,Shopify,F3,New,62,6681.0
11/5/20,CANADA,Retail,null,New,14457,579716.0
11/5/20,EUROPE,Shopify,F3,Existing,128,30802.0
11/5/20,CANADA,Shopify,C4,Existing,109,18431.0
11/5/20,OCEANIA,Shopify,C1,New,463,51162.0
11/5/20,EUROPE,Shopify,F2,New,6,787.0
11/5/20,OCEANIA,Shopify,C4,New,96,11167.0
11/5/20,OCEANIA,Retail,C4,New,59620,1770055.0
11/5/20,USA,Shopify,C3,New,205,24343.0
11/5/20,EUROPE,Shopify,C4,New,2,940.0
11/5/20,EUROPE,Retail,null,Guest,96916,3321731.0
11/5/20,CANADA,Shopify,F3,Existing,795,136798.0
11/5/20,SOUTH AMERICA,Shopify,C2,New,51,7278.0
11/5/20,AFRICA,Retail,null,New,56591,2197028.0
11/5/20,USA,Retail,C4,Existing,40365,2170354.0
11/5/20,EUROPE,Retail,C2,New,2695,90846.0
11/5/20,ASIA,Retail,F1,Existing,96610,4517920.0
11/5/20,ASIA,Shopify,C4,Existing,325,50867.0
11/5/20,EUROPE,Shopify,F1,Existing,175,33873.0
11/5/20,OCEANIA,Retail,C1,Existing,258342,9129781.0
11/5/20,SOUTH AMERICA,Retail,C4,New,298,10941.0
11/5/20,USA,Shopify,C1,Existing,782,128595.0
11/5/20,OCEANIA,Retail,F3,Existing,554395,30149337.0
11/5/20,CANADA,Shopify,C2,New,144,16864.0
11/5/20,CANADA,Retail,F2,New,17025,593362.0
11/5/20,AFRICA,Retail,F3,New,62680,2194071.0
11/5/20,AFRICA,Retail,F1,Existing,100907,5298559.0
11/5/20,USA,Retail,C3,Existing,104110,5889856.0
11/5/20,OCEANIA,Retail,C2,New,103327,2760471.0
11/5/20,USA,Retail,F1,New,11274,429645.0
11/5/20,SOUTH AMERICA,Retail,F3,Existing,1372,67453.0
11/5/20,ASIA,Retail,C1,New,121816,2550318.0
11/5/20,AFRICA,Retail,F2,New,60531,2088699.0
11/5/20,ASIA,Shopify,C1,New,316,32985.0
11/5/20,CANADA,Shopify,null,Guest,1617,260783.0
11/5/20,ASIA,Retail,F1,New,29048,896799.0
11/5/20,AFRICA,Retail,C3,New,103898,3560216.0
11/5/20,OCEANIA,Shopify,F2,Existing,7251,1306163.0
11/5/20,CANADA,Shopify,C1,Existing,635,89553.0
11/5/20,AFRICA,Shopify,C1,New,314,36427.0
11/5/20,EUROPE,Retail,F1,Existing,6988,400950.0
11/5/20,EUROPE,Retail,C3,New,3830,153959.0
11/5/20,AFRICA,Retail,F2,Existing,278590,14970812.0
11/5/20,AFRICA,Retail,null,Guest,1557283,44407097.0
11/5/20,AFRICA,Shopify,C1,Existing,1720,258471.0
11/5/20,AFRICA,Shopify,C4,New,55,7493.0
11/5/20,USA,Shopify,C4,New,28,3235.0
11/5/20,ASIA,Shopify,null,New,305,44697.0
11/5/20,ASIA,Retail,C1,Existing,183827,6023151.0
11/5/20,USA,Retail,F2,Existing,98067,5720394.0
11/5/20,AFRICA,Shopify,C4,Existing,397,68221.0
11/5/20,SOUTH AMERICA,Shopify,C1,Existing,68,11817.0
4/5/20,ASIA,Retail,F3,Existing,408794,20372408.0
4/5/20,CANADA,Shopify,C3,Existing,800,142405.0
4/5/20,OCEANIA,Retail,F1,New,39244,1270701.0
4/5/20,USA,Retail,C2,New,26354,891013.0
4/5/20,CANADA,Retail,null,Guest,413420,11432653.0
4/5/20,SOUTH AMERICA,Shopify,F2,New,3,641.0
4/5/20,CANADA,Shopify,F1,Existing,802,129196.0
4/5/20,USA,Retail,F1,New,11581,443375.0
4/5/20,EUROPE,Shopify,C2,New,10,1793.0
4/5/20,AFRICA,Shopify,null,Guest,5811,984792.0
4/5/20,CANADA,Retail,null,Existing,8986,411274.0
4/5/20,OCEANIA,Shopify,C3,New,470,72650.0
4/5/20,SOUTH AMERICA,Retail,F3,Existing,1323,65221.0
4/5/20,OCEANIA,Shopify,F3,Existing,3655,735884.0
4/5/20,AFRICA,Retail,F3,Existing,409684,22727293.0
4/5/20,EUROPE,Retail,C4,New,1221,45531.0
4/5/20,SOUTH AMERICA,Retail,F1,Existing,830,32876.0
4/5/20,EUROPE,Shopify,C2,Existing,150,44975.0
4/5/20,USA,Retail,C3,Existing,104878,5841163.0
4/5/20,USA,Shopify,F2,Existing,1791,342346.0
4/5/20,EUROPE,Retail,F3,New,1604,64740.0
4/5/20,AFRICA,Retail,F1,New,22664,799285.0
4/5/20,ASIA,Shopify,F1,New,149,17264.0
4/5/20,ASIA,Retail,C3,Existing,254122,11534431.0
4/5/20,AFRICA,Shopify,null,Existing,389,68644.0
4/5/20,SOUTH AMERICA,Retail,C3,New,1035,37737.0
4/5/20,OCEANIA,Retail,C3,New,146725,4700321.0
4/5/20,ASIA,Retail,C2,Existing,132586,5050250.0
4/5/20,EUROPE,Shopify,C3,New,14,2122.0
4/5/20,EUROPE,Retail,null,New,3132,128146.0
4/5/20,OCEANIA,Shopify,F1,Existing,4076,717687.0
4/5/20,ASIA,Shopify,C2,Existing,2161,369771.0
4/5/20,EUROPE,Shopify,null,New,10,1956.0
4/5/20,ASIA,Retail,F3,New,83717,2603219.0
4/5/20,USA,Shopify,F3,Existing,971,193749.0
4/5/20,SOUTH AMERICA,Shopify,C1,New,19,2457.0
4/5/20,CANADA,Shopify,F2,Existing,1330,241726.0
4/5/20,AFRICA,Retail,null,Guest,1633364,46800936.0
4/5/20,USA,Retail,C3,New,44647,1680281.0
4/5/20,OCEANIA,Retail,null,New,87654,3236342.0
4/5/20,AFRICA,Retail,C2,New,58337,1793731.0
4/5/20,ASIA,Shopify,F3,Existing,1691,323843.0
4/5/20,OCEANIA,Shopify,F1,New,297,40596.0
4/5/20,OCEANIA,Shopify,C2,Existing,4341,789479.0
4/5/20,USA,Shopify,F1,Existing,1364,238189.0
4/5/20,AFRICA,Shopify,F1,Existing,2688,464664.0
4/5/20,OCEANIA,Shopify,F2,New,386,57186.0
4/5/20,SOUTH AMERICA,Retail,C2,Existing,1082,42386.0
4/5/20,AFRICA,Shopify,C2,Existing,2548,463791.0
4/5/20,SOUTH AMERICA,Retail,F1,New,247,8818.0
4/5/20,USA,Retail,F2,Existing,98964,5594389.0
4/5/20,SOUTH AMERICA,Retail,F2,Existing,1132,54719.0
4/5/20,SOUTH AMERICA,Shopify,C4,New,6,850.0
4/5/20,ASIA,Retail,null,Guest,2002053,51398109.0
4/5/20,ASIA,Shopify,C3,Existing,1966,370269.0
4/5/20,USA,Shopify,F2,New,137,18574.0
4/5/20,OCEANIA,Retail,F3,Existing,566816,30365679.0
4/5/20,OCEANIA,Retail,F3,New,104026,3432746.0
4/5/20,CANADA,Retail,C2,Existing,23668,1020613.0
4/5/20,CANADA,Shopify,C4,New,19,2668.0
4/5/20,AFRICA,Shopify,F2,New,266,39687.0
4/5/20,OCEANIA,Shopify,F2,Existing,6276,1207426.0
4/5/20,AFRICA,Shopify,C3,Existing,2757,532583.0
4/5/20,ASIA,Shopify,F1,Existing,1981,333492.0
4/5/20,EUROPE,Retail,C4,Existing,4667,245882.0
4/5/20,CANADA,Shopify,C1,Existing,525,82574.0
4/5/20,EUROPE,Shopify,F2,New,7,1430.0
4/5/20,ASIA,Shopify,C2,New,393,53274.0
4/5/20,OCEANIA,Retail,F2,Existing,361447,18543690.0
4/5/20,CANADA,Retail,C1,Existing,57730,2341309.0
4/5/20,EUROPE,Shopify,C1,Existing,109,19787.0
4/5/20,AFRICA,Shopify,C4,New,60,8291.0
4/5/20,USA,Shopify,null,Guest,2413,422838.0
4/5/20,EUROPE,Shopify,null,Existing,20,3507.0
4/5/20,ASIA,Retail,null,Existing,42424,1700513.0
4/5/20,ASIA,Shopify,null,Guest,5188,818371.0
4/5/20,USA,Shopify,C1,New,134,15820.0
4/5/20,CANADA,Shopify,C2,New,109,13365.0
4/5/20,EUROPE,Retail,null,Existing,3339,152978.0
4/5/20,EUROPE,Shopify,F1,Existing,136,26377.0
4/5/20,OCEANIA,Shopify,C1,New,434,53496.0
4/5/20,AFRICA,Shopify,C2,New,395,55175.0
4/5/20,AFRICA,Shopify,F2,Existing,4787,894639.0
4/5/20,AFRICA,Retail,F3,New,65329,2307725.0
4/5/20,CANADA,Retail,C2,New,14522,458275.0
4/5/20,SOUTH AMERICA,Shopify,null,New,37,7189.0
4/5/20,SOUTH AMERICA,Shopify,C3,New,24,3467.0
4/5/20,CANADA,Shopify,null,Existing,101,18617.0
4/5/20,CANADA,Retail,F2,Existing,63295,3348637.0
4/5/20,SOUTH AMERICA,Retail,C4,New,333,12345.0
4/5/20,ASIA,Shopify,F2,Existing,2739,496583.0
4/5/20,AFRICA,Shopify,C3,New,326,46771.0
4/5/20,AFRICA,Retail,F2,New,63781,2203425.0
4/5/20,OCEANIA,Shopify,null,Guest,9972,1776937.0
4/5/20,SOUTH AMERICA,Retail,null,New,1458,48742.0
4/5/20,SOUTH AMERICA,Retail,null,Guest,412784,16499769.0
4/5/20,ASIA,Shopify,F2,New,207,27683.0
4/5/20,OCEANIA,Shopify,C4,New,95,12381.0
4/5/20,AFRICA,Shopify,C1,New,295,37193.0
4/5/20,USA,Shopify,null,Existing,180,31719.0
4/5/20,USA,Retail,C4,Existing,40879,2172521.0
4/5/20,OCEANIA,Retail,C1,New,164357,3752929.0
4/5/20,EUROPE,Shopify,C1,New,13,2018.0
4/5/20,EUROPE,Retail,C3,New,3717,146698.0
4/5/20,USA,Shopify,C4,New,33,3488.0
4/5/20,USA,Retail,F1,Existing,42700,2364169.0
4/5/20,OCEANIA,Retail,C2,Existing,172790,6728042.0
4/5/20,SOUTH AMERICA,Retail,F2,New,419,14715.0
4/5/20,CANADA,Shopify,null,New,89,12671.0
4/5/20,ASIA,Retail,C4,New,50714,1450644.0
4/5/20,SOUTH AMERICA,Retail,C1,New,2348,53115.0
4/5/20,EUROPE,Retail,F3,Existing,18191,1071310.0
4/5/20,CANADA,Retail,F2,New,17356,595753.0
4/5/20,SOUTH AMERICA,Shopify,F2,Existing,34,5233.0
4/5/20,SOUTH AMERICA,Shopify,C2,Existing,138,25875.0
4/5/20,ASIA,Retail,C1,New,125389,2727617.0
4/5/20,USA,Retail,null,Existing,15308,768780.0
4/5/20,OCEANIA,Shopify,null,Existing,676,128517.0
4/5/20,OCEANIA,Retail,C2,New,106983,2916122.0
4/5/20,CANADA,Retail,C4,Existing,30206,1495652.0
4/5/20,SOUTH AMERICA,Shopify,C2,New,47,6426.0
4/5/20,ASIA,Shopify,C1,Existing,1172,181550.0
4/5/20,CANADA,Shopify,null,Guest,1559,251471.0
4/5/20,USA,Retail,F3,Existing,143295,8566160.0
4/5/20,EUROPE,Retail,C1,Existing,14535,629122.0
4/5/20,USA,Retail,F2,New,27441,1003334.0
4/5/20,OCEANIA,Shopify,C3,Existing,4321,844351.0
4/5/20,SOUTH AMERICA,Retail,C3,Existing,1590,74249.0
4/5/20,OCEANIA,Shopify,null,New,472,75441.0
4/5/20,OCEANIA,Retail,C1,Existing,263670,9328946.0
4/5/20,EUROPE,Retail,F2,Existing,14598,814943.0
4/5/20,EUROPE,Shopify,C4,New,1,273.0
4/5/20,ASIA,Shopify,F3,New,105,13071.0
4/5/20,SOUTH AMERICA,Shopify,F1,New,4,504.0
4/5/20,OCEANIA,Retail,null,Guest,2549652,67372865.0
4/5/20,EUROPE,Shopify,null,Guest,307,61710.0
4/5/20,USA,Retail,C2,Existing,44133,2135548.0
4/5/20,AFRICA,Retail,null,Existing,43441,1919750.0
4/5/20,AFRICA,Shopify,C1,Existing,1710,269208.0
4/5/20,SOUTH AMERICA,Shopify,F3,New,6,1176.0
4/5/20,CANADA,Shopify,C4,Existing,96,15857.0
4/5/20,EUROPE,Retail,C3,Existing,15118,798832.0
4/5/20,USA,Retail,null,Guest,559564,17154923.0
4/5/20,ASIA,Retail,C4,Existing,114999,5168512.0
4/5/20,SOUTH AMERICA,Retail,C1,Existing,3188,91486.0
4/5/20,AFRICA,Shopify,F3,New,111,17163.0
4/5/20,EUROPE,Retail,F2,New,1509,63109.0
4/5/20,EUROPE,Retail,null,Guest,98990,3324181.0
4/5/20,CANADA,Retail,C3,Existing,64199,3258587.0
4/5/20,OCEANIA,Retail,C3,Existing,354505,17049000.0
4/5/20,EUROPE,Shopify,C3,Existing,162,51764.0
4/5/20,OCEANIA,Shopify,C1,Existing,2549,419208.0
4/5/20,OCEANIA,Retail,F2,New,87643,2911639.0
4/5/20,ASIA,Retail,F1,Existing,98869,4613601.0
4/5/20,ASIA,Retail,C3,New,115601,3515620.0
4/5/20,ASIA,Retail,null,New,70034,2309739.0
4/5/20,EUROPE,Retail,F1,Existing,6906,378776.0
4/5/20,CANADA,Shopify,F3,Existing,629,119975.0
4/5/20,AFRICA,Retail,C4,New,43638,1442819.0
4/5/20,EUROPE,Retail,F1,New,843,34214.0
4/5/20,SOUTH AMERICA,Shopify,C3,Existing,103,19467.0
4/5/20,AFRICA,Shopify,null,New,344,53234.0
4/5/20,ASIA,Shopify,C4,New,41,4658.0
4/5/20,AFRICA,Retail,F1,Existing,104774,5373295.0
4/5/20,USA,Retail,C4,New,17546,609432.0
4/5/20,AFRICA,Retail,C2,Existing,116378,4953038.0
4/5/20,CANADA,Retail,F1,Existing,25523,1296861.0
4/5/20,OCEANIA,Shopify,F3,New,169,24960.0
4/5/20,ASIA,Shopify,null,Existing,361,58595.0
4/5/20,OCEANIA,Retail,F1,Existing,155821,7494474.0
4/5/20,EUROPE,Retail,C2,New,2653,92600.0
4/5/20,OCEANIA,Retail,C4,New,61673,1884768.0
4/5/20,EUROPE,Retail,C2,Existing,10011,473626.0
4/5/20,CANADA,Shopify,C1,New,85,10725.0
4/5/20,AFRICA,Retail,C3,Existing,291579,14756151.0
4/5/20,OCEANIA,Shopify,C2,New,675,93340.0
4/5/20,USA,Shopify,F1,New,113,15561.0
4/5/20,CANADA,Retail,F1,New,6578,226594.0
4/5/20,SOUTH AMERICA,Shopify,F1,Existing,67,14347.0
4/5/20,CANADA,Retail,C4,New,12595,409032.0
4/5/20,USA,Shopify,C4,Existing,152,25726.0
4/5/20,AFRICA,Retail,C1,New,98252,2430140.0
4/5/20,CANADA,Shopify,F2,New,79,10869.0
4/5/20,OCEANIA,Shopify,C4,Existing,652,119472.0
4/5/20,CANADA,Shopify,C3,New,70,10511.0
4/5/20,USA,Retail,C1,New,36031,962097.0
4/5/20,AFRICA,Retail,null,New,61829,2366264.0
4/5/20,ASIA,Retail,C1,Existing,188439,6226048.0
4/5/20,USA,Retail,C1,Existing,58022,2388490.0
4/5/20,CANADA,Retail,C1,New,29860,751194.0
4/5/20,USA,Shopify,C1,Existing,684,115653.0
4/5/20,OCEANIA,Retail,null,Existing,57064,2353199.0
4/5/20,SOUTH AMERICA,Retail,C2,New,885,27713.0
4/5/20,CANADA,Retail,F3,New,17916,623853.0
4/5/20,SOUTH AMERICA,Shopify,F3,Existing,31,6909.0
4/5/20,ASIA,Shopify,C4,Existing,288,47559.0
4/5/20,SOUTH AMERICA,Shopify,C1,Existing,62,10769.0
4/5/20,ASIA,Retail,F2,Existing,228944,11059605.0
4/5/20,USA,Shopify,C2,New,198,26963.0
4/5/20,AFRICA,Retail,C1,Existing,188707,6958813.0
4/5/20,USA,Shopify,null,New,120,18352.0
4/5/20,SOUTH AMERICA,Retail,F3,New,352,14396.0
4/5/20,EUROPE,Retail,C1,New,4193,120901.0
4/5/20,SOUTH AMERICA,Shopify,C4,Existing,9,1436.0
4/5/20,SOUTH AMERICA,Retail,null,Existing,280,11780.0
4/5/20,EUROPE,Shopify,F3,New,3,567.0
4/5/20,ASIA,Retail,C2,New,85392,2256271.0
4/5/20,AFRICA,Shopify,F3,Existing,2534,494273.0
4/5/20,EUROPE,Shopify,F1,New,8,1115.0
4/5/20,AFRICA,Retail,F2,Existing,287742,15206439.0
4/5/20,CANADA,Retail,F3,Existing,95437,5243924.0
4/5/20,ASIA,Shopify,C3,New,273,38006.0
4/5/20,EUROPE,Shopify,F3,Existing,123,29150.0
4/5/20,ASIA,Retail,F2,New,67882,2108850.0
4/5/20,ASIA,Shopify,C1,New,237,25210.0
4/5/20,AFRICA,Shopify,F1,New,190,26405.0
4/5/20,AFRICA,Shopify,C4,Existing,429,77279.0
4/5/20,ASIA,Shopify,null,New,280,40235.0
4/5/20,CANADA,Shopify,C2,Existing,675,114300.0
4/5/20,USA,Shopify,C3,New,158,23754.0
4/5/20,AFRICA,Retail,C4,Existing,117904,5975239.0
4/5/20,EUROPE,Shopify,F2,Existing,212,46658.0
4/5/20,SOUTH AMERICA,Retail,C4,Existing,502,23055.0
4/5/20,CANADA,Shopify,F3,New,28,3604.0
4/5/20,USA,Shopify,F3,New,49,6447.0
4/5/20,USA,Retail,null,New,23774,968300.0
4/5/20,OCEANIA,Retail,C4,Existing,159866,7746943.0
4/5/20,CANADA,Retail,C3,New,27741,947126.0
4/5/20,USA,Shopify,C3,Existing,1390,275157.0
4/5/20,EUROPE,Shopify,C4,Existing,23,5535.0
4/5/20,USA,Retail,F3,New,27071,987733.0
4/5/20,USA,Shopify,C2,Existing,1303,247167.0
4/5/20,CANADA,Retail,null,New,15511,594954.0
4/5/20,CANADA,Shopify,F1,New,63,8171.0
4/5/20,SOUTH AMERICA,Shopify,null,Existing,6,1085.0
4/5/20,AFRICA,Retail,C3,New,107601,3732527.0
4/5/20,ASIA,Retail,F1,New,29634,921398.0
4/5/20,SOUTH AMERICA,Shopify,null,Guest,1781,318759.0
27/4/20,CANADA,Retail,C3,Existing,64180,3312771.0
27/4/20,SOUTH AMERICA,Retail,F2,New,439,15550.0
27/4/20,EUROPE,Retail,C2,New,2741,99540.0
27/4/20,ASIA,Retail,F3,Existing,407906,20595340.0
27/4/20,OCEANIA,Retail,F1,New,38186,1293999.0
27/4/20,CANADA,Shopify,F2,Existing,1307,238646.0
27/4/20,EUROPE,Shopify,F3,New,6,567.0
27/4/20,OCEANIA,Retail,C2,New,104500,2837599.0
27/4/20,AFRICA,Shopify,F1,Existing,2223,399298.0
27/4/20,OCEANIA,Shopify,F3,Existing,3691,766999.0
27/4/20,OCEANIA,Retail,C3,New,141592,4459461.0
27/4/20,ASIA,Retail,C2,Existing,131725,4983512.0
27/4/20,USA,Retail,F3,Existing,143019,8780283.0
27/4/20,ASIA,Shopify,null,Guest,5134,839785.0
27/4/20,USA,Shopify,F1,Existing,1473,274336.0
27/4/20,OCEANIA,Retail,F3,Existing,561172,30720307.0
27/4/20,CANADA,Shopify,C1,New,87,10993.0
27/4/20,EUROPE,Shopify,F3,Existing,119,33169.0
27/4/20,USA,Retail,C2,Existing,43894,2170377.0
27/4/20,USA,Shopify,C4,New,36,5360.0
27/4/20,AFRICA,Shopify,null,Guest,4640,792608.0
27/4/20,CANADA,Retail,C4,New,12601,408120.0
27/4/20,AFRICA,Shopify,F2,New,243,36779.0
27/4/20,ASIA,Retail,F1,New,29055,923794.0
27/4/20,AFRICA,Retail,null,Existing,35669,1653735.0
27/4/20,ASIA,Shopify,null,Existing,306,67972.0
27/4/20,AFRICA,Retail,C3,New,94102,3361957.0
27/4/20,CANADA,Retail,F1,Existing,25372,1360705.0
27/4/20,USA,Retail,null,Guest,547297,17174527.0
27/4/20,EUROPE,Retail,C3,New,3585,144706.0
27/4/20,OCEANIA,Retail,F1,Existing,153702,7622094.0
27/4/20,OCEANIA,Retail,null,Existing,52091,2159768.0
27/4/20,USA,Shopify,null,Guest,2530,467520.0
27/4/20,OCEANIA,Shopify,C3,Existing,4437,897440.0
27/4/20,EUROPE,Shopify,C4,Existing,20,5030.0
27/4/20,SOUTH AMERICA,Retail,C3,Existing,1676,77181.0
27/4/20,CANADA,Retail,F2,Existing,62903,3430841.0
27/4/20,ASIA,Retail,null,Guest,1993661,50606295.0
27/4/20,OCEANIA,Shopify,C1,New,438,54054.0
27/4/20,EUROPE,Retail,null,New,3059,132522.0
27/4/20,EUROPE,Shopify,F1,New,8,1479.0
27/4/20,OCEANIA,Retail,C2,Existing,171401,7072851.0
27/4/20,CANADA,Shopify,F2,New,73,9868.0
27/4/20,AFRICA,Retail,C1,Existing,166140,6393618.0
27/4/20,AFRICA,Retail,F3,Existing,369156,21643286.0
27/4/20,AFRICA,Retail,F1,Existing,93624,5208109.0
27/4/20,USA,Shopify,null,New,151,41755.0
27/4/20,SOUTH AMERICA,Shopify,null,New,41,7879.0
27/4/20,SOUTH AMERICA,Retail,C4,New,390,15477.0
27/4/20,USA,Shopify,C3,Existing,1383,282160.0
27/4/20,OCEANIA,Shopify,F2,New,362,54730.0
27/4/20,USA,Shopify,C2,Existing,1362,256756.0
27/4/20,USA,Retail,F2,New,26879,1002458.0
27/4/20,CANADA,Retail,C2,Existing,23950,1048619.0
27/4/20,USA,Retail,null,Existing,14126,726861.0
27/4/20,ASIA,Retail,C3,Existing,253219,11526489.0
27/4/20,AFRICA,Retail,F2,New,55379,1999742.0
27/4/20,AFRICA,Shopify,C1,New,221,28709.0
27/4/20,USA,Retail,F1,Existing,42394,2445333.0
27/4/20,EUROPE,Shopify,C2,Existing,161,38764.0
27/4/20,OCEANIA,Shopify,C4,New,84,10988.0
27/4/20,SOUTH AMERICA,Retail,F1,Existing,818,36401.0
27/4/20,SOUTH AMERICA,Shopify,F1,Existing,71,16528.0
27/4/20,AFRICA,Shopify,F1,New,154,22787.0
27/4/20,AFRICA,Retail,C3,Existing,262696,13975601.0
27/4/20,AFRICA,Retail,C2,New,50378,1576429.0
27/4/20,OCEANIA,Shopify,null,Guest,10282,1809222.0
27/4/20,USA,Retail,F3,New,26842,988789.0
27/4/20,EUROPE,Retail,F3,Existing,18171,1156098.0
27/4/20,ASIA,Shopify,F2,Existing,2660,490187.0
27/4/20,ASIA,Shopify,C3,Existing,1875,357285.0
27/4/20,AFRICA,Retail,C2,Existing,102750,4619483.0
27/4/20,OCEANIA,Retail,C4,New,60480,1796223.0
27/4/20,EUROPE,Shopify,C4,New,2,674.0
27/4/20,SOUTH AMERICA,Retail,C1,New,2450,50578.0
27/4/20,EUROPE,Retail,C1,Existing,14465,659498.0
27/4/20,SOUTH AMERICA,Retail,null,Guest,415980,16799815.0
27/4/20,ASIA,Shopify,F2,New,224,32013.0
27/4/20,AFRICA,Retail,F1,New,20077,744282.0
27/4/20,ASIA,Retail,C2,New,83746,2151261.0
27/4/20,SOUTH AMERICA,Retail,null,Existing,259,10507.0
27/4/20,USA,Shopify,C1,New,137,16559.0
27/4/20,OCEANIA,Retail,F2,New,85235,2815626.0
27/4/20,EUROPE,Shopify,F2,New,6,1000.0
27/4/20,ASIA,Shopify,C4,Existing,273,48245.0
27/4/20,AFRICA,Retail,C4,New,38885,1304526.0
27/4/20,SOUTH AMERICA,Shopify,null,Existing,9,1718.0
27/4/20,AFRICA,Retail,F2,Existing,254310,14368672.0
27/4/20,OCEANIA,Shopify,null,New,461,73523.0
27/4/20,USA,Retail,C1,New,34767,937197.0
27/4/20,SOUTH AMERICA,Retail,null,New,1334,48526.0
27/4/20,CANADA,Retail,F1,New,6551,238995.0
27/4/20,CANADA,Retail,null,Existing,8266,379852.0
27/4/20,ASIA,Shopify,C2,Existing,2091,369493.0
27/4/20,OCEANIA,Shopify,C3,New,499,75369.0
27/4/20,SOUTH AMERICA,Shopify,C4,Existing,9,1645.0
27/4/20,AFRICA,Shopify,C3,Existing,2249,448514.0
27/4/20,CANADA,Shopify,C4,New,20,2550.0
27/4/20,EUROPE,Shopify,null,Guest,345,72819.0
27/4/20,AFRICA,Shopify,null,New,248,38134.0
27/4/20,ASIA,Shopify,C1,Existing,1138,181021.0
27/4/20,ASIA,Shopify,C1,New,242,27169.0
27/4/20,USA,Shopify,C3,New,181,28880.0
27/4/20,OCEANIA,Retail,C4,Existing,158402,7727227.0
27/4/20,CANADA,Shopify,null,Existing,99,18518.0
27/4/20,SOUTH AMERICA,Shopify,F3,New,2,192.0
27/4/20,EUROPE,Retail,C1,New,4149,126178.0
27/4/20,SOUTH AMERICA,Retail,F1,New,280,11023.0
27/4/20,CANADA,Retail,F2,New,17614,626234.0
27/4/20,EUROPE,Retail,C2,Existing,9862,494300.0
27/4/20,USA,Shopify,F2,Existing,1890,370924.0
27/4/20,SOUTH AMERICA,Shopify,F2,Existing,35,7418.0
27/4/20,EUROPE,Shopify,C3,Existing,158,40797.0
27/4/20,EUROPE,Retail,F1,New,826,35013.0
27/4/20,SOUTH AMERICA,Retail,C2,Existing,1054,40816.0
27/4/20,SOUTH AMERICA,Shopify,C4,New,6,1469.0
27/4/20,CANADA,Retail,C1,Existing,57173,2365159.0
27/4/20,USA,Shopify,F2,New,169,26644.0
27/4/20,USA,Shopify,F3,Existing,1000,207150.0
27/4/20,EUROPE,Shopify,null,Existing,17,2841.0
27/4/20,OCEANIA,Retail,C1,Existing,262971,9405785.0
27/4/20,AFRICA,Shopify,F3,Existing,2073,419699.0
27/4/20,EUROPE,Retail,F2,Existing,14310,884591.0
27/4/20,USA,Retail,C3,Existing,104994,5951699.0
27/4/20,OCEANIA,Retail,null,New,81944,2845830.0
27/4/20,EUROPE,Shopify,null,New,13,2198.0
27/4/20,SOUTH AMERICA,Retail,C3,New,1044,38642.0
27/4/20,EUROPE,Retail,C4,New,1105,42018.0
27/4/20,ASIA,Retail,F3,New,82215,2514882.0
27/4/20,USA,Retail,C4,New,17636,609336.0
27/4/20,CANADA,Shopify,F3,New,36,5023.0
27/4/20,USA,Shopify,C2,New,231,32987.0
27/4/20,ASIA,Shopify,C2,New,402,51091.0
27/4/20,SOUTH AMERICA,Retail,F2,Existing,1142,55138.0
27/4/20,CANADA,Retail,C4,Existing,30285,1503555.0
27/4/20,ASIA,Retail,F2,New,67157,2103473.0
27/4/20,AFRICA,Shopify,C2,New,375,53356.0
27/4/20,AFRICA,Shopify,C4,New,60,9479.0
27/4/20,AFRICA,Retail,F3,New,57059,2063757.0
27/4/20,ASIA,Retail,F2,Existing,227838,11126292.0
27/4/20,SOUTH AMERICA,Shopify,C1,Existing,66,11395.0
27/4/20,CANADA,Retail,F3,New,18138,635692.0
27/4/20,SOUTH AMERICA,Shopify,F3,Existing,32,6388.0
27/4/20,SOUTH AMERICA,Shopify,F1,New,8,1453.0
27/4/20,EUROPE,Retail,C4,Existing,4544,251640.0
27/4/20,ASIA,Shopify,F3,New,96,12646.0
27/4/20,EUROPE,Shopify,C1,Existing,97,21174.0
27/4/20,EUROPE,Retail,F3,New,1486,59340.0
27/4/20,USA,Retail,C1,Existing,58188,2441485.0
27/4/20,AFRICA,Retail,C4,Existing,107995,5706131.0
27/4/20,ASIA,Retail,null,New,67503,2249950.0
27/4/20,SOUTH AMERICA,Retail,C4,Existing,462,22753.0
27/4/20,CANADA,Retail,null,New,15113,601965.0
27/4/20,CANADA,Shopify,F1,New,67,8850.0
27/4/20,SOUTH AMERICA,Shopify,C2,New,45,7456.0
27/4/20,CANADA,Retail,null,Guest,411399,11526428.0
27/4/20,ASIA,Retail,F1,Existing,98856,4710331.0
27/4/20,EUROPE,Retail,null,Guest,97808,3420161.0
27/4/20,AFRICA,Retail,C1,New,84464,2114301.0
27/4/20,ASIA,Shopify,C3,New,241,36240.0
27/4/20,OCEANIA,Retail,F2,Existing,356153,18746623.0
27/4/20,OCEANIA,Shopify,C1,Existing,2635,448283.0
27/4/20,EUROPE,Shopify,F2,Existing,207,45609.0
27/4/20,ASIA,Retail,C4,New,50211,1396995.0
27/4/20,CANADA,Shopify,C1,Existing,556,85231.0
27/4/20,EUROPE,Retail,null,Existing,3128,153720.0
27/4/20,ASIA,Shopify,null,New,280,43299.0
27/4/20,AFRICA,Shopify,C4,Existing,329,59299.0
27/4/20,EUROPE,Shopify,F1,Existing,141,30648.0
27/4/20,CANADA,Retail,C2,New,14459,476035.0
27/4/20,AFRICA,Shopify,F2,Existing,3869,736403.0
27/4/20,OCEANIA,Shopify,C4,Existing,686,125645.0
27/4/20,CANADA,Shopify,C3,New,104,14435.0
27/4/20,USA,Retail,null,New,23148,961876.0
27/4/20,OCEANIA,Retail,F3,New,101495,3294230.0
27/4/20,USA,Shopify,null,Existing,167,30002.0
27/4/20,ASIA,Shopify,C4,New,51,7174.0
27/4/20,SOUTH AMERICA,Shopify,C1,New,17,2868.0
27/4/20,CANADA,Shopify,C2,Existing,703,127201.0
27/4/20,ASIA,Retail,null,Existing,39754,1593592.0
27/4/20,SOUTH AMERICA,Shopify,null,Guest,1842,342527.0
27/4/20,SOUTH AMERICA,Shopify,F2,New,9,1181.0
27/4/20,CANADA,Shopify,C2,New,107,14870.0
27/4/20,OCEANIA,Retail,null,Guest,2505940,65835935.0
27/4/20,CANADA,Retail,C1,New,29982,766926.0
27/4/20,EUROPE,Retail,F1,Existing,6946,412708.0
27/4/20,USA,Retail,F1,New,11246,446817.0
27/4/20,EUROPE,Shopify,C2,New,17,3046.0
27/4/20,CANADA,Shopify,null,New,96,13949.0
27/4/20,CANADA,Shopify,C4,Existing,100,18991.0
27/4/20,OCEANIA,Retail,C1,New,160701,3570771.0
27/4/20,OCEANIA,Shopify,F2,Existing,6284,1251391.0
27/4/20,ASIA,Retail,C1,New,124877,2662732.0
27/4/20,AFRICA,Shopify,null,Existing,273,48858.0
27/4/20,CANADA,Shopify,C3,Existing,807,150762.0
27/4/20,SOUTH AMERICA,Retail,C1,Existing,3294,93833.0
27/4/20,AFRICA,Shopify,F3,New,105,16771.0
27/4/20,SOUTH AMERICA,Shopify,C3,New,23,4331.0
27/4/20,CANADA,Shopify,F1,Existing,773,130933.0
27/4/20,OCEANIA,Shopify,null,Existing,637,121856.0
27/4/20,AFRICA,Retail,null,New,52965,2141157.0
27/4/20,CANADA,Retail,C3,New,28173,983778.0
27/4/20,SOUTH AMERICA,Shopify,C3,Existing,100,20484.0
27/4/20,ASIA,Retail,C1,Existing,189229,6219722.0
27/4/20,SOUTH AMERICA,Retail,F3,Existing,1350,64755.0
27/4/20,ASIA,Retail,C4,Existing,115437,5136460.0
27/4/20,EUROPE,Retail,F2,New,1450,61401.0
27/4/20,EUROPE,Retail,C3,Existing,15161,847308.0
27/4/20,USA,Shopify,C4,Existing,180,32531.0
27/4/20,CANADA,Shopify,F3,Existing,648,122497.0
27/4/20,OCEANIA,Shopify,C2,New,665,93728.0
27/4/20,USA,Shopify,F1,New,122,18645.0
27/4/20,AFRICA,Shopify,C2,Existing,2022,379049.0
27/4/20,USA,Shopify,F3,New,47,7325.0
27/4/20,EUROPE,Shopify,C1,New,10,1842.0
27/4/20,ASIA,Retail,C3,New,113497,3392154.0
27/4/20,OCEANIA,Shopify,F1,Existing,4118,770070.0
27/4/20,OCEANIA,Retail,C3,Existing,350524,16984668.0
27/4/20,OCEANIA,Shopify,C2,Existing,4418,840119.0
27/4/20,USA,Retail,C4,Existing,40627,2195881.0
27/4/20,AFRICA,Shopify,C1,Existing,1315,215986.0
27/4/20,SOUTH AMERICA,Shopify,C2,Existing,141,27387.0
27/4/20,USA,Retail,C3,New,44298,1658577.0
27/4/20,EUROPE,Shopify,C3,New,14,2466.0
27/4/20,USA,Retail,F2,Existing,98447,5700397.0
27/4/20,USA,Shopify,C1,Existing,724,123667.0
27/4/20,ASIA,Shopify,F1,Existing,1928,336135.0
27/4/20,CANADA,Shopify,null,Guest,1645,259746.0
27/4/20,USA,Retail,C2,New,25861,894096.0
27/4/20,SOUTH AMERICA,Retail,C2,New,881,26970.0
27/4/20,ASIA,Shopify,F1,New,144,18314.0
27/4/20,AFRICA,Shopify,C3,New,259,40183.0
27/4/20,AFRICA,Retail,null,Guest,1421220,42645190.0
27/4/20,CANADA,Retail,F3,Existing,95102,5355531.0
27/4/20,OCEANIA,Shopify,F3,New,178,27720.0
27/4/20,SOUTH AMERICA,Retail,F3,New,352,11480.0
27/4/20,ASIA,Shopify,F3,Existing,1601,324197.0
27/4/20,OCEANIA,Shopify,F1,New,295,41371.0
20/4/20,ASIA,Retail,F1,Existing,97403,4709417.0
20/4/20,USA,Retail,F2,Existing,86026,5252378.0
20/4/20,CANADA,Retail,C4,New,11589,380461.0
20/4/20,USA,Shopify,C4,Existing,173,29453.0
20/4/20,ASIA,Shopify,C4,New,38,4323.0
20/4/20,AFRICA,Retail,C4,New,37434,1248291.0
20/4/20,OCEANIA,Shopify,C1,New,445,55366.0
20/4/20,EUROPE,Shopify,F2,New,12,3720.0
20/4/20,OCEANIA,Retail,null,Guest,2400285,64282327.0
20/4/20,EUROPE,Shopify,F1,Existing,139,28019.0
20/4/20,OCEANIA,Shopify,F2,Existing,6326,1250081.0
20/4/20,CANADA,Shopify,C1,Existing,559,84984.0
20/4/20,AFRICA,Retail,C3,Existing,259903,13620639.0
20/4/20,OCEANIA,Retail,F2,Existing,336866,18554972.0
20/4/20,EUROPE,Shopify,F2,Existing,237,53334.0
20/4/20,USA,Shopify,F3,New,51,8022.0
20/4/20,ASIA,Shopify,C1,New,194,21388.0
20/4/20,SOUTH AMERICA,Shopify,null,New,41,7083.0
20/4/20,EUROPE,Retail,F1,New,860,36564.0
20/4/20,SOUTH AMERICA,Retail,C4,New,368,13562.0
20/4/20,AFRICA,Retail,F1,Existing,92467,5047750.0
20/4/20,CANADA,Retail,null,New,13319,542806.0
20/4/20,SOUTH AMERICA,Shopify,null,Existing,6,814.0
20/4/20,EUROPE,Retail,F3,Existing,18010,1077929.0
20/4/20,AFRICA,Shopify,F2,Existing,4257,802495.0
20/4/20,AFRICA,Shopify,C1,New,237,30893.0
20/4/20,CANADA,Shopify,C4,Existing,104,19242.0
20/4/20,EUROPE,Shopify,F3,Existing,117,29994.0
20/4/20,ASIA,Retail,F2,New,65194,2095967.0
20/4/20,AFRICA,Retail,null,Guest,1411333,41189954.0
20/4/20,USA,Shopify,F2,Existing,1959,385106.0
20/4/20,SOUTH AMERICA,Retail,C4,Existing,470,22958.0
20/4/20,AFRICA,Shopify,C4,New,58,7924.0
20/4/20,OCEANIA,Retail,F3,Existing,533504,29519797.0
20/4/20,CANADA,Shopify,C2,New,106,15471.0
20/4/20,AFRICA,Retail,C3,New,91540,3238184.0
20/4/20,AFRICA,Shopify,F2,New,228,35767.0
20/4/20,ASIA,Retail,C1,New,122482,2725813.0
20/4/20,CANADA,Shopify,F1,New,66,9502.0
20/4/20,CANADA,Shopify,null,Guest,1598,253390.0
20/4/20,SOUTH AMERICA,Retail,C1,New,2450,50726.0
20/4/20,ASIA,Shopify,F3,New,86,10798.0
20/4/20,CANADA,Retail,C4,Existing,27905,1410660.0
20/4/20,USA,Shopify,C4,New,28,4640.0
20/4/20,ASIA,Retail,null,Guest,1928536,49606513.0
20/4/20,EUROPE,Retail,C3,New,3576,141286.0
20/4/20,OCEANIA,Retail,F1,Existing,149071,7593192.0
20/4/20,ASIA,Retail,F3,Existing,396337,20198182.0
20/4/20,OCEANIA,Retail,F1,New,37294,1291814.0
20/4/20,EUROPE,Shopify,F1,New,2,591.0
20/4/20,CANADA,Shopify,null,Existing,95,16683.0
20/4/20,SOUTH AMERICA,Retail,null,Existing,243,9817.0
20/4/20,OCEANIA,Retail,C4,New,57588,1777020.0
20/4/20,USA,Shopify,C3,New,185,28819.0
20/4/20,SOUTH AMERICA,Shopify,C3,New,24,3968.0
20/4/20,EUROPE,Shopify,C4,New,2,153.0
20/4/20,EUROPE,Retail,C2,Existing,9760,465747.0
20/4/20,SOUTH AMERICA,Shopify,F2,Existing,32,5477.0
20/4/20,CANADA,Shopify,C1,New,81,11621.0
20/4/20,USA,Retail,F3,New,23714,877459.0
20/4/20,ASIA,Retail,C4,New,47782,1327240.0
20/4/20,OCEANIA,Retail,C4,Existing,151753,7403192.0
20/4/20,EUROPE,Shopify,C4,Existing,24,6302.0
20/4/20,OCEANIA,Shopify,null,Existing,555,109294.0
20/4/20,SOUTH AMERICA,Shopify,C4,New,5,972.0
20/4/20,SOUTH AMERICA,Shopify,F3,New,3,694.0
20/4/20,USA,Shopify,null,New,135,23000.0
20/4/20,CANADA,Retail,F2,Existing,56686,3226617.0
20/4/20,AFRICA,Retail,F2,Existing,251910,14059302.0
20/4/20,EUROPE,Retail,F2,Existing,14375,850579.0
20/4/20,SOUTH AMERICA,Shopify,F2,New,11,1800.0
20/4/20,SOUTH AMERICA,Retail,C3,Existing,1647,75312.0
20/4/20,USA,Shopify,null,Guest,2439,433547.0
20/4/20,EUROPE,Retail,C4,Existing,4389,231261.0
20/4/20,AFRICA,Shopify,C3,New,254,39218.0
20/4/20,USA,Retail,C2,New,22752,895695.0
20/4/20,EUROPE,Retail,F1,Existing,6871,386016.0
20/4/20,OCEANIA,Shopify,null,New,431,66711.0
20/4/20,CANADA,Retail,F3,New,16129,570764.0
20/4/20,SOUTH AMERICA,Shopify,F3,Existing,24,5081.0
20/4/20,AFRICA,Retail,F3,New,55307,1973071.0
20/4/20,CANADA,Retail,F2,New,15713,570939.0
20/4/20,CANADA,Retail,C1,Existing,52714,2235426.0
20/4/20,ASIA,Retail,F2,Existing,221481,11069461.0
20/4/20,EUROPE,Retail,C2,New,2737,102036.0
20/4/20,USA,Retail,C1,Existing,52119,2263926.0
20/4/20,CANADA,Retail,C1,New,27129,707931.0
20/4/20,OCEANIA,Retail,F2,New,81973,3158461.0
20/4/20,OCEANIA,Retail,C1,New,155482,3592550.0
20/4/20,EUROPE,Shopify,C1,New,15,2263.0
20/4/20,EUROPE,Retail,F2,New,1535,72390.0
20/4/20,EUROPE,Shopify,null,New,13,1897.0
20/4/20,OCEANIA,Retail,null,Existing,46006,1921248.0
20/4/20,EUROPE,Shopify,null,Existing,21,4539.0
20/4/20,CANADA,Retail,F1,New,6016,225176.0
20/4/20,SOUTH AMERICA,Retail,C3,New,1044,39245.0
20/4/20,SOUTH AMERICA,Shopify,F1,Existing,68,15631.0
20/4/20,ASIA,Retail,C1,Existing,186042,6204711.0
20/4/20,EUROPE,Retail,C1,Existing,14168,612050.0
20/4/20,USA,Retail,null,Existing,11302,597336.0
20/4/20,SOUTH AMERICA,Shopify,C2,Existing,151,26172.0
20/4/20,ASIA,Shopify,C4,Existing,265,46048.0
20/4/20,USA,Retail,C4,Existing,37302,2046533.0
20/4/20,ASIA,Retail,null,New,64367,2245309.0
20/4/20,AFRICA,Retail,C4,Existing,105783,5533337.0
20/4/20,EUROPE,Retail,C3,Existing,14849,803620.0
20/4/20,USA,Retail,C2,Existing,39203,2009275.0
20/4/20,SOUTH AMERICA,Shopify,C3,Existing,112,23705.0
20/4/20,ASIA,Shopify,F1,New,146,17834.0
20/4/20,CANADA,Retail,C3,Existing,58634,3055669.0
20/4/20,ASIA,Retail,C2,Existing,128791,4997383.0
20/4/20,OCEANIA,Retail,C3,New,135979,4518408.0
20/4/20,EUROPE,Shopify,C3,New,13,2047.0
20/4/20,SOUTH AMERICA,Shopify,C1,New,19,2503.0
20/4/20,SOUTH AMERICA,Shopify,C2,New,50,8273.0
20/4/20,OCEANIA,Shopify,C4,New,84,9930.0
20/4/20,USA,Retail,C4,New,15617,543467.0
20/4/20,USA,Retail,F2,New,23847,929165.0
20/4/20,USA,Retail,C1,New,30816,869651.0
20/4/20,SOUTH AMERICA,Shopify,C1,Existing,62,11422.0
20/4/20,AFRICA,Retail,F1,New,19481,732412.0
20/4/20,OCEANIA,Shopify,F3,Existing,3585,721819.0
20/4/20,AFRICA,Retail,null,Existing,32764,1494303.0
20/4/20,OCEANIA,Shopify,C1,Existing,2592,432004.0
20/4/20,CANADA,Shopify,C3,Existing,818,146027.0
20/4/20,OCEANIA,Retail,F3,New,95709,3162364.0
20/4/20,ASIA,Shopify,C2,Existing,2045,363892.0
20/4/20,ASIA,Shopify,F2,New,179,25777.0
20/4/20,USA,Shopify,C2,New,248,36371.0
20/4/20,USA,Retail,C3,Existing,94298,5436400.0
20/4/20,AFRICA,Retail,C1,New,82508,2031924.0
20/4/20,EUROPE,Retail,null,Guest,96564,3215290.0
20/4/20,ASIA,Shopify,C3,Existing,1899,358033.0
20/4/20,EUROPE,Shopify,null,Guest,339,85058.0
20/4/20,SOUTH AMERICA,Retail,null,Guest,404170,16317925.0
20/4/20,OCEANIA,Retail,C2,Existing,165337,6673278.0
20/4/20,USA,Retail,F1,Existing,37963,2356365.0
20/4/20,CANADA,Shopify,F3,New,31,4404.0
20/4/20,ASIA,Shopify,null,Guest,4986,788114.0
20/4/20,SOUTH AMERICA,Retail,null,New,1254,45595.0
20/4/20,SOUTH AMERICA,Shopify,F1,New,8,1609.0
20/4/20,CANADA,Retail,C3,New,24916,872506.0
20/4/20,EUROPE,Retail,C1,New,4061,115168.0
20/4/20,ASIA,Shopify,C1,Existing,1121,177110.0
20/4/20,AFRICA,Shopify,null,New,261,39177.0
20/4/20,OCEANIA,Shopify,C4,Existing,682,124528.0
20/4/20,CANADA,Shopify,C3,New,92,14590.0
20/4/20,ASIA,Retail,C3,Existing,245657,11254536.0
20/4/20,CANADA,Shopify,F1,Existing,821,137689.0
20/4/20,CANADA,Retail,null,Existing,6961,331777.0
20/4/20,OCEANIA,Shopify,C3,New,465,71544.0
20/4/20,AFRICA,Shopify,F3,New,118,18399.0
20/4/20,EUROPE,Retail,C4,New,982,38660.0
20/4/20,CANADA,Shopify,C2,Existing,707,122973.0
20/4/20,OCEANIA,Shopify,C2,Existing,4384,816676.0
20/4/20,USA,Shopify,F1,Existing,1465,264473.0
20/4/20,ASIA,Retail,null,Existing,35306,1413813.0
20/4/20,SOUTH AMERICA,Shopify,null,Guest,1874,345744.0
20/4/20,SOUTH AMERICA,Retail,F3,New,324,12097.0
20/4/20,CANADA,Retail,null,Guest,373604,10687236.0
20/4/20,USA,Shopify,F3,Existing,943,190187.0
20/4/20,USA,Shopify,null,Existing,166,28736.0
20/4/20,AFRICA,Retail,F3,Existing,363026,20991373.0
20/4/20,ASIA,Retail,C2,New,82543,2259163.0
20/4/20,ASIA,Shopify,F3,Existing,1638,318084.0
20/4/20,AFRICA,Shopify,C2,Existing,2245,413855.0
20/4/20,OCEANIA,Shopify,F1,New,299,41215.0
20/4/20,ASIA,Shopify,null,New,241,36730.0
20/4/20,OCEANIA,Shopify,F1,Existing,4178,761779.0
20/4/20,USA,Shopify,F2,New,144,23844.0
20/4/20,USA,Shopify,C1,Existing,764,126901.0
20/4/20,ASIA,Retail,C4,Existing,111324,4984336.0
20/4/20,ASIA,Shopify,F2,Existing,2514,459486.0
20/4/20,ASIA,Retail,C3,New,109784,3337415.0
20/4/20,AFRICA,Retail,C1,Existing,166597,6342470.0
20/4/20,AFRICA,Retail,null,New,50254,2060015.0
20/4/20,AFRICA,Shopify,F1,New,150,21381.0
20/4/20,OCEANIA,Shopify,null,Guest,9863,1710264.0
20/4/20,USA,Retail,C3,New,39286,1515672.0
20/4/20,OCEANIA,Retail,null,New,76692,3107440.0
20/4/20,ASIA,Shopify,F1,Existing,1890,320038.0
20/4/20,CANADA,Shopify,F2,Existing,1375,256830.0
20/4/20,AFRICA,Shopify,F3,Existing,2226,451008.0
20/4/20,ASIA,Retail,F1,New,28630,958242.0
20/4/20,USA,Retail,null,Guest,487707,15527907.0
20/4/20,EUROPE,Retail,null,Existing,2732,133740.0
20/4/20,ASIA,Shopify,C2,New,350,44413.0
20/4/20,ASIA,Retail,F3,New,79904,2476014.0
20/4/20,AFRICA,Retail,C2,New,49591,1571671.0
20/4/20,SOUTH AMERICA,Retail,F1,New,279,10277.0
20/4/20,EUROPE,Shopify,C2,New,22,4704.0
20/4/20,OCEANIA,Shopify,C2,New,656,89971.0
20/4/20,USA,Shopify,F1,New,115,16997.0
20/4/20,SOUTH AMERICA,Retail,F3,Existing,1485,68729.0
20/4/20,CANADA,Retail,C2,New,12981,415413.0
20/4/20,CANADA,Retail,C2,Existing,21574,977574.0
20/4/20,CANADA,Shopify,C4,New,17,2655.0
20/4/20,EUROPE,Retail,null,New,2940,134781.0
20/4/20,AFRICA,Shopify,F1,Existing,2349,411801.0
20/4/20,AFRICA,Retail,F2,New,54112,1923628.0
20/4/20,CANADA,Shopify,F3,Existing,668,127627.0
20/4/20,OCEANIA,Shopify,C3,Existing,4303,863764.0
20/4/20,AFRICA,Shopify,C2,New,300,40522.0
20/4/20,CANADA,Retail,F1,Existing,23750,1314536.0
20/4/20,AFRICA,Shopify,C4,Existing,365,66361.0
20/4/20,OCEANIA,Shopify,F3,New,160,25295.0
20/4/20,ASIA,Shopify,null,Existing,245,39289.0
20/4/20,CANADA,Shopify,F2,New,100,14634.0
20/4/20,EUROPE,Retail,F3,New,1534,63632.0
20/4/20,EUROPE,Shopify,C1,Existing,108,26095.0
20/4/20,SOUTH AMERICA,Retail,C2,Existing,1039,40603.0
20/4/20,OCEANIA,Retail,C3,Existing,334941,16407099.0
20/4/20,EUROPE,Shopify,C3,Existing,179,49632.0
20/4/20,SOUTH AMERICA,Retail,F1,Existing,847,35616.0
20/4/20,EUROPE,Shopify,C2,Existing,164,47927.0
20/4/20,AFRICA,Shopify,null,Guest,5204,868697.0
20/4/20,SOUTH AMERICA,Shopify,C4,Existing,10,1856.0
20/4/20,CANADA,Shopify,null,New,91,13031.0
20/4/20,USA,Retail,null,New,19751,866940.0
20/4/20,AFRICA,Shopify,null,Existing,297,56074.0
20/4/20,AFRICA,Shopify,C3,Existing,2433,476858.0
20/4/20,SOUTH AMERICA,Retail,C1,Existing,3251,88566.0
20/4/20,AFRICA,Shopify,C1,Existing,1480,235559.0
20/4/20,OCEANIA,Retail,C1,Existing,254418,9399435.0
20/4/20,CANADA,Retail,F3,Existing,86754,4962081.0
20/4/20,ASIA,Shopify,C3,New,235,32953.0
20/4/20,EUROPE,Shopify,F3,New,2,107.0
20/4/20,USA,Retail,F3,Existing,127222,7978304.0
20/4/20,OCEANIA,Retail,C2,New,101348,3259843.0
20/4/20,USA,Retail,F1,New,10193,425802.0
20/4/20,USA,Shopify,C2,Existing,1407,263063.0
20/4/20,SOUTH AMERICA,Retail,F2,Existing,1158,56869.0
20/4/20,USA,Shopify,C3,Existing,1444,288388.0
20/4/20,SOUTH AMERICA,Retail,F2,New,427,16151.0
20/4/20,USA,Shopify,C1,New,135,15998.0
20/4/20,OCEANIA,Shopify,F2,New,380,60889.0
20/4/20,SOUTH AMERICA,Retail,C2,New,860,26376.0
20/4/20,AFRICA,Retail,C2,Existing,101943,4519531.0
13/4/20,OCEANIA,Retail,C3,Existing,358273,17669361.0
13/4/20,CANADA,Shopify,F2,Existing,984,179807.0
13/4/20,USA,Shopify,C4,New,29,4184.0
13/4/20,USA,Retail,null,Guest,560437,17548858.0
13/4/20,ASIA,Retail,C4,New,51690,1450204.0
13/4/20,OCEANIA,Retail,F1,Existing,155009,7654193.0
13/4/20,EUROPE,Shopify,F1,Existing,128,30075.0
13/4/20,CANADA,Shopify,C4,Existing,92,17488.0
13/4/20,CANADA,Retail,null,New,14944,593915.0
13/4/20,SOUTH AMERICA,Retail,F2,Existing,1342,62035.0
13/4/20,CANADA,Shopify,C1,Existing,451,69275.0
13/4/20,USA,Retail,F2,Existing,92605,5386969.0
13/4/20,EUROPE,Shopify,F3,Existing,103,25225.0
13/4/20,AFRICA,Shopify,F2,New,228,34000.0
13/4/20,EUROPE,Retail,C3,New,3652,147396.0
13/4/20,SOUTH AMERICA,Retail,C1,New,2665,56058.0
13/4/20,OCEANIA,Shopify,C4,New,83,11371.0
13/4/20,OCEANIA,Retail,F2,New,85162,2838460.0
13/4/20,OCEANIA,Shopify,C1,New,402,46153.0
13/4/20,AFRICA,Retail,F1,Existing,106713,5711808.0
13/4/20,OCEANIA,Retail,C4,New,63229,1943131.0
13/4/20,CANADA,Shopify,C2,New,96,12417.0
13/4/20,USA,Shopify,null,New,110,23325.0
13/4/20,SOUTH AMERICA,Retail,F2,New,481,19208.0
13/4/20,AFRICA,Retail,null,Guest,1617816,47493512.0
13/4/20,CANADA,Shopify,C3,New,96,13822.0
13/4/20,USA,Shopify,C4,Existing,158,28673.0
13/4/20,ASIA,Retail,F1,Existing,101007,4734965.0
13/4/20,ASIA,Retail,F2,New,69123,2140171.0
13/4/20,ASIA,Retail,null,New,65880,2210789.0
13/4/20,ASIA,Shopify,C4,Existing,261,43248.0
13/4/20,EUROPE,Shopify,F2,New,6,881.0
13/4/20,CANADA,Retail,F2,Existing,60914,3344882.0
13/4/20,OCEANIA,Retail,F2,Existing,338134,17702585.0
13/4/20,EUROPE,Shopify,F2,Existing,177,39410.0
13/4/20,SOUTH AMERICA,Retail,C4,New,414,16709.0
13/4/20,EUROPE,Retail,C2,Existing,10039,487985.0
13/4/20,CANADA,Shopify,C1,New,68,8643.0
13/4/20,USA,Retail,F2,New,26678,982962.0
13/4/20,USA,Shopify,null,Existing,129,20097.0
13/4/20,USA,Shopify,C1,New,124,16680.0
13/4/20,CANADA,Retail,F1,Existing,25783,1365952.0
13/4/20,ASIA,Shopify,F3,New,96,13657.0
13/4/20,EUROPE,Retail,F3,Existing,18443,1154974.0
13/4/20,SOUTH AMERICA,Shopify,C2,Existing,111,21587.0
13/4/20,AFRICA,Retail,C3,Existing,302671,15780670.0
13/4/20,CANADA,Retail,C4,New,13253,427760.0
13/4/20,AFRICA,Retail,F2,Existing,294678,16140089.0
13/4/20,SOUTH AMERICA,Shopify,C4,Existing,8,1580.0
13/4/20,CANADA,Shopify,F1,New,46,6048.0
13/4/20,AFRICA,Shopify,C1,New,274,33849.0
13/4/20,ASIA,Shopify,C1,New,224,24405.0
13/4/20,EUROPE,Shopify,null,Guest,259,49885.0
13/4/20,USA,Retail,C4,Existing,42264,2307339.0
13/4/20,SOUTH AMERICA,Shopify,C3,New,24,4012.0
13/4/20,AFRICA,Shopify,null,New,292,44633.0
13/4/20,ASIA,Shopify,F2,Existing,2531,456075.0
13/4/20,EUROPE,Retail,C1,Existing,14775,650384.0
13/4/20,USA,Shopify,C3,New,142,23307.0
13/4/20,AFRICA,Retail,C1,New,95426,2315346.0
13/4/20,CANADA,Shopify,null,Existing,69,11563.0
13/4/20,USA,Shopify,C2,New,220,31949.0
13/4/20,CANADA,Shopify,null,Guest,1273,202755.0
13/4/20,ASIA,Shopify,C1,Existing,1149,179694.0
13/4/20,AFRICA,Shopify,F2,Existing,4280,801366.0
13/4/20,OCEANIA,Shopify,C2,Existing,3730,685415.0
13/4/20,CANADA,Retail,F1,New,6628,236100.0
13/4/20,USA,Shopify,F1,Existing,1193,216040.0
13/4/20,OCEANIA,Shopify,C3,New,457,68005.0
13/4/20,ASIA,Shopify,C4,New,39,4151.0
13/4/20,EUROPE,Retail,F1,New,867,34133.0
13/4/20,SOUTH AMERICA,Shopify,null,Existing,3,354.0
13/4/20,EUROPE,Retail,null,New,2934,133057.0
13/4/20,OCEANIA,Retail,C2,New,106900,2848929.0
13/4/20,CANADA,Retail,C4,Existing,31704,1617700.0
13/4/20,EUROPE,Shopify,C1,New,9,1463.0
13/4/20,CANADA,Retail,F3,New,18304,642423.0
13/4/20,SOUTH AMERICA,Shopify,F3,Existing,31,6726.0
13/4/20,OCEANIA,Retail,C1,Existing,266030,9403248.0
13/4/20,SOUTH AMERICA,Retail,C3,New,1162,43581.0
13/4/20,EUROPE,Retail,C4,New,1054,38087.0
13/4/20,OCEANIA,Retail,null,New,78913,2799548.0
13/4/20,EUROPE,Shopify,null,New,6,875.0
13/4/20,AFRICA,Shopify,C2,Existing,2420,433540.0
13/4/20,AFRICA,Retail,C1,Existing,193582,7213297.0
13/4/20,USA,Shopify,F2,New,116,18510.0
13/4/20,OCEANIA,Retail,null,Existing,43753,1817943.0
13/4/20,AFRICA,Shopify,C3,New,306,48251.0
13/4/20,CANADA,Retail,null,Guest,419684,11777797.0
13/4/20,AFRICA,Shopify,F3,Existing,2259,447145.0
13/4/20,CANADA,Shopify,null,New,74,11671.0
13/4/20,AFRICA,Retail,C2,Existing,118645,5123457.0
13/4/20,AFRICA,Shopify,C4,New,53,6598.0
13/4/20,EUROPE,Shopify,F1,New,6,952.0
13/4/20,CANADA,Retail,C1,Existing,59202,2440448.0
13/4/20,USA,Shopify,F3,Existing,729,147841.0
13/4/20,AFRICA,Retail,C2,New,58060,1819830.0
13/4/20,USA,Retail,C1,New,36103,968269.0
13/4/20,SOUTH AMERICA,Retail,F3,New,453,17987.0
13/4/20,SOUTH AMERICA,Shopify,F2,New,9,908.0
13/4/20,SOUTH AMERICA,Shopify,F3,New,2,754.0
13/4/20,AFRICA,Shopify,C1,Existing,1559,249343.0
13/4/20,USA,Retail,null,Existing,11641,600050.0
13/4/20,ASIA,Shopify,C3,Existing,1875,363296.0
13/4/20,ASIA,Retail,F3,New,84475,2589285.0
13/4/20,EUROPE,Shopify,C3,Existing,136,33441.0
13/4/20,SOUTH AMERICA,Retail,null,New,1334,47781.0
13/4/20,ASIA,Retail,C1,Existing,191386,6205536.0
13/4/20,CANADA,Shopify,F3,Existing,514,95751.0
13/4/20,CANADA,Retail,null,Existing,7185,340565.0
13/4/20,ASIA,Shopify,C2,Existing,2049,356114.0
13/4/20,EUROPE,Retail,C2,New,2710,97033.0
13/4/20,USA,Retail,C4,New,18310,633301.0
13/4/20,USA,Retail,F3,Existing,142513,8767837.0
13/4/20,AFRICA,Retail,C4,New,44073,1466409.0
13/4/20,ASIA,Retail,F2,Existing,230696,11267677.0
13/4/20,SOUTH AMERICA,Retail,F1,Existing,948,39993.0
13/4/20,CANADA,Shopify,F1,Existing,632,104263.0
13/4/20,OCEANIA,Shopify,F1,Existing,3540,634968.0
13/4/20,OCEANIA,Shopify,F3,New,164,24510.0
13/4/20,ASIA,Shopify,C2,New,398,48461.0
13/4/20,EUROPE,Retail,F2,New,1539,63959.0
13/4/20,AFRICA,Shopify,F3,New,86,11802.0
13/4/20,OCEANIA,Retail,C4,Existing,164413,8216089.0
13/4/20,USA,Shopify,C3,Existing,1220,251353.0
13/4/20,AFRICA,Retail,null,New,58491,2346267.0
13/4/20,ASIA,Retail,C4,Existing,118651,5350097.0
13/4/20,ASIA,Shopify,null,New,266,39377.0
13/4/20,USA,Shopify,F3,New,35,4854.0
13/4/20,OCEANIA,Shopify,null,New,413,65134.0
13/4/20,USA,Retail,C3,Existing,108364,6178717.0
13/4/20,SOUTH AMERICA,Retail,C3,Existing,1819,87968.0
13/4/20,ASIA,Shopify,F1,New,156,18798.0
13/4/20,SOUTH AMERICA,Retail,C2,Existing,1130,46232.0
13/4/20,OCEANIA,Retail,F3,New,102993,3429086.0
13/4/20,EUROPE,Shopify,F3,New,5,620.0
13/4/20,EUROPE,Retail,C3,Existing,15104,836945.0
13/4/20,SOUTH AMERICA,Shopify,null,New,34,5968.0
13/4/20,CANADA,Retail,C2,New,15181,475467.0
13/4/20,USA,Shopify,C2,Existing,1151,221293.0
13/4/20,USA,Shopify,F2,Existing,1578,308910.0
13/4/20,SOUTH AMERICA,Shopify,C2,New,44,5701.0
13/4/20,EUROPE,Retail,null,Guest,97943,3360699.0
13/4/20,CANADA,Shopify,F3,New,30,3860.0
13/4/20,EUROPE,Shopify,C3,New,7,2176.0
13/4/20,AFRICA,Retail,F3,Existing,424157,24317695.0
13/4/20,OCEANIA,Shopify,F1,New,246,34215.0
13/4/20,AFRICA,Shopify,F1,New,160,22091.0
13/4/20,OCEANIA,Retail,null,Guest,2526719,66917047.0
13/4/20,ASIA,Retail,null,Existing,33095,1332573.0
13/4/20,ASIA,Shopify,null,Existing,260,43889.0
13/4/20,OCEANIA,Shopify,C1,Existing,2305,381469.0
13/4/20,AFRICA,Retail,C3,New,106420,3764191.0
13/4/20,AFRICA,Shopify,C4,Existing,386,69793.0
13/4/20,EUROPE,Retail,F2,Existing,14276,866899.0
13/4/20,EUROPE,Shopify,C4,New,2,140.0
13/4/20,OCEANIA,Retail,F3,Existing,556981,30558854.0
13/4/20,EUROPE,Retail,F1,Existing,7050,421374.0
13/4/20,USA,Retail,C3,New,45952,1745528.0
13/4/20,CANADA,Shopify,C4,New,12,1361.0
13/4/20,AFRICA,Retail,F3,New,64567,2305891.0
13/4/20,ASIA,Shopify,F1,Existing,1880,318665.0
13/4/20,ASIA,Retail,C2,Existing,132957,5029612.0
13/4/20,SOUTH AMERICA,Shopify,C1,New,13,1604.0
13/4/20,OCEANIA,Shopify,C2,New,655,94546.0
13/4/20,USA,Shopify,F1,New,107,16526.0
13/4/20,AFRICA,Shopify,C2,New,356,48173.0
13/4/20,OCEANIA,Retail,C1,New,165349,3665492.0
13/4/20,CANADA,Retail,C3,New,28930,1005904.0
13/4/20,SOUTH AMERICA,Shopify,C3,Existing,103,19505.0
13/4/20,EUROPE,Shopify,C4,Existing,18,4670.0
13/4/20,CANADA,Retail,C3,Existing,66030,3439965.0
13/4/20,OCEANIA,Shopify,F2,New,306,44405.0
13/4/20,ASIA,Shopify,null,Guest,5115,771385.0
13/4/20,OCEANIA,Shopify,C4,Existing,600,107319.0
13/4/20,USA,Retail,null,New,22051,932938.0
13/4/20,SOUTH AMERICA,Shopify,F1,New,9,1629.0
13/4/20,ASIA,Retail,C1,New,126645,2660929.0
13/4/20,USA,Retail,F1,New,11647,449292.0
13/4/20,SOUTH AMERICA,Retail,F1,New,293,11526.0
13/4/20,ASIA,Shopify,F3,Existing,1628,316777.0
13/4/20,EUROPE,Shopify,C2,New,12,2266.0
13/4/20,SOUTH AMERICA,Retail,C2,New,973,32618.0
13/4/20,ASIA,Retail,F1,New,29781,922305.0
13/4/20,SOUTH AMERICA,Shopify,null,Guest,1586,294232.0
13/4/20,OCEANIA,Shopify,C3,Existing,3828,758304.0
13/4/20,SOUTH AMERICA,Shopify,C4,New,2,272.0
13/4/20,CANADA,Retail,F2,New,17408,609742.0
13/4/20,SOUTH AMERICA,Shopify,F2,Existing,28,4918.0
13/4/20,SOUTH AMERICA,Retail,null,Existing,215,8150.0
13/4/20,SOUTH AMERICA,Shopify,F1,Existing,55,13874.0
13/4/20,OCEANIA,Shopify,F2,Existing,5030,993700.0
13/4/20,OCEANIA,Retail,C3,New,147032,4713153.0
13/4/20,EUROPE,Retail,F3,New,1588,69251.0
13/4/20,EUROPE,Retail,C1,New,4237,127895.0
13/4/20,AFRICA,Retail,F1,New,22507,801167.0
13/4/20,OCEANIA,Shopify,F3,Existing,3072,614939.0
13/4/20,CANADA,Retail,F3,Existing,95726,5421683.0
13/4/20,ASIA,Shopify,C3,New,249,38479.0
13/4/20,ASIA,Retail,null,Guest,2009880,50906057.0
13/4/20,AFRICA,Shopify,null,Existing,273,51030.0
13/4/20,USA,Retail,C2,Existing,44064,2178517.0
13/4/20,EUROPE,Shopify,C1,Existing,94,19720.0
13/4/20,CANADA,Retail,C1,New,30855,768723.0
13/4/20,SOUTH AMERICA,Shopify,C1,Existing,64,11579.0
13/4/20,EUROPE,Retail,C4,Existing,4495,235244.0
13/4/20,OCEANIA,Retail,C2,Existing,172838,6724038.0
13/4/20,USA,Retail,F1,Existing,42196,2419103.0
13/4/20,EUROPE,Shopify,C2,Existing,153,36916.0
13/4/20,USA,Retail,C2,New,26384,906633.0
13/4/20,AFRICA,Retail,F2,New,63768,2245299.0
13/4/20,USA,Retail,F3,New,27216,1005344.0
13/4/20,CANADA,Retail,C2,Existing,24550,1086943.0
13/4/20,EUROPE,Shopify,null,Existing,14,2960.0
13/4/20,SOUTH AMERICA,Retail,null,Guest,415778,16705280.0
13/4/20,ASIA,Shopify,F2,New,204,26378.0
13/4/20,EUROPE,Retail,null,Existing,2501,127207.0
13/4/20,ASIA,Retail,C2,New,85817,2197368.0
13/4/20,CANADA,Shopify,F2,New,62,8908.0
13/4/20,OCEANIA,Shopify,null,Guest,8651,1459841.0
13/4/20,SOUTH AMERICA,Retail,C1,Existing,3404,95271.0
13/4/20,AFRICA,Shopify,null,Guest,5246,872142.0
13/4/20,USA,Retail,C1,Existing,59460,2475388.0
13/4/20,USA,Shopify,null,Guest,2006,348105.0
13/4/20,CANADA,Shopify,C2,Existing,589,99741.0
13/4/20,AFRICA,Retail,C4,Existing,122587,6364144.0
13/4/20,SOUTH AMERICA,Retail,F3,Existing,1674,80519.0
13/4/20,AFRICA,Retail,null,Existing,34559,1560974.0
13/4/20,SOUTH AMERICA,Retail,C4,Existing,543,27239.0
13/4/20,OCEANIA,Shopify,null,Existing,452,81630.0
13/4/20,USA,Shopify,C1,Existing,579,100790.0
13/4/20,AFRICA,Shopify,F1,Existing,2443,423133.0
13/4/20,AFRICA,Shopify,C3,Existing,2651,509593.0
13/4/20,ASIA,Retail,C3,New,116346,3490623.0
13/4/20,ASIA,Retail,F3,Existing,413660,20909838.0
13/4/20,OCEANIA,Retail,F1,New,39208,1274337.0
13/4/20,CANADA,Shopify,C3,Existing,678,120647.0
13/4/20,ASIA,Retail,C3,Existing,257778,11793422.0
6/4/20,USA,Shopify,C1,Existing,650,116880.0
6/4/20,USA,Shopify,C2,New,213,31075.0
6/4/20,CANADA,Shopify,null,Guest,1394,225859.0
6/4/20,SOUTH AMERICA,Retail,null,Existing,335,13410.0
6/4/20,CANADA,Shopify,C2,Existing,601,101280.0
6/4/20,SOUTH AMERICA,Retail,F3,New,398,15809.0
6/4/20,ASIA,Shopify,C1,Existing,1091,175069.0
6/4/20,CANADA,Retail,C4,Existing,29565,1485105.0
6/4/20,CANADA,Retail,F1,New,6302,224858.0
6/4/20,AFRICA,Shopify,null,Existing,334,60541.0
6/4/20,CANADA,Shopify,null,Existing,104,19654.0
6/4/20,AFRICA,Retail,C1,Existing,185514,6858539.0
6/4/20,OCEANIA,Shopify,C2,New,607,86407.0
6/4/20,USA,Shopify,F1,New,111,16541.0
6/4/20,CANADA,Retail,F3,New,17130,594534.0
6/4/20,SOUTH AMERICA,Shopify,F3,Existing,26,4516.0
6/4/20,AFRICA,Shopify,C4,Existing,378,65153.0
6/4/20,SOUTH AMERICA,Shopify,C3,New,28,4019.0
6/4/20,AFRICA,Retail,C2,New,54325,1645677.0
6/4/20,SOUTH AMERICA,Retail,C2,Existing,1061,45134.0
6/4/20,ASIA,Retail,C4,New,48918,1361436.0
6/4/20,USA,Shopify,C2,Existing,1235,241494.0
6/4/20,SOUTH AMERICA,Retail,C3,New,1161,45057.0
6/4/20,OCEANIA,Retail,C4,Existing,156275,7796567.0
6/4/20,OCEANIA,Shopify,C4,Existing,637,117105.0
6/4/20,CANADA,Shopify,C3,New,81,12490.0
6/4/20,USA,Retail,null,Existing,14092,710547.0
6/4/20,ASIA,Shopify,C2,Existing,2028,359472.0
6/4/20,OCEANIA,Shopify,C3,New,454,71117.0
6/4/20,CANADA,Shopify,C3,Existing,743,138990.0
6/4/20,ASIA,Shopify,C3,New,233,35106.0
6/4/20,SOUTH AMERICA,Retail,C2,New,932,28639.0
6/4/20,USA,Retail,C4,Existing,40118,2176885.0
6/4/20,SOUTH AMERICA,Retail,null,New,1401,53648.0
6/4/20,OCEANIA,Retail,C4,New,59592,1825689.0
6/4/20,USA,Shopify,C3,New,160,28410.0
6/4/20,EUROPE,Shopify,C4,New,2,58.0
6/4/20,OCEANIA,Shopify,C3,Existing,4012,809752.0
6/4/20,ASIA,Shopify,F1,New,154,20863.0
6/4/20,AFRICA,Retail,F1,New,21395,760680.0
6/4/20,OCEANIA,Retail,F3,New,97500,3144813.0
6/4/20,AFRICA,Retail,C4,Existing,115263,5913124.0
6/4/20,ASIA,Retail,null,New,71228,2416733.0
6/4/20,USA,Retail,C1,Existing,57036,2342078.0
6/4/20,SOUTH AMERICA,Shopify,C2,Existing,114,22241.0
6/4/20,OCEANIA,Shopify,null,New,444,70176.0
6/4/20,CANADA,Retail,C2,New,14206,431191.0
6/4/20,CANADA,Shopify,F3,Existing,577,113965.0
6/4/20,AFRICA,Shopify,C3,New,269,39498.0
6/4/20,USA,Retail,null,New,23683,986782.0
6/4/20,AFRICA,Shopify,C3,Existing,2471,488001.0
6/4/20,EUROPE,Retail,F2,Existing,13586,780037.0
6/4/20,USA,Retail,F3,New,25440,924311.0
6/4/20,AFRICA,Retail,C1,New,91269,2189260.0
6/4/20,ASIA,Shopify,null,Existing,288,50499.0
6/4/20,OCEANIA,Retail,C2,New,102351,2662281.0
6/4/20,ASIA,Shopify,F3,New,99,13412.0
6/4/20,ASIA,Shopify,C2,New,394,52862.0
6/4/20,EUROPE,Shopify,F3,Existing,104,25726.0
6/4/20,OCEANIA,Retail,null,New,86362,3009128.0
6/4/20,SOUTH AMERICA,Shopify,F1,Existing,67,15083.0
6/4/20,EUROPE,Shopify,null,New,8,932.0
6/4/20,ASIA,Retail,C4,Existing,114518,5132363.0
6/4/20,EUROPE,Retail,F2,New,1458,59610.0
6/4/20,ASIA,Shopify,C3,Existing,1829,349743.0
6/4/20,AFRICA,Retail,null,Existing,40902,1818623.0
6/4/20,EUROPE,Shopify,null,Existing,19,3941.0
6/4/20,EUROPE,Retail,C4,Existing,4239,226027.0
6/4/20,SOUTH AMERICA,Retail,C3,Existing,1778,85852.0
6/4/20,OCEANIA,Retail,null,Existing,53195,2209637.0
6/4/20,USA,Shopify,null,Guest,2188,398920.0
6/4/20,OCEANIA,Shopify,F3,Existing,3147,642106.0
6/4/20,EUROPE,Retail,C3,New,3369,131730.0
6/4/20,AFRICA,Shopify,F2,Existing,4249,818533.0
6/4/20,OCEANIA,Retail,C1,Existing,259940,9099492.0
6/4/20,CANADA,Retail,F2,New,16022,559238.0
6/4/20,SOUTH AMERICA,Shopify,F2,Existing,35,6374.0
6/4/20,CANADA,Retail,C3,Existing,62408,3199946.0
6/4/20,OCEANIA,Shopify,F2,Existing,5328,1054155.0
6/4/20,CANADA,Shopify,C1,Existing,536,86498.0
6/4/20,OCEANIA,Shopify,C1,Existing,2451,412612.0
6/4/20,SOUTH AMERICA,Shopify,C3,Existing,96,17959.0
6/4/20,USA,Retail,F1,New,10893,413762.0
6/4/20,SOUTH AMERICA,Shopify,C4,New,2,261.0
6/4/20,USA,Shopify,C4,Existing,160,29905.0
6/4/20,OCEANIA,Retail,null,Guest,2529307,65731613.0
6/4/20,EUROPE,Retail,C3,Existing,14312,777503.0
6/4/20,EUROPE,Shopify,F2,New,10,5035.0
6/4/20,EUROPE,Retail,F3,New,1444,58221.0
6/4/20,USA,Retail,C2,New,24791,813108.0
6/4/20,SOUTH AMERICA,Shopify,F1,New,7,1386.0
6/4/20,CANADA,Retail,C1,Existing,56186,2272789.0
6/4/20,CANADA,Retail,C2,Existing,22833,1005173.0
6/4/20,CANADA,Shopify,C4,New,10,1352.0
6/4/20,AFRICA,Retail,null,New,61656,2448644.0
6/4/20,ASIA,Shopify,null,New,299,44566.0
6/4/20,OCEANIA,Shopify,F3,New,146,21250.0
6/4/20,SOUTH AMERICA,Retail,F2,Existing,1316,65542.0
6/4/20,SOUTH AMERICA,Shopify,null,Guest,1670,308715.0
6/4/20,OCEANIA,Shopify,C2,Existing,4136,773101.0
6/4/20,USA,Shopify,F1,Existing,1306,237322.0
6/4/20,SOUTH AMERICA,Retail,C4,New,402,16094.0
6/4/20,ASIA,Retail,F1,Existing,96904,4594716.0
6/4/20,EUROPE,Shopify,F1,Existing,130,27619.0
6/4/20,USA,Retail,F2,Existing,91721,5200942.0
6/4/20,SOUTH AMERICA,Shopify,C1,New,23,3058.0
6/4/20,CANADA,Retail,C1,New,28820,716195.0
6/4/20,ASIA,Shopify,C4,Existing,275,46900.0
6/4/20,SOUTH AMERICA,Shopify,C1,Existing,66,11695.0
6/4/20,AFRICA,Retail,F3,Existing,395835,22485889.0
6/4/20,OCEANIA,Retail,F2,New,81185,2623081.0
6/4/20,EUROPE,Retail,null,New,3037,135199.0
6/4/20,AFRICA,Retail,F3,New,59929,2123915.0
6/4/20,ASIA,Shopify,null,Guest,5073,792573.0
6/4/20,AFRICA,Shopify,C2,Existing,2267,420126.0
6/4/20,ASIA,Retail,C2,New,81601,2115400.0
6/4/20,AFRICA,Retail,F1,Existing,101997,5400299.0
6/4/20,ASIA,Shopify,C1,New,228,25631.0
6/4/20,ASIA,Retail,F2,New,64752,2045318.0
6/4/20,USA,Shopify,F2,Existing,1680,333634.0
6/4/20,CANADA,Retail,null,Guest,406428,11228675.0
6/4/20,EUROPE,Shopify,C1,Existing,106,22241.0
6/4/20,EUROPE,Shopify,F3,New,3,220.0
6/4/20,ASIA,Retail,F3,New,80052,2468002.0
6/4/20,CANADA,Retail,C3,New,26520,903223.0
6/4/20,EUROPE,Shopify,C4,Existing,18,6031.0
6/4/20,OCEANIA,Shopify,null,Existing,569,110016.0
6/4/20,SOUTH AMERICA,Retail,F3,Existing,1601,76308.0
6/4/20,OCEANIA,Retail,C1,New,159950,3480844.0
6/4/20,EUROPE,Retail,C1,New,4095,124621.0
6/4/20,AFRICA,Shopify,null,New,288,45984.0
6/4/20,AFRICA,Shopify,C1,Existing,1560,253645.0
6/4/20,OCEANIA,Shopify,C4,New,72,9421.0
6/4/20,AFRICA,Shopify,F1,New,164,24818.0
6/4/20,AFRICA,Retail,C3,Existing,285420,14599761.0
6/4/20,AFRICA,Shopify,F3,Existing,2153,450858.0
6/4/20,EUROPE,Retail,C2,New,2568,89000.0
6/4/20,ASIA,Shopify,F3,Existing,1586,307405.0
6/4/20,OCEANIA,Shopify,F1,New,275,40080.0
6/4/20,SOUTH AMERICA,Retail,F1,New,306,10441.0
6/4/20,EUROPE,Shopify,C2,New,15,2473.0
6/4/20,ASIA,Retail,C2,Existing,129469,4958730.0
6/4/20,OCEANIA,Retail,C3,New,138380,4365408.0
6/4/20,EUROPE,Shopify,C3,New,9,1404.0
6/4/20,AFRICA,Shopify,C2,New,329,50372.0
6/4/20,USA,Shopify,F3,Existing,847,177303.0
6/4/20,AFRICA,Retail,C3,New,100527,3496565.0
6/4/20,AFRICA,Shopify,F3,New,107,17080.0
6/4/20,SOUTH AMERICA,Retail,C1,Existing,3510,98885.0
6/4/20,CANADA,Shopify,F2,New,62,8807.0
6/4/20,CANADA,Retail,null,New,15583,619090.0
6/4/20,USA,Shopify,null,Existing,164,29892.0
6/4/20,CANADA,Shopify,F1,New,62,8392.0
6/4/20,OCEANIA,Retail,C3,Existing,345557,16878442.0
6/4/20,USA,Retail,C3,Existing,102746,5799422.0
6/4/20,ASIA,Retail,C1,Existing,186817,6137023.0
6/4/20,SOUTH AMERICA,Shopify,null,New,38,6542.0
6/4/20,CANADA,Retail,F2,Existing,59655,3154296.0
6/4/20,ASIA,Retail,C3,Existing,249034,11362755.0
6/4/20,USA,Retail,null,Guest,546953,16832802.0
6/4/20,SOUTH AMERICA,Retail,F1,Existing,864,38140.0
6/4/20,ASIA,Retail,null,Guest,1968795,50299470.0
6/4/20,OCEANIA,Shopify,C1,New,400,48086.0
6/4/20,CANADA,Shopify,C1,New,87,11436.0
6/4/20,EUROPE,Retail,null,Existing,3150,155240.0
6/4/20,USA,Retail,F2,New,25025,903941.0
6/4/20,SOUTH AMERICA,Retail,F2,New,453,16382.0
6/4/20,ASIA,Retail,F1,New,28408,891072.0
6/4/20,CANADA,Shopify,C2,New,107,14175.0
6/4/20,USA,Shopify,C4,New,20,2346.0
6/4/20,SOUTH AMERICA,Shopify,F2,New,7,1116.0
6/4/20,OCEANIA,Retail,F3,Existing,539113,29097418.0
6/4/20,AFRICA,Shopify,F2,New,295,47352.0
6/4/20,EUROPE,Shopify,null,Guest,288,65735.0
6/4/20,OCEANIA,Shopify,F1,Existing,3937,717516.0
6/4/20,USA,Shopify,F2,New,122,20721.0
6/4/20,ASIA,Retail,null,Existing,40382,1618178.0
6/4/20,ASIA,Retail,C3,New,110944,3318936.0
6/4/20,AFRICA,Retail,null,Guest,1590573,45868068.0
6/4/20,SOUTH AMERICA,Retail,C4,Existing,565,27626.0
6/4/20,CANADA,Shopify,F2,Existing,1136,218188.0
6/4/20,USA,Retail,C2,Existing,42580,2088832.0
6/4/20,ASIA,Shopify,F1,Existing,1886,327203.0
6/4/20,CANADA,Retail,F3,Existing,91251,5082841.0
6/4/20,USA,Shopify,C1,New,115,16454.0
6/4/20,SOUTH AMERICA,Shopify,F3,New,2,452.0
6/4/20,EUROPE,Retail,C2,Existing,9745,451370.0
6/4/20,ASIA,Retail,F3,Existing,395178,20137834.0
6/4/20,OCEANIA,Retail,F1,New,37838,1208795.0
6/4/20,EUROPE,Retail,null,Guest,95806,3185495.0
6/4/20,OCEANIA,Retail,F1,Existing,151876,7423555.0
6/4/20,SOUTH AMERICA,Shopify,C2,New,43,6356.0
6/4/20,EUROPE,Retail,F3,Existing,17523,1052064.0
6/4/20,AFRICA,Retail,F2,New,59614,2126043.0
6/4/20,AFRICA,Retail,F2,Existing,275454,15403992.0
6/4/20,AFRICA,Shopify,C4,New,66,8717.0
6/4/20,CANADA,Shopify,C4,Existing,96,15998.0
6/4/20,OCEANIA,Shopify,F2,New,300,45054.0
6/4/20,AFRICA,Retail,C2,Existing,112703,4854172.0
6/4/20,EUROPE,Shopify,F2,Existing,179,39476.0
6/4/20,USA,Shopify,F3,New,41,5383.0
6/4/20,AFRICA,Shopify,F1,Existing,2421,427587.0
6/4/20,EUROPE,Shopify,F1,New,6,3096.0
6/4/20,SOUTH AMERICA,Retail,C1,New,2405,50101.0
6/4/20,CANADA,Shopify,F1,Existing,725,122594.0
6/4/20,SOUTH AMERICA,Shopify,null,Existing,7,1092.0
6/4/20,CANADA,Retail,null,Existing,8244,387215.0
6/4/20,USA,Retail,C3,New,42703,1592057.0
6/4/20,EUROPE,Retail,C4,New,1036,38922.0
6/4/20,ASIA,Retail,C1,New,120689,2525781.0
6/4/20,USA,Shopify,null,New,143,25716.0
6/4/20,OCEANIA,Retail,C2,Existing,168993,6566395.0
6/4/20,USA,Retail,F1,Existing,40863,2311475.0
6/4/20,EUROPE,Shopify,C2,Existing,138,42255.0
6/4/20,USA,Shopify,C3,Existing,1307,264490.0
6/4/20,OCEANIA,Shopify,null,Guest,9014,1572076.0
6/4/20,EUROPE,Shopify,C3,Existing,146,40990.0
6/4/20,AFRICA,Shopify,C1,New,246,29445.0
6/4/20,CANADA,Retail,F1,Existing,24977,1307234.0
6/4/20,CANADA,Shopify,null,New,93,13938.0
6/4/20,USA,Retail,F3,Existing,136691,8263623.0
6/4/20,ASIA,Shopify,F2,Existing,2564,482399.0
6/4/20,USA,Retail,C4,New,16927,585344.0
6/4/20,USA,Retail,C1,New,33927,891114.0
6/4/20,CANADA,Shopify,F3,New,35,4733.0
6/4/20,SOUTH AMERICA,Retail,null,Guest,412647,16399964.0
6/4/20,ASIA,Shopify,F2,New,239,32801.0
6/4/20,AFRICA,Retail,C4,New,40529,1317218.0
6/4/20,EUROPE,Retail,F1,New,826,32911.0
6/4/20,ASIA,Retail,F2,Existing,219480,11115259.0
6/4/20,ASIA,Shopify,C4,New,43,6180.0
6/4/20,EUROPE,Shopify,C1,New,9,1427.0
6/4/20,CANADA,Retail,C4,New,12172,395403.0
6/4/20,AFRICA,Shopify,null,Guest,4950,847013.0
6/4/20,SOUTH AMERICA,Shopify,C4,Existing,9,1431.0
6/4/20,EUROPE,Retail,F1,Existing,6799,390357.0
6/4/20,EUROPE,Retail,C1,Existing,14055,608634.0
6/4/20,OCEANIA,Retail,F2,Existing,337968,17218066.0
30/3/20,AFRICA,Shopify,C1,Existing,1528,236170.0
30/3/20,OCEANIA,Shopify,C4,Existing,719,130922.0
30/3/20,OCEANIA,Retail,null,New,90434,3249566.0
30/3/20,OCEANIA,Shopify,F1,New,307,45230.0
30/3/20,EUROPE,Retail,C4,New,1042,36264.0
30/3/20,SOUTH AMERICA,Shopify,C1,Existing,73,12556.0
30/3/20,USA,Shopify,C3,New,187,30702.0
30/3/20,USA,Shopify,C2,New,212,32471.0
30/3/20,SOUTH AMERICA,Shopify,C2,New,36,5460.0
30/3/20,SOUTH AMERICA,Retail,F3,New,422,15921.0
30/3/20,CANADA,Shopify,F3,New,33,4186.0
30/3/20,AFRICA,Retail,null,New,63582,2519670.0
30/3/20,ASIA,Shopify,F3,Existing,1395,266871.0
30/3/20,ASIA,Retail,C1,Existing,187188,6066127.0
30/3/20,AFRICA,Shopify,F1,New,170,25083.0
30/3/20,CANADA,Retail,C2,New,14994,472190.0
30/3/20,USA,Shopify,C2,Existing,1351,257785.0
30/3/20,CANADA,Shopify,null,Existing,104,18412.0
30/3/20,USA,Shopify,C1,Existing,704,120495.0
30/3/20,CANADA,Shopify,F3,Existing,668,126639.0
30/3/20,OCEANIA,Shopify,F3,Existing,3616,737685.0
30/3/20,OCEANIA,Shopify,F3,New,167,26821.0
30/3/20,SOUTH AMERICA,Retail,F1,New,303,11456.0
30/3/20,SOUTH AMERICA,Retail,F3,Existing,1719,84203.0
30/3/20,AFRICA,Retail,C1,New,93079,2278599.0
30/3/20,USA,Retail,F3,New,26364,977303.0
30/3/20,EUROPE,Retail,F2,Existing,14175,862044.0
30/3/20,CANADA,Retail,null,New,16426,676199.0
30/3/20,SOUTH AMERICA,Shopify,null,Existing,8,1750.0
30/3/20,ASIA,Shopify,C2,New,350,46433.0
30/3/20,AFRICA,Shopify,C4,Existing,377,69467.0
30/3/20,CANADA,Shopify,C3,New,94,13173.0
30/3/20,OCEANIA,Retail,C2,New,104971,2872639.0
30/3/20,ASIA,Retail,C2,New,81885,2131402.0
30/3/20,EUROPE,Shopify,C4,Existing,18,5023.0
30/3/20,OCEANIA,Retail,C4,Existing,158502,7878202.0
30/3/20,CANADA,Retail,C3,New,28470,997700.0
30/3/20,SOUTH AMERICA,Shopify,C3,Existing,103,22413.0
30/3/20,CANADA,Retail,C2,Existing,23519,1040830.0
30/3/20,OCEANIA,Shopify,null,Existing,595,115487.0
30/3/20,SOUTH AMERICA,Retail,C4,Existing,538,28545.0
30/3/20,EUROPE,Retail,null,New,3092,143200.0
30/3/20,SOUTH AMERICA,Shopify,F3,Existing,38,7972.0
30/3/20,CANADA,Shopify,F2,New,86,11678.0
30/3/20,USA,Retail,C4,Existing,40592,2208133.0
30/3/20,ASIA,Retail,null,New,72535,2446285.0
30/3/20,USA,Shopify,null,Existing,161,29483.0
30/3/20,ASIA,Shopify,null,Guest,4557,719812.0
30/3/20,AFRICA,Retail,C4,Existing,116903,6042797.0
30/3/20,CANADA,Shopify,F1,New,67,8838.0
30/3/20,USA,Shopify,F1,New,133,20015.0
30/3/20,OCEANIA,Retail,F3,New,101369,3335257.0
30/3/20,EUROPE,Shopify,F3,New,2,253.0
30/3/20,AFRICA,Shopify,C1,New,242,31429.0
30/3/20,ASIA,Retail,C1,New,124175,2645095.0
30/3/20,ASIA,Retail,F1,New,28970,944706.0
30/3/20,SOUTH AMERICA,Shopify,null,Guest,1820,335602.0
30/3/20,EUROPE,Shopify,null,Existing,10,1778.0
30/3/20,SOUTH AMERICA,Shopify,C2,Existing,135,25113.0
30/3/20,AFRICA,Shopify,C2,New,303,43673.0
30/3/20,AFRICA,Retail,F2,Existing,266398,14242405.0
30/3/20,AFRICA,Shopify,null,Existing,322,57709.0
30/3/20,EUROPE,Retail,F2,New,1454,58634.0
30/3/20,USA,Retail,C2,New,25624,895898.0
30/3/20,ASIA,Retail,F3,Existing,390194,19495381.0
30/3/20,SOUTH AMERICA,Shopify,C3,New,36,6682.0
30/3/20,EUROPE,Shopify,C4,New,2,1345.0
30/3/20,ASIA,Shopify,null,Existing,273,47375.0
30/3/20,EUROPE,Shopify,C1,New,5,687.0
30/3/20,AFRICA,Retail,F1,New,21631,796055.0
30/3/20,AFRICA,Retail,F3,New,61211,2170915.0
30/3/20,SOUTH AMERICA,Shopify,F2,Existing,39,7147.0
30/3/20,OCEANIA,Retail,C1,Existing,265014,9520341.0
30/3/20,EUROPE,Shopify,C1,Existing,102,20028.0
30/3/20,SOUTH AMERICA,Retail,C4,New,436,17089.0
30/3/20,CANADA,Retail,C1,Existing,57972,2399728.0
30/3/20,SOUTH AMERICA,Retail,null,Existing,326,13039.0
30/3/20,SOUTH AMERICA,Shopify,F1,Existing,61,13710.0
30/3/20,AFRICA,Retail,C1,Existing,187010,6863680.0
30/3/20,USA,Retail,C2,Existing,43283,2124166.0
30/3/20,AFRICA,Shopify,null,Guest,4792,812487.0
30/3/20,CANADA,Retail,F1,Existing,25879,1410891.0
30/3/20,SOUTH AMERICA,Retail,C3,Existing,1807,83744.0
30/3/20,USA,Retail,null,Guest,556268,17642537.0
30/3/20,EUROPE,Retail,null,Existing,3211,154024.0
30/3/20,CANADA,Retail,F2,New,17260,620714.0
30/3/20,CANADA,Shopify,C1,New,94,10283.0
30/3/20,OCEANIA,Shopify,F2,Existing,6179,1221661.0
30/3/20,SOUTH AMERICA,Shopify,F2,New,6,694.0
30/3/20,ASIA,Shopify,C2,Existing,1909,337642.0
30/3/20,EUROPE,Retail,F3,New,1428,60641.0
30/3/20,ASIA,Shopify,null,New,259,41398.0
30/3/20,AFRICA,Retail,C3,Existing,286727,14684196.0
30/3/20,SOUTH AMERICA,Retail,F2,Existing,1329,64059.0
30/3/20,SOUTH AMERICA,Retail,null,New,1548,57346.0
30/3/20,ASIA,Shopify,F3,New,82,11392.0
30/3/20,OCEANIA,Retail,F2,Existing,358556,18936786.0
30/3/20,USA,Retail,C3,New,44188,1658430.0
30/3/20,AFRICA,Shopify,C3,Existing,2361,459740.0
30/3/20,ASIA,Retail,C3,New,113632,3407333.0
30/3/20,OCEANIA,Retail,C3,Existing,354040,17493338.0
30/3/20,EUROPE,Shopify,C3,Existing,164,47338.0
30/3/20,OCEANIA,Retail,F2,New,85420,2887217.0
30/3/20,CANADA,Shopify,null,Guest,1695,265806.0
30/3/20,USA,Shopify,C3,Existing,1424,294409.0
30/3/20,USA,Retail,null,Existing,14474,735922.0
30/3/20,USA,Shopify,F3,Existing,928,194948.0
30/3/20,AFRICA,Shopify,C3,New,269,40803.0
30/3/20,ASIA,Retail,C2,Existing,128648,4825120.0
30/3/20,ASIA,Shopify,F1,Existing,1840,320642.0
30/3/20,EUROPE,Retail,F1,New,860,35156.0
30/3/20,ASIA,Shopify,F2,New,165,22421.0
30/3/20,AFRICA,Retail,F2,New,59968,2115617.0
30/3/20,USA,Retail,C1,Existing,58293,2435956.0
30/3/20,OCEANIA,Shopify,C1,New,446,54707.0
30/3/20,CANADA,Shopify,C3,Existing,833,147148.0
30/3/20,SOUTH AMERICA,Retail,F1,Existing,891,39678.0
30/3/20,OCEANIA,Shopify,C3,Existing,4407,880598.0
30/3/20,EUROPE,Retail,C1,Existing,14437,639923.0
30/3/20,SOUTH AMERICA,Retail,C3,New,1215,48286.0
30/3/20,USA,Retail,C4,New,17454,606829.0
30/3/20,ASIA,Retail,F1,Existing,97059,4656250.0
30/3/20,CANADA,Shopify,C1,Existing,545,83100.0
30/3/20,AFRICA,Shopify,F2,Existing,3637,703918.0
30/3/20,AFRICA,Retail,C2,New,55447,1705736.0
30/3/20,OCEANIA,Shopify,null,Guest,10302,1855750.0
30/3/20,SOUTH AMERICA,Retail,C1,Existing,3615,102679.0
30/3/20,EUROPE,Retail,C3,Existing,14574,799825.0
30/3/20,SOUTH AMERICA,Shopify,null,New,47,7884.0
30/3/20,AFRICA,Shopify,F3,Existing,1973,401943.0
30/3/20,ASIA,Shopify,C3,Existing,1702,330004.0
30/3/20,USA,Shopify,null,New,141,21566.0
30/3/20,AFRICA,Retail,C3,New,104305,3640703.0
30/3/20,SOUTH AMERICA,Shopify,C4,Existing,12,2266.0
30/3/20,CANADA,Retail,C4,New,12755,421057.0
30/3/20,ASIA,Shopify,F1,New,164,19615.0
30/3/20,ASIA,Retail,F2,New,64076,1983899.0
30/3/20,OCEANIA,Retail,null,Existing,54019,2280042.0
30/3/20,EUROPE,Shopify,null,New,11,1843.0
30/3/20,OCEANIA,Shopify,F1,Existing,4368,812920.0
30/3/20,ASIA,Retail,F3,New,80109,2445427.0
30/3/20,EUROPE,Retail,C4,Existing,4211,218595.0
30/3/20,USA,Shopify,null,Guest,2443,439898.0
30/3/20,ASIA,Shopify,C4,New,42,5924.0
30/3/20,OCEANIA,Retail,F1,New,39463,1335470.0
30/3/20,USA,Shopify,C1,New,164,21432.0
30/3/20,AFRICA,Shopify,F1,Existing,2408,426006.0
30/3/20,USA,Retail,F3,Existing,141863,8740971.0
30/3/20,ASIA,Shopify,F2,Existing,2297,431877.0
30/3/20,OCEANIA,Retail,C1,New,162759,3660930.0
30/3/20,OCEANIA,Retail,C3,New,143388,4626167.0
30/3/20,USA,Retail,C1,New,34582,941878.0
30/3/20,SOUTH AMERICA,Retail,C1,New,2542,53751.0
30/3/20,USA,Retail,null,New,24593,1050362.0
30/3/20,CANADA,Shopify,C2,Existing,712,131383.0
30/3/20,ASIA,Retail,null,Guest,1998936,50560502.0
30/3/20,USA,Retail,F1,New,11437,467930.0
30/3/20,EUROPE,Shopify,C2,New,17,2480.0
30/3/20,CANADA,Retail,F2,Existing,63215,3434063.0
30/3/20,OCEANIA,Retail,null,Guest,2562465,68637072.0
30/3/20,EUROPE,Shopify,null,Guest,293,54145.0
30/3/20,EUROPE,Shopify,F3,Existing,107,25282.0
30/3/20,AFRICA,Shopify,F3,New,83,12421.0
30/3/20,AFRICA,Shopify,C2,Existing,2210,409549.0
30/3/20,ASIA,Retail,C4,Existing,116591,5272146.0
30/3/20,CANADA,Shopify,F2,Existing,1221,228288.0
30/3/20,CANADA,Retail,null,Guest,421964,11879498.0
30/3/20,OCEANIA,Shopify,F2,New,374,56982.0
30/3/20,CANADA,Retail,C1,New,30028,777609.0
30/3/20,SOUTH AMERICA,Shopify,C4,New,4,671.0
30/3/20,SOUTH AMERICA,Shopify,C1,New,16,2416.0
30/3/20,CANADA,Shopify,F1,Existing,800,136242.0
30/3/20,SOUTH AMERICA,Retail,null,Guest,423778,17013995.0
30/3/20,EUROPE,Shopify,C3,New,9,3183.0
30/3/20,CANADA,Retail,F1,New,6818,264638.0
30/3/20,USA,Shopify,F1,Existing,1480,267356.0
30/3/20,OCEANIA,Shopify,C2,Existing,4563,852348.0
30/3/20,SOUTH AMERICA,Retail,C2,Existing,1123,44103.0
30/3/20,ASIA,Retail,C4,New,50704,1434318.0
30/3/20,EUROPE,Retail,C2,Existing,9915,480292.0
30/3/20,EUROPE,Retail,C1,New,4121,119138.0
30/3/20,SOUTH AMERICA,Shopify,F1,New,11,1539.0
30/3/20,USA,Shopify,F2,New,119,18991.0
30/3/20,USA,Retail,C3,Existing,104145,5931859.0
30/3/20,AFRICA,Retail,F1,Existing,101405,5456448.0
30/3/20,OCEANIA,Retail,C4,New,61317,1893366.0
30/3/20,ASIA,Shopify,C1,New,228,26389.0
30/3/20,USA,Shopify,F2,Existing,1879,371226.0
30/3/20,ASIA,Retail,null,Existing,40447,1585355.0
30/3/20,AFRICA,Shopify,F2,New,224,35113.0
30/3/20,ASIA,Shopify,C3,New,221,30032.0
30/3/20,USA,Retail,F2,Existing,97533,5745698.0
30/3/20,USA,Shopify,C4,New,29,3610.0
30/3/20,SOUTH AMERICA,Retail,F2,New,511,19207.0
30/3/20,CANADA,Retail,null,Existing,8447,400148.0
30/3/20,CANADA,Shopify,C4,New,16,1669.0
30/3/20,OCEANIA,Shopify,C2,New,647,94379.0
30/3/20,AFRICA,Retail,C4,New,42234,1409719.0
30/3/20,CANADA,Shopify,C4,Existing,111,20933.0
30/3/20,AFRICA,Shopify,null,New,271,41858.0
30/3/20,AFRICA,Retail,null,Guest,1606647,46353236.0
30/3/20,CANADA,Retail,C3,Existing,64288,3343796.0
30/3/20,OCEANIA,Shopify,C1,Existing,2656,447217.0
30/3/20,AFRICA,Retail,null,Existing,40685,1779138.0
30/3/20,EUROPE,Retail,null,Guest,95806,3273040.0
30/3/20,OCEANIA,Shopify,C3,New,459,72105.0
30/3/20,OCEANIA,Shopify,null,New,530,81721.0
30/3/20,EUROPE,Retail,C2,New,2594,95075.0
30/3/20,SOUTH AMERICA,Retail,C2,New,945,29827.0
30/3/20,OCEANIA,Retail,F1,Existing,156545,7982612.0
30/3/20,EUROPE,Shopify,F1,Existing,152,31761.0
30/3/20,ASIA,Retail,C3,Existing,251188,11473884.0
30/3/20,EUROPE,Shopify,F2,New,6,5100.0
30/3/20,CANADA,Retail,F3,Existing,94906,5359011.0
30/3/20,EUROPE,Shopify,F2,Existing,218,47503.0
30/3/20,USA,Shopify,F3,New,52,6858.0
30/3/20,SOUTH AMERICA,Shopify,F3,New,2,563.0
30/3/20,CANADA,Shopify,C2,New,118,16986.0
30/3/20,EUROPE,Retail,C3,New,3348,135769.0
30/3/20,USA,Shopify,C4,Existing,163,30543.0
30/3/20,CANADA,Shopify,null,New,102,16858.0
30/3/20,AFRICA,Shopify,C4,New,41,5602.0
30/3/20,EUROPE,Shopify,F1,New,4,614.0
30/3/20,ASIA,Shopify,C4,Existing,250,43373.0
30/3/20,EUROPE,Retail,F3,Existing,17804,1102919.0
30/3/20,AFRICA,Retail,C2,Existing,112779,4810806.0
30/3/20,USA,Retail,F2,New,26713,990555.0
30/3/20,USA,Retail,F1,Existing,42422,2495237.0
30/3/20,OCEANIA,Retail,C2,Existing,173099,6880157.0
30/3/20,OCEANIA,Shopify,C4,New,69,8571.0
30/3/20,EUROPE,Shopify,C2,Existing,164,48726.0
30/3/20,AFRICA,Retail,F3,Existing,393489,21964686.0
30/3/20,CANADA,Retail,C4,Existing,30368,1537577.0
30/3/20,OCEANIA,Retail,F3,Existing,561425,31000754.0
30/3/20,ASIA,Retail,F2,Existing,210446,10195041.0
30/3/20,ASIA,Shopify,C1,Existing,1082,175043.0
30/3/20,EUROPE,Retail,F1,Existing,6709,404539.0
30/3/20,CANADA,Retail,F3,New,18418,655556.0
23/3/20,ASIA,Shopify,C1,Existing,834,128561.0
23/3/20,ASIA,Shopify,C2,New,310,41349.0
23/3/20,ASIA,Shopify,C3,New,217,30966.0
23/3/20,AFRICA,Shopify,null,New,235,36602.0
23/3/20,USA,Shopify,C2,New,174,27164.0
23/3/20,CANADA,Retail,F3,New,17635,733092.0
23/3/20,AFRICA,Retail,C4,New,43453,1668703.0
23/3/20,OCEANIA,Retail,F1,Existing,148503,8483784.0
23/3/20,SOUTH AMERICA,Shopify,F3,New,2,424.0
23/3/20,EUROPE,Retail,C2,Existing,9433,490857.0
23/3/20,EUROPE,Shopify,C4,New,2,101.0
23/3/20,EUROPE,Retail,C4,New,1022,40564.0
23/3/20,ASIA,Shopify,C4,Existing,238,40681.0
23/3/20,ASIA,Retail,null,New,69562,2639092.0
23/3/20,EUROPE,Retail,F1,Existing,6645,425233.0
23/3/20,ASIA,Retail,F2,Existing,211933,11256263.0
23/3/20,EUROPE,Shopify,null,New,6,952.0
23/3/20,AFRICA,Shopify,C1,Existing,1305,211935.0
23/3/20,USA,Shopify,F3,Existing,770,155518.0
23/3/20,CANADA,Retail,C4,Existing,28641,1631305.0
23/3/20,CANADA,Shopify,null,Existing,67,10451.0
23/3/20,OCEANIA,Retail,null,New,81090,3403001.0
23/3/20,USA,Retail,C1,New,33480,992719.0
23/3/20,SOUTH AMERICA,Shopify,null,Guest,1487,272624.0
23/3/20,SOUTH AMERICA,Retail,C3,New,1183,53487.0
23/3/20,CANADA,Retail,null,Existing,6642,359427.0
23/3/20,OCEANIA,Shopify,C3,New,427,70797.0
23/3/20,USA,Shopify,null,New,114,18927.0
23/3/20,OCEANIA,Retail,C4,New,62288,2275205.0
23/3/20,ASIA,Retail,C1,New,121951,2924491.0
23/3/20,USA,Retail,C1,Existing,54521,2490005.0
23/3/20,CANADA,Shopify,F3,Existing,521,99363.0
23/3/20,AFRICA,Retail,null,New,58733,2644857.0
23/3/20,USA,Retail,C2,New,25146,934913.0
23/3/20,USA,Retail,F2,New,26196,1063402.0
23/3/20,AFRICA,Shopify,F2,Existing,3468,668640.0
23/3/20,OCEANIA,Shopify,null,New,360,57637.0
23/3/20,EUROPE,Retail,C3,Existing,13857,821867.0
23/3/20,AFRICA,Shopify,C3,New,297,50368.0
23/3/20,EUROPE,Shopify,C1,New,9,1657.0
23/3/20,ASIA,Retail,C1,Existing,180244,6529431.0
23/3/20,USA,Retail,F3,Existing,136025,9109212.0
23/3/20,OCEANIA,Shopify,F3,Existing,2871,587886.0
23/3/20,ASIA,Shopify,C1,New,183,20348.0
23/3/20,CANADA,Retail,C3,New,27580,1154771.0
23/3/20,SOUTH AMERICA,Shopify,C3,Existing,96,18898.0
23/3/20,OCEANIA,Retail,C1,New,146995,3839069.0
23/3/20,SOUTH AMERICA,Retail,F2,New,468,21688.0
23/3/20,CANADA,Shopify,C2,Existing,510,87071.0
23/3/20,AFRICA,Retail,C1,New,88243,2466974.0
23/3/20,ASIA,Shopify,null,Existing,205,35665.0
23/3/20,SOUTH AMERICA,Shopify,F1,New,6,792.0
23/3/20,OCEANIA,Retail,F2,Existing,340638,20643828.0
23/3/20,EUROPE,Shopify,F2,Existing,189,36632.0
23/3/20,USA,Shopify,F3,New,40,6197.0
23/3/20,OCEANIA,Shopify,C1,New,339,40111.0
23/3/20,EUROPE,Shopify,F2,New,3,2641.0
23/3/20,OCEANIA,Retail,C3,New,144032,5641686.0
23/3/20,CANADA,Retail,C3,Existing,59369,3558194.0
23/3/20,AFRICA,Shopify,F3,New,93,15193.0
23/3/20,ASIA,Retail,C4,Existing,117412,5876430.0
23/3/20,SOUTH AMERICA,Retail,C4,Existing,635,34819.0
23/3/20,OCEANIA,Shopify,C4,Existing,575,102428.0
23/3/20,CANADA,Shopify,C3,New,85,14144.0
23/3/20,SOUTH AMERICA,Retail,C1,Existing,3632,111490.0
23/3/20,AFRICA,Shopify,F3,Existing,1820,370700.0
23/3/20,EUROPE,Shopify,F3,New,3,544.0
23/3/20,USA,Retail,null,Guest,517371,17753232.0
23/3/20,CANADA,Retail,null,New,14455,676027.0
23/3/20,USA,Shopify,null,Existing,130,25184.0
23/3/20,SOUTH AMERICA,Shopify,null,Existing,2,724.0
23/3/20,OCEANIA,Shopify,C2,New,539,80055.0
23/3/20,USA,Shopify,F1,New,94,13530.0
23/3/20,CANADA,Shopify,F1,Existing,630,104736.0
23/3/20,OCEANIA,Shopify,C1,Existing,2054,344079.0
23/3/20,AFRICA,Shopify,C4,Existing,371,68643.0
23/3/20,USA,Retail,null,New,22703,1072428.0
23/3/20,OCEANIA,Shopify,F3,New,153,21088.0
23/3/20,ASIA,Shopify,null,Guest,3844,709697.0
23/3/20,AFRICA,Retail,F3,Existing,385003,24184961.0
23/3/20,USA,Shopify,F2,New,100,15582.0
23/3/20,AFRICA,Retail,C2,New,54448,1916161.0
23/3/20,CANADA,Shopify,F2,New,80,12935.0
23/3/20,ASIA,Retail,null,Existing,34695,1500147.0
23/3/20,ASIA,Shopify,F1,Existing,1472,249319.0
23/3/20,AFRICA,Shopify,F2,New,231,36031.0
23/3/20,OCEANIA,Shopify,C2,Existing,3519,665128.0
23/3/20,ASIA,Retail,F1,New,30268,1074889.0
23/3/20,USA,Shopify,F1,Existing,1105,201220.0
23/3/20,ASIA,Retail,C3,Existing,251026,12903677.0
23/3/20,SOUTH AMERICA,Retail,C4,New,423,18776.0
23/3/20,EUROPE,Retail,F3,New,1496,69135.0
23/3/20,USA,Retail,C2,Existing,40728,2161048.0
23/3/20,USA,Shopify,C4,New,24,3888.0
23/3/20,OCEANIA,Retail,F3,Existing,539646,33975205.0
23/3/20,ASIA,Retail,C2,New,82346,2439150.0
23/3/20,AFRICA,Retail,C3,Existing,282028,16405841.0
23/3/20,USA,Retail,C4,Existing,39531,2366196.0
23/3/20,USA,Shopify,C2,Existing,1100,205136.0
23/3/20,SOUTH AMERICA,Retail,C1,New,2782,67500.0
23/3/20,CANADA,Shopify,F1,New,70,9934.0
23/3/20,SOUTH AMERICA,Retail,C2,Existing,1191,51475.0
23/3/20,EUROPE,Shopify,C1,Existing,92,21078.0
23/3/20,CANADA,Shopify,null,Guest,1290,210661.0
23/3/20,AFRICA,Shopify,C2,New,326,50100.0
23/3/20,EUROPE,Retail,C3,New,3424,151817.0
23/3/20,ASIA,Shopify,C3,Existing,1557,297823.0
23/3/20,OCEANIA,Retail,F2,New,84529,3278901.0
23/3/20,AFRICA,Shopify,C2,Existing,1918,360926.0
23/3/20,CANADA,Shopify,C4,New,13,1429.0
23/3/20,USA,Shopify,C4,Existing,142,25142.0
23/3/20,OCEANIA,Shopify,F2,New,306,47049.0
23/3/20,CANADA,Shopify,C1,New,87,10693.0
23/3/20,EUROPE,Retail,null,Guest,87912,3191195.0
23/3/20,OCEANIA,Retail,C4,Existing,155750,8804157.0
23/3/20,USA,Shopify,C3,Existing,1161,234872.0
23/3/20,EUROPE,Shopify,C4,Existing,17,4437.0
23/3/20,SOUTH AMERICA,Shopify,C2,New,44,6376.0
23/3/20,SOUTH AMERICA,Retail,F3,Existing,1572,86536.0
23/3/20,AFRICA,Shopify,null,Existing,239,44169.0
23/3/20,AFRICA,Shopify,C1,New,214,25807.0
23/3/20,SOUTH AMERICA,Shopify,null,New,45,7186.0
23/3/20,CANADA,Retail,F3,Existing,87611,5700814.0
23/3/20,AFRICA,Retail,C2,Existing,107271,5209545.0
23/3/20,AFRICA,Shopify,C4,New,58,8146.0
23/3/20,USA,Retail,F1,Existing,40206,2488563.0
23/3/20,SOUTH AMERICA,Shopify,C4,Existing,10,1687.0
23/3/20,CANADA,Shopify,null,New,77,13943.0
23/3/20,SOUTH AMERICA,Retail,F1,New,322,13326.0
23/3/20,EUROPE,Shopify,C2,New,17,3461.0
23/3/20,AFRICA,Retail,F2,Existing,260842,15563921.0
23/3/20,EUROPE,Retail,null,New,2838,141112.0
23/3/20,ASIA,Shopify,F3,New,75,9911.0
23/3/20,SOUTH AMERICA,Shopify,C3,New,20,3341.0
23/3/20,AFRICA,Retail,F1,Existing,98651,5790171.0
23/3/20,AFRICA,Retail,F2,New,59840,2369529.0
23/3/20,OCEANIA,Retail,C2,Existing,157889,7201452.0
23/3/20,EUROPE,Shopify,F1,New,8,725.0
23/3/20,CANADA,Retail,F1,New,6359,273739.0
23/3/20,SOUTH AMERICA,Shopify,F1,Existing,54,12314.0
23/3/20,USA,Retail,C3,New,45001,1938604.0
23/3/20,ASIA,Shopify,C2,Existing,1544,281698.0
23/3/20,OCEANIA,Shopify,C4,New,77,10364.0
23/3/20,OCEANIA,Shopify,null,Existing,427,80687.0
23/3/20,USA,Retail,null,Existing,12105,657865.0
23/3/20,CANADA,Retail,C2,New,13544,499728.0
23/3/20,SOUTH AMERICA,Shopify,C2,Existing,110,21800.0
23/3/20,SOUTH AMERICA,Retail,F3,New,422,19536.0
23/3/20,EUROPE,Shopify,C3,Existing,142,40287.0
23/3/20,CANADA,Retail,F2,Existing,56588,3556997.0
23/3/20,SOUTH AMERICA,Retail,F1,Existing,962,44935.0
23/3/20,EUROPE,Shopify,C2,Existing,137,35028.0
23/3/20,ASIA,Shopify,F3,Existing,1234,239583.0
23/3/20,OCEANIA,Shopify,F1,New,282,38402.0
23/3/20,SOUTH AMERICA,Retail,null,Existing,304,13320.0
23/3/20,USA,Shopify,C3,New,134,22503.0
23/3/20,AFRICA,Shopify,C3,Existing,2215,456932.0
23/3/20,SOUTH AMERICA,Shopify,F3,Existing,24,6472.0
23/3/20,SOUTH AMERICA,Retail,C2,New,1079,35820.0
23/3/20,USA,Shopify,C1,Existing,561,91783.0
23/3/20,ASIA,Shopify,F1,New,166,20198.0
23/3/20,AFRICA,Retail,C3,New,106692,4354200.0
23/3/20,EUROPE,Retail,F2,Existing,13831,902901.0
23/3/20,USA,Retail,C4,New,18041,708313.0
23/3/20,CANADA,Retail,C1,Existing,50861,2406407.0
23/3/20,ASIA,Retail,null,Guest,1919744,53960837.0
23/3/20,AFRICA,Retail,F3,New,62229,2548208.0
23/3/20,CANADA,Retail,F1,Existing,23138,1400498.0
23/3/20,AFRICA,Shopify,null,Guest,4356,736210.0
23/3/20,OCEANIA,Retail,null,Guest,2271847,69763805.0
23/3/20,EUROPE,Retail,C4,Existing,4102,240145.0
23/3/20,OCEANIA,Shopify,C3,Existing,3666,735023.0
23/3/20,OCEANIA,Retail,C2,New,97594,3095425.0
23/3/20,USA,Retail,F1,New,11305,475682.0
23/3/20,EUROPE,Retail,F1,New,788,31455.0
23/3/20,CANADA,Retail,C2,Existing,20881,1058333.0
23/3/20,OCEANIA,Retail,C1,Existing,240785,10016807.0
23/3/20,AFRICA,Shopify,F1,New,161,22521.0
23/3/20,SOUTH AMERICA,Retail,null,Guest,410732,18005969.0
23/3/20,ASIA,Shopify,F2,New,167,22541.0
23/3/20,ASIA,Shopify,F2,Existing,1879,351126.0
23/3/20,EUROPE,Retail,C1,Existing,13900,668910.0
23/3/20,CANADA,Shopify,F3,New,32,4848.0
23/3/20,CANADA,Retail,F2,New,16490,673813.0
23/3/20,SOUTH AMERICA,Shopify,F2,Existing,42,8708.0
23/3/20,ASIA,Retail,F3,New,86413,2980766.0
23/3/20,USA,Retail,C3,Existing,100497,6315213.0
23/3/20,CANADA,Shopify,C4,Existing,80,13831.0
23/3/20,AFRICA,Retail,F1,New,21928,890416.0
23/3/20,AFRICA,Retail,null,Existing,34257,1675852.0
23/3/20,CANADA,Shopify,C2,New,85,11114.0
23/3/20,EUROPE,Shopify,null,Guest,265,53535.0
23/3/20,OCEANIA,Retail,F3,New,100450,3899275.0
23/3/20,OCEANIA,Shopify,F1,Existing,3240,588577.0
23/3/20,SOUTH AMERICA,Retail,C3,Existing,1771,100440.0
23/3/20,USA,Shopify,null,Guest,1858,318582.0
23/3/20,EUROPE,Shopify,C3,New,13,1817.0
23/3/20,ASIA,Retail,C2,Existing,126491,5328698.0
23/3/20,ASIA,Shopify,C4,New,41,5062.0
23/3/20,SOUTH AMERICA,Shopify,C1,New,18,2379.0
23/3/20,OCEANIA,Retail,null,Existing,44421,2138496.0
23/3/20,EUROPE,Shopify,null,Existing,9,1264.0
23/3/20,SOUTH AMERICA,Shopify,F2,New,4,1095.0
23/3/20,CANADA,Retail,C4,New,12748,482784.0
23/3/20,AFRICA,Retail,null,Guest,1486757,47825177.0
23/3/20,USA,Shopify,F2,Existing,1463,281589.0
23/3/20,ASIA,Retail,C3,New,121244,4239058.0
23/3/20,OCEANIA,Shopify,F2,Existing,4930,964235.0
23/3/20,CANADA,Shopify,C1,Existing,446,70684.0
23/3/20,USA,Retail,F3,New,26347,1085265.0
23/3/20,ASIA,Shopify,null,New,220,32951.0
23/3/20,EUROPE,Shopify,F1,Existing,107,23088.0
23/3/20,OCEANIA,Shopify,null,Guest,8016,1380080.0
23/3/20,AFRICA,Retail,C1,Existing,175521,7249569.0
23/3/20,SOUTH AMERICA,Shopify,C4,New,1,139.0
23/3/20,OCEANIA,Retail,C3,Existing,340048,19480232.0
23/3/20,AFRICA,Retail,C4,Existing,116154,6674392.0
23/3/20,AFRICA,Shopify,F1,Existing,2015,357141.0
23/3/20,SOUTH AMERICA,Retail,null,New,1508,62024.0
23/3/20,CANADA,Retail,C1,New,27475,824916.0
23/3/20,SOUTH AMERICA,Retail,F2,Existing,1319,71477.0
23/3/20,SOUTH AMERICA,Shopify,C1,Existing,58,10339.0
23/3/20,USA,Retail,F2,Existing,91622,5769071.0
23/3/20,ASIA,Retail,F2,New,67811,2340719.0
23/3/20,ASIA,Retail,F3,Existing,392862,21681266.0
23/3/20,OCEANIA,Retail,F1,New,37952,1455247.0
23/3/20,CANADA,Shopify,C3,Existing,642,123065.0
23/3/20,EUROPE,Retail,C2,New,2585,99228.0
23/3/20,ASIA,Retail,C4,New,54550,1764030.0
23/3/20,USA,Shopify,C1,New,110,13847.0
23/3/20,EUROPE,Retail,C1,New,4089,132712.0
23/3/20,CANADA,Shopify,F2,Existing,1107,201470.0
23/3/20,CANADA,Retail,null,Guest,365012,11807466.0
23/3/20,EUROPE,Retail,null,Existing,2719,146410.0
23/3/20,EUROPE,Retail,F2,New,1391,64112.0
23/3/20,EUROPE,Shopify,F3,Existing,91,21726.0
23/3/20,ASIA,Retail,F1,Existing,96868,5014932.0
23/3/20,EUROPE,Retail,F3,Existing,17184,1162789.0
2/9/19,OCEANIA,Retail,null,Guest,2543648,66938191.0
2/9/19,EUROPE,Shopify,null,Guest,231,46262.0
2/9/19,ASIA,Retail,C2,Existing,112442,4349307.0
2/9/19,SOUTH AMERICA,Retail,F1,Existing,680,29921.0
2/9/19,EUROPE,Shopify,C2,Existing,147,35143.0
2/9/19,USA,Shopify,F2,Existing,1858,381243.0
2/9/19,ASIA,Retail,F1,Existing,88440,4494990.0
2/9/19,AFRICA,Retail,F1,New,22753,870119.0
2/9/19,AFRICA,Retail,null,Existing,31364,1444528.0
2/9/19,AFRICA,Shopify,F1,Existing,2328,437386.0
2/9/19,ASIA,Shopify,F1,Existing,1808,323839.0
2/9/19,ASIA,Shopify,C4,New,36,4248.0
2/9/19,ASIA,Retail,F2,New,67519,2233404.0
2/9/19,AFRICA,Retail,null,Guest,1663181,47444558.0
2/9/19,OCEANIA,Shopify,F1,Existing,3933,741862.0
2/9/19,ASIA,Shopify,null,New,295,45360.0
2/9/19,ASIA,Shopify,F2,Existing,2402,448715.0
2/9/19,EUROPE,Retail,null,Existing,2481,121985.0
2/9/19,AFRICA,Retail,F2,New,60927,2227736.0
2/9/19,ASIA,Retail,C3,Existing,218051,10019733.0
2/9/19,OCEANIA,Shopify,C3,Existing,3800,761366.0
2/9/19,USA,Retail,C3,Existing,92238,5316991.0
2/9/19,EUROPE,Retail,C4,Existing,4094,215742.0
2/9/19,CANADA,Retail,C1,New,29001,776593.0
2/9/19,SOUTH AMERICA,Retail,F2,Existing,991,51670.0
2/9/19,USA,Shopify,C1,Existing,735,129611.0
2/9/19,OCEANIA,Retail,null,Existing,41677,1980807.0
2/9/19,EUROPE,Retail,null,Guest,103972,3572393.0
2/9/19,OCEANIA,Shopify,F2,Existing,5718,1145596.0
2/9/19,USA,Shopify,C2,New,220,32138.0
2/9/19,CANADA,Shopify,C4,Existing,71,14027.0
2/9/19,SOUTH AMERICA,Shopify,C2,New,49,9012.0
2/9/19,USA,Shopify,C4,Existing,149,29707.0
2/9/19,SOUTH AMERICA,Retail,C1,New,2377,54661.0
2/9/19,EUROPE,Retail,C3,Existing,13725,764041.0
2/9/19,USA,Retail,null,New,29370,1254576.0
2/9/19,OCEANIA,Shopify,C4,New,90,13049.0
2/9/19,SOUTH AMERICA,Retail,C4,New,201,8134.0
2/9/19,ASIA,Retail,C4,New,48198,1427306.0
2/9/19,SOUTH AMERICA,Retail,C1,Existing,2662,78261.0
2/9/19,AFRICA,Shopify,F2,Existing,3741,726158.0
2/9/19,SOUTH AMERICA,Shopify,C1,New,26,4162.0
2/9/19,USA,Retail,C4,New,16800,617978.0
2/9/19,SOUTH AMERICA,Shopify,null,New,60,10487.0
2/9/19,EUROPE,Retail,F3,New,1736,74812.0
2/9/19,ASIA,Shopify,C3,New,235,31943.0
2/9/19,OCEANIA,Retail,F2,Existing,327173,18016510.0
2/9/19,CANADA,Retail,C1,Existing,53441,2273293.0
2/9/19,SOUTH AMERICA,Shopify,C1,Existing,64,12361.0
2/9/19,EUROPE,Retail,F3,Existing,16791,1058005.0
2/9/19,AFRICA,Retail,F2,Existing,261823,14530975.0
2/9/19,CANADA,Retail,C2,Existing,20713,916554.0
2/9/19,CANADA,Shopify,null,New,103,16671.0
2/9/19,OCEANIA,Shopify,null,New,563,93099.0
2/9/19,AFRICA,Retail,F3,Existing,374948,21347008.0
2/9/19,CANADA,Retail,F2,Existing,56869,3199590.0
2/9/19,USA,Shopify,C1,New,134,18469.0
2/9/19,CANADA,Shopify,F3,New,32,4055.0
2/9/19,USA,Shopify,F2,New,144,22014.0
2/9/19,ASIA,Retail,null,New,87189,2970937.0
2/9/19,EUROPE,Retail,F1,Existing,6187,393412.0
2/9/19,CANADA,Retail,C3,Existing,56673,2944651.0
2/9/19,SOUTH AMERICA,Retail,C2,New,724,20718.0
2/9/19,CANADA,Retail,F3,New,17644,647115.0
2/9/19,SOUTH AMERICA,Shopify,F3,Existing,40,8409.0
2/9/19,SOUTH AMERICA,Retail,null,Existing,159,6707.0
2/9/19,OCEANIA,Retail,C2,New,97175,2682996.0
2/9/19,USA,Retail,F1,New,11653,494535.0
2/9/19,EUROPE,Shopify,C2,New,13,1888.0
2/9/19,SOUTH AMERICA,Retail,C3,New,905,34669.0
2/9/19,OCEANIA,Shopify,C1,New,357,45442.0
2/9/19,USA,Retail,C4,Existing,36086,1985730.0
2/9/19,AFRICA,Retail,C1,Existing,168482,6408684.0
2/9/19,SOUTH AMERICA,Retail,null,Guest,402040,16300002.0
2/9/19,USA,Retail,F3,New,25906,1028321.0
2/9/19,ASIA,Shopify,F2,New,244,37383.0
2/9/19,CANADA,Retail,F1,New,6653,262747.0
2/9/19,SOUTH AMERICA,Shopify,F1,Existing,63,15149.0
2/9/19,AFRICA,Shopify,F3,Existing,1984,415842.0
2/9/19,USA,Shopify,null,Existing,139,27194.0
2/9/19,OCEANIA,Shopify,C4,Existing,611,111678.0
2/9/19,OCEANIA,Retail,F1,Existing,143655,7693840.0
2/9/19,EUROPE,Shopify,F1,Existing,137,30072.0
2/9/19,OCEANIA,Retail,C2,Existing,151294,6087686.0
2/9/19,USA,Retail,F1,Existing,39340,2459050.0
2/9/19,EUROPE,Retail,F1,New,976,40875.0
2/9/19,CANADA,Shopify,F1,New,81,11501.0
2/9/19,SOUTH AMERICA,Shopify,C3,New,33,4994.0
2/9/19,AFRICA,Shopify,C4,New,54,8038.0
2/9/19,AFRICA,Retail,C4,New,42613,1450109.0
2/9/19,EUROPE,Retail,F2,Existing,13251,840793.0
2/9/19,ASIA,Retail,C1,New,116063,2578259.0
2/9/19,USA,Shopify,null,Guest,2173,391873.0
2/9/19,OCEANIA,Retail,C1,Existing,234726,8686459.0
2/9/19,EUROPE,Shopify,C1,Existing,105,20974.0
2/9/19,CANADA,Shopify,null,Guest,1243,199735.0
2/9/19,USA,Retail,C1,New,33532,961642.0
2/9/19,CANADA,Shopify,C1,Existing,474,75510.0
2/9/19,EUROPE,Retail,F2,New,1623,73923.0
2/9/19,CANADA,Retail,null,Existing,7722,380439.0
2/9/19,OCEANIA,Shopify,C3,New,468,73420.0
2/9/19,AFRICA,Shopify,C1,New,233,30693.0
2/9/19,USA,Shopify,null,New,211,40315.0
2/9/19,AFRICA,Shopify,C3,New,283,44548.0
2/9/19,EUROPE,Retail,C1,Existing,13287,610653.0
2/9/19,AFRICA,Shopify,null,Existing,228,42189.0
2/9/19,AFRICA,Retail,C2,New,52589,1631938.0
2/9/19,SOUTH AMERICA,Retail,null,New,2223,74639.0
2/9/19,ASIA,Shopify,F1,New,220,30019.0
2/9/19,SOUTH AMERICA,Shopify,F1,New,6,1295.0
2/9/19,CANADA,Shopify,null,Existing,81,15510.0
2/9/19,OCEANIA,Retail,C4,New,58904,1883706.0
2/9/19,OCEANIA,Retail,F2,New,86361,3054492.0
2/9/19,ASIA,Shopify,C1,Existing,978,150960.0
2/9/19,AFRICA,Shopify,C3,Existing,2140,423643.0
2/9/19,CANADA,Shopify,C4,New,13,1304.0
2/9/19,USA,Shopify,F1,Existing,1398,272114.0
2/9/19,AFRICA,Shopify,null,New,274,46677.0
2/9/19,ASIA,Shopify,C4,Existing,247,41323.0
2/9/19,OCEANIA,Retail,C3,Existing,312244,15434492.0
2/9/19,EUROPE,Shopify,C3,Existing,149,38483.0
2/9/19,CANADA,Shopify,C3,Existing,658,118438.0
2/9/19,OCEANIA,Shopify,null,Existing,413,76243.0
2/9/19,AFRICA,Shopify,C2,New,301,43843.0
2/9/19,CANADA,Shopify,C3,New,89,12549.0
2/9/19,SOUTH AMERICA,Retail,C4,Existing,293,14176.0
2/9/19,OCEANIA,Retail,F3,New,103015,3578330.0
2/9/19,EUROPE,Shopify,F3,New,4,1309.0
2/9/19,OCEANIA,Shopify,C2,New,700,102033.0
2/9/19,USA,Shopify,F1,New,165,25725.0
2/9/19,ASIA,Retail,null,Guest,1970900,49824686.0
2/9/19,ASIA,Retail,C3,New,110347,3438563.0
2/9/19,ASIA,Retail,F3,New,84116,2726150.0
2/9/19,EUROPE,Retail,C2,Existing,8733,431556.0
2/9/19,ASIA,Retail,C2,New,77230,2127368.0
2/9/19,USA,Shopify,C2,Existing,1282,253849.0
2/9/19,SOUTH AMERICA,Shopify,C4,Existing,7,1323.0
2/9/19,AFRICA,Retail,C3,Existing,261333,13441397.0
2/9/19,CANADA,Retail,C4,New,12250,412832.0
2/9/19,SOUTH AMERICA,Retail,C2,Existing,773,30886.0
2/9/19,SOUTH AMERICA,Shopify,C4,New,6,732.0
2/9/19,EUROPE,Shopify,null,New,17,4248.0
2/9/19,AFRICA,Retail,F1,Existing,96168,5406650.0
2/9/19,CANADA,Shopify,F3,Existing,562,109327.0
2/9/19,AFRICA,Shopify,null,Guest,3967,687285.0
2/9/19,USA,Retail,null,Existing,11054,590456.0
2/9/19,ASIA,Retail,F1,New,29617,1013870.0
2/9/19,AFRICA,Retail,C3,New,101502,3634903.0
2/9/19,OCEANIA,Shopify,C2,Existing,3917,745255.0
2/9/19,USA,Shopify,F3,Existing,893,202293.0
2/9/19,CANADA,Retail,C2,New,13616,420571.0
2/9/19,SOUTH AMERICA,Shopify,C2,Existing,107,20821.0
2/9/19,USA,Shopify,C3,New,161,25870.0
2/9/19,SOUTH AMERICA,Retail,F3,Existing,1067,55107.0
2/9/19,CANADA,Shopify,F1,Existing,716,126558.0
2/9/19,SOUTH AMERICA,Retail,F3,New,271,10913.0
2/9/19,AFRICA,Shopify,F1,New,181,28594.0
2/9/19,ASIA,Shopify,F3,New,106,13131.0
2/9/19,OCEANIA,Shopify,F3,New,201,32478.0
2/9/19,USA,Retail,C3,New,42499,1660512.0
2/9/19,OCEANIA,Retail,C1,New,149486,3526885.0
2/9/19,EUROPE,Shopify,C1,New,20,4439.0
2/9/19,CANADA,Retail,null,New,20241,795670.0
2/9/19,ASIA,Shopify,C2,New,348,47399.0
2/9/19,SOUTH AMERICA,Shopify,null,Existing,6,1745.0
2/9/19,OCEANIA,Shopify,F3,Existing,3259,685625.0
2/9/19,ASIA,Shopify,null,Existing,205,34146.0
2/9/19,CANADA,Retail,C4,Existing,26734,1352054.0
2/9/19,USA,Retail,F2,Existing,90970,5531002.0
2/9/19,ASIA,Retail,C4,Existing,97946,4441254.0
2/9/19,CANADA,Shopify,F2,Existing,1094,208793.0
2/9/19,USA,Retail,C1,Existing,52843,2292354.0
2/9/19,OCEANIA,Shopify,F2,New,432,69143.0
2/9/19,AFRICA,Retail,C1,New,88559,2243507.0
2/9/19,OCEANIA,Shopify,C1,Existing,2402,425075.0
2/9/19,CANADA,Shopify,C2,New,92,12422.0
2/9/19,EUROPE,Shopify,F2,Existing,216,54830.0
2/9/19,USA,Retail,F2,New,26561,1047870.0
2/9/19,USA,Retail,C2,New,24266,826796.0
2/9/19,ASIA,Shopify,C1,New,229,26695.0
2/9/19,USA,Retail,null,Guest,571701,17806668.0
2/9/19,CANADA,Retail,F3,Existing,86300,4914699.0
2/9/19,AFRICA,Shopify,C4,Existing,337,61361.0
2/9/19,OCEANIA,Retail,C3,New,137763,4553666.0
2/9/19,EUROPE,Shopify,C3,New,11,2493.0
2/9/19,AFRICA,Shopify,F3,New,115,18602.0
2/9/19,OCEANIA,Retail,C4,Existing,139847,6987656.0
2/9/19,CANADA,Retail,C3,New,26759,946597.0
2/9/19,EUROPE,Shopify,C4,Existing,16,3576.0
2/9/19,ASIA,Shopify,null,Guest,4174,641314.0
2/9/19,USA,Shopify,C4,New,16,2267.0
2/9/19,USA,Retail,F3,Existing,131762,8262174.0
2/9/19,ASIA,Shopify,C2,Existing,1819,324445.0
2/9/19,EUROPE,Retail,C2,New,2668,95455.0
2/9/19,ASIA,Shopify,F3,Existing,1451,277652.0
2/9/19,OCEANIA,Shopify,F1,New,343,54216.0
2/9/19,EUROPE,Shopify,F3,Existing,110,35387.0
2/9/19,EUROPE,Retail,null,New,4416,188961.0
2/9/19,SOUTH AMERICA,Shopify,F3,New,4,522.0
2/9/19,AFRICA,Retail,null,New,79051,3067407.0
2/9/19,ASIA,Retail,F2,Existing,206389,10388397.0
2/9/19,USA,Shopify,F3,New,45,6841.0
2/9/19,EUROPE,Retail,C1,New,4270,128719.0
2/9/19,ASIA,Retail,C1,Existing,162315,5565477.0
2/9/19,EUROPE,Shopify,null,Existing,24,5428.0
2/9/19,AFRICA,Retail,C4,Existing,106988,5523611.0
2/9/19,CANADA,Shopify,F2,New,79,12539.0
2/9/19,ASIA,Shopify,C3,Existing,1602,302115.0
2/9/19,USA,Shopify,C3,Existing,1277,266528.0
2/9/19,SOUTH AMERICA,Shopify,C3,Existing,88,17949.0
2/9/19,AFRICA,Retail,F3,New,64086,2381469.0
2/9/19,CANADA,Retail,F2,New,16357,601765.0
2/9/19,OCEANIA,Retail,null,New,116054,4060201.0
2/9/19,OCEANIA,Shopify,null,Guest,8086,1446353.0
2/9/19,EUROPE,Retail,C3,New,3777,155351.0
2/9/19,SOUTH AMERICA,Shopify,F2,Existing,34,7068.0
2/9/19,CANADA,Shopify,C1,New,68,9621.0
2/9/19,EUROPE,Retail,C4,New,1132,43380.0
2/9/19,ASIA,Retail,null,Existing,30940,1270286.0
2/9/19,OCEANIA,Retail,F3,Existing,514740,28917388.0
2/9/19,AFRICA,Shopify,F2,New,272,43021.0
2/9/19,AFRICA,Retail,C2,Existing,102454,4505579.0
2/9/19,ASIA,Retail,F3,Existing,366110,18656878.0
2/9/19,OCEANIA,Retail,F1,New,40157,1449672.0
2/9/19,EUROPE,Shopify,F1,New,9,2215.0
2/9/19,CANADA,Shopify,C2,Existing,551,98047.0
2/9/19,AFRICA,Shopify,C1,Existing,1386,227697.0
2/9/19,SOUTH AMERICA,Shopify,null,Guest,1396,271167.0
2/9/19,USA,Retail,C2,Existing,39469,1973371.0
2/9/19,SOUTH AMERICA,Retail,F2,New,414,15355.0
2/9/19,SOUTH AMERICA,Retail,C3,Existing,1138,55133.0
2/9/19,CANADA,Retail,F1,Existing,24034,1353347.0
2/9/19,CANADA,Retail,null,Guest,427517,11780597.0
2/9/19,EUROPE,Shopify,F2,New,13,3055.0
2/9/19,AFRICA,Shopify,C2,Existing,1998,390699.0
2/9/19,SOUTH AMERICA,Retail,F1,New,309,12147.0
2/9/19,SOUTH AMERICA,Shopify,F2,New,13,2426.0
26/8/19,USA,Shopify,null,New,198,31453.0
26/8/19,SOUTH AMERICA,Shopify,C1,Existing,55,9715.0
26/8/19,CANADA,Shopify,null,New,114,17612.0
26/8/19,OCEANIA,Retail,C2,Existing,151645,6060659.0
26/8/19,USA,Retail,F1,Existing,39373,2331130.0
26/8/19,ASIA,Retail,F1,Existing,89117,4359018.0
26/8/19,AFRICA,Retail,C3,Existing,264733,13589148.0
26/8/19,OCEANIA,Retail,C3,Existing,316112,15549515.0
26/8/19,EUROPE,Shopify,C3,Existing,140,39070.0
26/8/19,USA,Retail,C4,New,16978,620223.0
26/8/19,EUROPE,Retail,C3,Existing,13913,757125.0
26/8/19,AFRICA,Retail,C1,New,89694,2279549.0
26/8/19,USA,Shopify,C4,Existing,145,27699.0
26/8/19,SOUTH AMERICA,Shopify,C2,New,37,6844.0
26/8/19,ASIA,Shopify,C1,New,201,23249.0
26/8/19,ASIA,Shopify,C1,Existing,938,151072.0
26/8/19,OCEANIA,Retail,C1,New,152712,3569743.0
26/8/19,EUROPE,Retail,F2,New,1589,71253.0
26/8/19,EUROPE,Retail,F3,New,1674,70069.0
26/8/19,OCEANIA,Shopify,F2,Existing,5272,1053757.0
26/8/19,CANADA,Shopify,C4,New,12,1481.0
26/8/19,SOUTH AMERICA,Shopify,F1,New,6,1418.0
26/8/19,OCEANIA,Shopify,C1,Existing,2374,404276.0
26/8/19,CANADA,Retail,C4,New,12172,399596.0
26/8/19,CANADA,Shopify,C2,New,107,15059.0
26/8/19,CANADA,Retail,C1,New,29451,760863.0
26/8/19,OCEANIA,Retail,F2,New,88828,3111496.0
26/8/19,USA,Retail,null,New,28516,1203868.0
26/8/19,SOUTH AMERICA,Retail,null,New,2238,72074.0
26/8/19,EUROPE,Retail,null,Guest,104786,3491994.0
26/8/19,OCEANIA,Shopify,null,New,529,82543.0
26/8/19,CANADA,Shopify,F3,New,32,3984.0
26/8/19,EUROPE,Shopify,F2,Existing,195,50246.0
26/8/19,USA,Shopify,F3,New,40,6092.0
26/8/19,CANADA,Shopify,C2,Existing,559,100468.0
26/8/19,AFRICA,Shopify,F1,Existing,2227,404106.0
26/8/19,ASIA,Retail,C1,New,118164,2617457.0
26/8/19,AFRICA,Shopify,C4,New,37,5670.0
26/8/19,USA,Shopify,C1,Existing,733,127168.0
26/8/19,AFRICA,Shopify,C1,Existing,1370,227273.0
26/8/19,SOUTH AMERICA,Shopify,null,Guest,1165,217788.0
26/8/19,ASIA,Shopify,null,New,341,50674.0
26/8/19,EUROPE,Shopify,F1,Existing,141,28126.0
26/8/19,ASIA,Retail,F2,Existing,208934,10481267.0
26/8/19,EUROPE,Retail,null,Existing,2349,111621.0
26/8/19,SOUTH AMERICA,Retail,C1,Existing,2710,79152.0
26/8/19,ASIA,Shopify,F2,Existing,2266,431180.0
26/8/19,EUROPE,Shopify,C1,Existing,98,22242.0
26/8/19,SOUTH AMERICA,Shopify,C3,New,24,3997.0
26/8/19,USA,Shopify,C2,New,210,32452.0
26/8/19,ASIA,Retail,C2,New,78024,2081900.0
26/8/19,AFRICA,Shopify,C2,Existing,2012,379441.0
26/8/19,SOUTH AMERICA,Retail,null,Existing,137,6674.0
26/8/19,OCEANIA,Shopify,F1,New,310,45813.0
26/8/19,ASIA,Shopify,F3,Existing,1410,277589.0
26/8/19,SOUTH AMERICA,Retail,F1,New,315,12230.0
26/8/19,USA,Retail,F2,Existing,91827,5473121.0
26/8/19,SOUTH AMERICA,Retail,F2,Existing,962,47033.0
26/8/19,CANADA,Retail,C4,Existing,26732,1333302.0
26/8/19,OCEANIA,Retail,F1,Existing,144772,7414428.0
26/8/19,CANADA,Shopify,null,Existing,70,13567.0
26/8/19,CANADA,Shopify,C1,Existing,469,76833.0
26/8/19,AFRICA,Shopify,F2,Existing,3724,733541.0
26/8/19,OCEANIA,Shopify,C1,New,370,45426.0
26/8/19,CANADA,Retail,null,New,19605,777487.0
26/8/19,CANADA,Shopify,F1,New,61,8258.0
26/8/19,SOUTH AMERICA,Shopify,null,Existing,9,2098.0
26/8/19,SOUTH AMERICA,Retail,C4,Existing,307,15319.0
26/8/19,EUROPE,Retail,null,New,4191,173277.0
26/8/19,CANADA,Shopify,F1,Existing,690,118431.0
26/8/19,AFRICA,Retail,F2,Existing,267458,14843085.0
26/8/19,OCEANIA,Retail,null,New,113552,4170892.0
26/8/19,SOUTH AMERICA,Retail,F2,New,427,15549.0
26/8/19,AFRICA,Shopify,null,Guest,3873,673304.0
26/8/19,AFRICA,Shopify,C2,New,322,45639.0
26/8/19,SOUTH AMERICA,Retail,F3,New,311,11648.0
26/8/19,EUROPE,Retail,C1,Existing,13390,603002.0
26/8/19,AFRICA,Shopify,null,Existing,200,34967.0
26/8/19,OCEANIA,Retail,F3,New,104818,3628447.0
26/8/19,ASIA,Retail,F3,Existing,371326,18896754.0
26/8/19,OCEANIA,Retail,F1,New,40363,1380322.0
26/8/19,AFRICA,Retail,null,Guest,1655190,47230489.0
26/8/19,USA,Shopify,F2,Existing,1769,356956.0
26/8/19,SOUTH AMERICA,Shopify,F3,New,2,225.0
26/8/19,AFRICA,Shopify,C4,Existing,357,65707.0
26/8/19,OCEANIA,Shopify,F3,New,190,30697.0
26/8/19,ASIA,Shopify,C3,New,222,31747.0
26/8/19,SOUTH AMERICA,Retail,C1,New,2463,57749.0
26/8/19,OCEANIA,Retail,C4,Existing,142364,7079680.0
26/8/19,CANADA,Retail,C3,New,26974,936092.0
26/8/19,EUROPE,Shopify,C4,Existing,14,2679.0
26/8/19,ASIA,Retail,C4,New,48813,1441426.0
26/8/19,ASIA,Retail,null,New,83896,2878178.0
26/8/19,EUROPE,Retail,F1,Existing,6209,373508.0
26/8/19,CANADA,Shopify,C1,New,71,9134.0
26/8/19,EUROPE,Retail,C2,Existing,8929,436010.0
26/8/19,OCEANIA,Shopify,null,Guest,7632,1327489.0
26/8/19,AFRICA,Retail,C2,Existing,103219,4535523.0
26/8/19,EUROPE,Shopify,F1,New,5,1009.0
26/8/19,AFRICA,Shopify,F1,New,164,23080.0
26/8/19,CANADA,Retail,F1,New,6796,249064.0
26/8/19,CANADA,Shopify,C4,Existing,72,14012.0
26/8/19,USA,Shopify,C1,New,149,20828.0
26/8/19,EUROPE,Shopify,C2,New,14,1835.0
26/8/19,OCEANIA,Retail,F2,Existing,331557,17977871.0
26/8/19,CANADA,Retail,C1,Existing,54498,2272852.0
26/8/19,CANADA,Retail,F3,New,17987,652182.0
26/8/19,SOUTH AMERICA,Shopify,F3,Existing,20,4237.0
26/8/19,USA,Shopify,null,Guest,2029,369319.0
26/8/19,OCEANIA,Shopify,C4,New,81,10842.0
26/8/19,EUROPE,Shopify,C2,Existing,153,39717.0
26/8/19,SOUTH AMERICA,Shopify,C2,Existing,103,19829.0
26/8/19,ASIA,Shopify,null,Guest,3822,588709.0
26/8/19,OCEANIA,Shopify,F1,Existing,3652,671740.0
26/8/19,OCEANIA,Retail,null,Existing,37272,1606289.0
26/8/19,EUROPE,Shopify,null,Existing,18,4270.0
26/8/19,EUROPE,Retail,C4,Existing,4216,226206.0
26/8/19,SOUTH AMERICA,Retail,C3,Existing,1170,56431.0
26/8/19,USA,Shopify,C3,Existing,1277,259773.0
26/8/19,ASIA,Shopify,F1,Existing,1601,279218.0
26/8/19,USA,Retail,C2,Existing,39066,1929641.0
26/8/19,ASIA,Retail,C3,New,112099,3466713.0
26/8/19,EUROPE,Retail,C1,New,4387,133937.0
26/8/19,SOUTH AMERICA,Retail,C3,New,852,31952.0
26/8/19,OCEANIA,Shopify,C3,New,442,67807.0
26/8/19,SOUTH AMERICA,Shopify,C4,Existing,7,1076.0
26/8/19,USA,Retail,C3,Existing,93300,5332074.0
26/8/19,EUROPE,Retail,F3,Existing,17040,1049931.0
26/8/19,AFRICA,Retail,C4,Existing,109076,5629995.0
26/8/19,ASIA,Shopify,F1,New,164,21203.0
26/8/19,EUROPE,Shopify,null,Guest,221,41997.0
26/8/19,USA,Retail,F2,New,26941,1044969.0
26/8/19,USA,Retail,F3,Existing,132654,8238255.0
26/8/19,ASIA,Shopify,C2,Existing,1745,314963.0
26/8/19,CANADA,Shopify,F2,New,82,12187.0
26/8/19,CANADA,Retail,F1,Existing,24271,1309203.0
26/8/19,OCEANIA,Retail,C1,Existing,237035,8786505.0
26/8/19,OCEANIA,Shopify,C4,Existing,593,109636.0
26/8/19,CANADA,Shopify,C3,New,78,11501.0
26/8/19,SOUTH AMERICA,Retail,C4,New,205,9017.0
26/8/19,USA,Retail,C3,New,42606,1675127.0
26/8/19,EUROPE,Retail,C4,New,1210,46502.0
26/8/19,USA,Shopify,F1,New,126,19297.0
26/8/19,OCEANIA,Shopify,C2,New,619,91768.0
26/8/19,USA,Shopify,null,Existing,121,24919.0
26/8/19,OCEANIA,Shopify,C3,Existing,3657,729403.0
26/8/19,AFRICA,Retail,C1,Existing,169884,6474804.0
26/8/19,SOUTH AMERICA,Retail,null,Guest,405815,16099389.0
26/8/19,ASIA,Shopify,F2,New,216,32797.0
26/8/19,OCEANIA,Retail,C4,New,59719,1903082.0
26/8/19,USA,Shopify,C3,New,159,26696.0
26/8/19,EUROPE,Shopify,C4,New,2,183.0
26/8/19,SOUTH AMERICA,Shopify,null,New,55,10680.0
26/8/19,USA,Retail,C1,New,33579,935858.0
26/8/19,USA,Shopify,F2,New,143,24841.0
26/8/19,AFRICA,Shopify,C3,Existing,2089,424147.0
26/8/19,ASIA,Shopify,C4,Existing,234,38067.0
26/8/19,CANADA,Retail,C2,Existing,20785,923452.0
26/8/19,ASIA,Shopify,C2,New,354,48728.0
26/8/19,EUROPE,Shopify,C1,New,17,2782.0
26/8/19,OCEANIA,Shopify,null,Existing,374,69612.0
26/8/19,SOUTH AMERICA,Shopify,F1,Existing,59,13616.0
26/8/19,USA,Retail,null,Guest,570860,17663432.0
26/8/19,AFRICA,Shopify,F3,Existing,1937,401255.0
26/8/19,CANADA,Shopify,F2,Existing,1017,189211.0
26/8/19,AFRICA,Retail,F3,New,64765,2388990.0
26/8/19,EUROPE,Shopify,F3,Existing,101,27848.0
26/8/19,CANADA,Retail,C3,Existing,56680,2936666.0
26/8/19,ASIA,Shopify,F3,New,93,13344.0
26/8/19,OCEANIA,Shopify,C2,Existing,3707,683313.0
26/8/19,USA,Shopify,F1,Existing,1348,256997.0
26/8/19,USA,Shopify,C2,Existing,1311,262343.0
26/8/19,USA,Retail,F3,New,26418,1041166.0
26/8/19,EUROPE,Retail,F2,Existing,13273,809733.0
26/8/19,SOUTH AMERICA,Shopify,F2,New,15,2400.0
26/8/19,CANADA,Retail,null,Existing,7172,353319.0
26/8/19,USA,Retail,C1,Existing,53497,2290508.0
26/8/19,CANADA,Shopify,C3,Existing,638,115543.0
26/8/19,CANADA,Retail,null,Guest,430623,11755997.0
26/8/19,EUROPE,Retail,C2,New,2655,96695.0
26/8/19,ASIA,Retail,F1,New,29849,977102.0
26/8/19,EUROPE,Shopify,null,New,18,3686.0
26/8/19,CANADA,Shopify,F3,Existing,532,103316.0
26/8/19,USA,Retail,C4,Existing,36537,2010752.0
26/8/19,ASIA,Retail,C3,Existing,220202,10114054.0
26/8/19,AFRICA,Retail,C4,New,43029,1446450.0
26/8/19,USA,Shopify,F3,Existing,927,192682.0
26/8/19,AFRICA,Shopify,null,New,335,54262.0
26/8/19,AFRICA,Retail,null,Existing,28234,1290322.0
26/8/19,SOUTH AMERICA,Shopify,C3,Existing,88,18824.0
26/8/19,ASIA,Retail,F3,New,85313,2747537.0
26/8/19,AFRICA,Retail,C2,New,53590,1669819.0
26/8/19,EUROPE,Shopify,F3,New,4,642.0
26/8/19,AFRICA,Retail,C3,New,102199,3668982.0
26/8/19,USA,Shopify,C4,New,24,3773.0
26/8/19,SOUTH AMERICA,Shopify,C4,New,2,365.0
26/8/19,AFRICA,Retail,F2,New,62391,2291118.0
26/8/19,AFRICA,Retail,F1,New,22989,844081.0
26/8/19,OCEANIA,Retail,C2,New,98250,2686689.0
26/8/19,USA,Retail,F1,New,11345,450380.0
26/8/19,EUROPE,Retail,F1,New,1010,42342.0
26/8/19,USA,Retail,null,Existing,10058,515995.0
26/8/19,CANADA,Retail,F2,New,16557,601260.0
26/8/19,ASIA,Shopify,C3,Existing,1597,309656.0
26/8/19,EUROPE,Retail,C3,New,3736,157100.0
26/8/19,ASIA,Retail,C2,Existing,113013,4403939.0
26/8/19,SOUTH AMERICA,Shopify,F2,Existing,32,6921.0
26/8/19,SOUTH AMERICA,Retail,C2,Existing,771,31834.0
26/8/19,SOUTH AMERICA,Retail,C2,New,706,21674.0
26/8/19,ASIA,Retail,C4,Existing,99387,4501996.0
26/8/19,CANADA,Retail,C2,New,13417,413623.0
26/8/19,AFRICA,Shopify,C3,New,258,42532.0
26/8/19,USA,Retail,C2,New,24165,822335.0
26/8/19,OCEANIA,Retail,null,Guest,2554234,66735332.0
26/8/19,EUROPE,Shopify,F2,New,9,1737.0
26/8/19,AFRICA,Retail,F1,Existing,96697,5241929.0
26/8/19,OCEANIA,Shopify,F3,Existing,3056,635044.0
26/8/19,ASIA,Shopify,null,Existing,215,34456.0
26/8/19,AFRICA,Retail,F3,Existing,382774,21792831.0
26/8/19,OCEANIA,Shopify,F2,New,421,67064.0
26/8/19,CANADA,Retail,F3,Existing,87611,4903985.0
26/8/19,SOUTH AMERICA,Retail,F3,Existing,1063,57154.0
26/8/19,CANADA,Retail,F2,Existing,57569,3174636.0
26/8/19,ASIA,Retail,null,Guest,1976925,49897677.0
26/8/19,CANADA,Shopify,null,Guest,1172,186156.0
26/8/19,OCEANIA,Retail,C3,New,140987,4656633.0
26/8/19,EUROPE,Shopify,C3,New,7,1257.0
26/8/19,OCEANIA,Retail,F3,Existing,524004,29222482.0
26/8/19,ASIA,Retail,null,Existing,27697,1146717.0
26/8/19,AFRICA,Shopify,F2,New,260,42363.0
26/8/19,ASIA,Retail,C1,Existing,164351,5588781.0
26/8/19,AFRICA,Retail,null,New,77569,3047260.0
26/8/19,AFRICA,Shopify,C1,New,210,26290.0
26/8/19,ASIA,Shopify,C4,New,47,6848.0
26/8/19,SOUTH AMERICA,Shopify,C1,New,21,2573.0
26/8/19,SOUTH AMERICA,Retail,F1,Existing,699,30408.0
26/8/19,AFRICA,Shopify,F3,New,104,17386.0
26/8/19,ASIA,Retail,F2,New,68386,2218388.0
19/8/19,EUROPE,Retail,null,Existing,2133,101879.0
19/8/19,SOUTH AMERICA,Shopify,C2,New,41,6876.0
19/8/19,USA,Shopify,null,New,189,38358.0
19/8/19,EUROPE,Shopify,F1,Existing,148,33063.0
19/8/19,ASIA,Shopify,null,New,330,49474.0
19/8/19,ASIA,Retail,F1,Existing,88057,4326055.0
19/8/19,OCEANIA,Retail,C3,Existing,312823,15494432.0
19/8/19,EUROPE,Shopify,C3,Existing,136,37428.0
19/8/19,CANADA,Shopify,F3,New,33,4510.0
19/8/19,EUROPE,Retail,null,Guest,105283,3582428.0
19/8/19,ASIA,Shopify,C1,New,228,27610.0
19/8/19,AFRICA,Retail,C1,New,89332,2243118.0
19/8/19,EUROPE,Retail,C3,Existing,14068,776811.0
19/8/19,USA,Shopify,C1,Existing,706,129399.0
19/8/19,CANADA,Shopify,C2,New,96,14182.0
19/8/19,AFRICA,Shopify,F2,Existing,3734,737855.0
19/8/19,AFRICA,Retail,C3,Existing,262831,13447000.0
19/8/19,OCEANIA,Retail,F2,New,87835,3121245.0
19/8/19,CANADA,Retail,C1,New,29410,762441.0
19/8/19,OCEANIA,Shopify,C1,New,424,55787.0
19/8/19,USA,Retail,F2,Existing,91033,5547204.0
19/8/19,OCEANIA,Shopify,F2,Existing,5506,1105082.0
19/8/19,CANADA,Shopify,C1,Existing,452,79333.0
19/8/19,OCEANIA,Shopify,C1,Existing,2417,411628.0
19/8/19,CANADA,Shopify,C3,Existing,627,114629.0
19/8/19,ASIA,Shopify,C1,Existing,935,150708.0
19/8/19,CANADA,Retail,C4,New,12231,403703.0
19/8/19,USA,Shopify,C4,Existing,129,23309.0
19/8/19,CANADA,Shopify,C2,Existing,579,108126.0
19/8/19,AFRICA,Shopify,F1,Existing,2244,408294.0
19/8/19,AFRICA,Shopify,C1,New,221,30394.0
19/8/19,AFRICA,Shopify,C4,New,58,7360.0
19/8/19,SOUTH AMERICA,Retail,C1,Existing,2822,81594.0
19/8/19,ASIA,Shopify,C3,New,225,33627.0
19/8/19,ASIA,Shopify,F2,Existing,2201,419639.0
19/8/19,OCEANIA,Retail,F2,Existing,326476,17935639.0
19/8/19,USA,Shopify,F3,New,40,6781.0
19/8/19,EUROPE,Shopify,F2,Existing,207,62914.0
19/8/19,AFRICA,Retail,F2,Existing,262703,14675475.0
19/8/19,AFRICA,Shopify,C1,Existing,1359,228582.0
19/8/19,SOUTH AMERICA,Shopify,C3,New,23,3988.0
19/8/19,USA,Shopify,C2,New,203,31658.0
19/8/19,SOUTH AMERICA,Retail,null,New,2091,69126.0
19/8/19,ASIA,Shopify,F3,New,102,14686.0
19/8/19,EUROPE,Shopify,C1,Existing,110,24285.0
19/8/19,AFRICA,Shopify,C2,New,293,45191.0
19/8/19,CANADA,Retail,C1,Existing,54253,2291973.0
19/8/19,SOUTH AMERICA,Shopify,null,Guest,1182,225641.0
19/8/19,CANADA,Retail,C4,Existing,27057,1363937.0
19/8/19,SOUTH AMERICA,Shopify,C4,Existing,4,437.0
19/8/19,SOUTH AMERICA,Retail,F1,New,333,11789.0
19/8/19,EUROPE,Shopify,C2,New,17,2490.0
19/8/19,AFRICA,Retail,null,Guest,1633773,46735003.0
19/8/19,USA,Shopify,F2,Existing,1777,368258.0
19/8/19,ASIA,Shopify,F2,New,203,29200.0
19/8/19,SOUTH AMERICA,Retail,null,Guest,400486,16327730.0
19/8/19,OCEANIA,Retail,F1,Existing,142255,7351268.0
19/8/19,CANADA,Shopify,null,Existing,58,10825.0
19/8/19,OCEANIA,Retail,C4,New,59491,1883440.0
19/8/19,EUROPE,Shopify,C4,New,3,281.0
19/8/19,SOUTH AMERICA,Shopify,F3,New,2,168.0
19/8/19,CANADA,Shopify,null,New,111,19419.0
19/8/19,SOUTH AMERICA,Retail,C1,New,2529,56616.0
19/8/19,ASIA,Retail,C4,New,47971,1404820.0
19/8/19,OCEANIA,Shopify,C2,New,667,96348.0
19/8/19,USA,Shopify,F1,New,143,21077.0
19/8/19,CANADA,Shopify,F1,New,77,11534.0
19/8/19,SOUTH AMERICA,Shopify,null,Existing,8,1721.0
19/8/19,ASIA,Shopify,C2,Existing,1729,300621.0
19/8/19,USA,Retail,C4,Existing,36406,2006320.0
19/8/19,AFRICA,Shopify,null,Guest,3816,668852.0
19/8/19,CANADA,Retail,F3,New,17865,661685.0
19/8/19,ASIA,Shopify,F3,Existing,1363,264604.0
19/8/19,OCEANIA,Shopify,F1,New,316,47523.0
19/8/19,USA,Shopify,null,Guest,1895,343077.0
19/8/19,OCEANIA,Shopify,null,New,540,92626.0
19/8/19,AFRICA,Retail,C1,Existing,167848,6378086.0
19/8/19,ASIA,Retail,C3,New,110876,3440499.0
19/8/19,USA,Shopify,C3,Existing,1303,264549.0
19/8/19,CANADA,Retail,C2,Existing,21070,929905.0
19/8/19,CANADA,Shopify,C4,Existing,77,15026.0
19/8/19,USA,Shopify,C1,New,155,20593.0
19/8/19,SOUTH AMERICA,Retail,F2,Existing,957,47594.0
19/8/19,SOUTH AMERICA,Shopify,C1,Existing,56,10392.0
19/8/19,EUROPE,Shopify,C4,Existing,11,2398.0
19/8/19,OCEANIA,Shopify,null,Existing,333,61578.0
19/8/19,EUROPE,Retail,C2,Existing,8857,430267.0
19/8/19,SOUTH AMERICA,Shopify,F3,Existing,27,6556.0
19/8/19,AFRICA,Shopify,null,New,318,54130.0
19/8/19,ASIA,Shopify,C4,Existing,222,37041.0
19/8/19,ASIA,Shopify,C2,New,306,40213.0
19/8/19,EUROPE,Retail,F2,Existing,13402,855267.0
19/8/19,USA,Retail,F3,New,25890,1029016.0
19/8/19,OCEANIA,Shopify,null,Guest,7626,1331260.0
19/8/19,SOUTH AMERICA,Shopify,F1,Existing,51,11378.0
19/8/19,EUROPE,Retail,F3,Existing,17148,1079210.0
19/8/19,OCEANIA,Retail,C1,Existing,233080,8620134.0
19/8/19,USA,Shopify,C3,New,176,29456.0
19/8/19,SOUTH AMERICA,Retail,C2,New,719,22007.0
19/8/19,AFRICA,Retail,C4,New,43553,1452271.0
19/8/19,SOUTH AMERICA,Shopify,null,New,55,9834.0
19/8/19,EUROPE,Retail,C1,Existing,13449,615546.0
19/8/19,CANADA,Retail,null,Guest,428378,11789975.0
19/8/19,ASIA,Retail,F3,Existing,365889,18715953.0
19/8/19,OCEANIA,Retail,F1,New,39743,1360882.0
19/8/19,AFRICA,Retail,F1,New,22502,826541.0
19/8/19,OCEANIA,Retail,null,New,107356,3833665.0
19/8/19,EUROPE,Shopify,null,New,13,3432.0
19/8/19,OCEANIA,Shopify,F1,Existing,3665,678729.0
19/8/19,SOUTH AMERICA,Retail,C3,New,901,34752.0
19/8/19,USA,Retail,C1,New,33974,945017.0
19/8/19,AFRICA,Retail,F2,New,62572,2294672.0
19/8/19,OCEANIA,Retail,C2,Existing,149347,5979376.0
19/8/19,USA,Retail,F1,Existing,38974,2322859.0
19/8/19,ASIA,Retail,F2,Existing,205424,10372877.0
19/8/19,CANADA,Shopify,C1,New,74,10455.0
19/8/19,SOUTH AMERICA,Shopify,C3,Existing,81,17160.0
19/8/19,CANADA,Retail,F1,New,6792,247459.0
19/8/19,USA,Retail,null,Existing,9078,465483.0
19/8/19,EUROPE,Retail,F2,New,1747,79454.0
19/8/19,OCEANIA,Retail,C4,Existing,141254,7054819.0
19/8/19,AFRICA,Retail,F3,New,64999,2412452.0
19/8/19,SOUTH AMERICA,Shopify,C2,Existing,106,21136.0
19/8/19,CANADA,Retail,F1,Existing,24024,1324215.0
19/8/19,SOUTH AMERICA,Shopify,F2,New,12,2812.0
19/8/19,CANADA,Retail,C3,Existing,56933,2964339.0
19/8/19,CANADA,Retail,null,Existing,6429,313823.0
19/8/19,CANADA,Shopify,F1,Existing,634,110304.0
19/8/19,CANADA,Retail,null,New,18955,761937.0
19/8/19,CANADA,Shopify,C4,New,15,1696.0
19/8/19,USA,Shopify,F2,New,157,24325.0
19/8/19,SOUTH AMERICA,Retail,C4,New,208,8003.0
19/8/19,OCEANIA,Retail,F3,New,104042,3631246.0
19/8/19,EUROPE,Retail,C2,New,2695,97431.0
19/8/19,CANADA,Shopify,F3,Existing,552,107090.0
19/8/19,OCEANIA,Retail,null,Existing,32679,1373099.0
19/8/19,EUROPE,Shopify,null,Existing,15,2067.0
19/8/19,OCEANIA,Shopify,C3,New,460,71086.0
19/8/19,OCEANIA,Shopify,C4,Existing,574,111011.0
19/8/19,CANADA,Shopify,C3,New,87,13713.0
19/8/19,EUROPE,Retail,C1,New,4333,129303.0
19/8/19,ASIA,Retail,F1,New,29454,965046.0
19/8/19,USA,Retail,null,New,27395,1176387.0
19/8/19,EUROPE,Shopify,C2,Existing,144,42306.0
19/8/19,OCEANIA,Shopify,C4,New,77,11128.0
19/8/19,OCEANIA,Retail,C1,New,148898,3491948.0
19/8/19,EUROPE,Shopify,C1,New,16,2047.0
19/8/19,ASIA,Retail,null,New,80041,2754274.0
19/8/19,AFRICA,Retail,C4,Existing,109639,5575513.0
19/8/19,EUROPE,Retail,F1,Existing,6124,382321.0
19/8/19,ASIA,Shopify,F1,New,157,22507.0
19/8/19,USA,Retail,C2,Existing,39035,1967581.0
19/8/19,ASIA,Retail,C4,Existing,98512,4418742.0
19/8/19,AFRICA,Retail,null,Existing,25145,1140445.0
19/8/19,USA,Shopify,F3,Existing,909,193294.0
19/8/19,EUROPE,Shopify,null,Guest,217,43368.0
19/8/19,SOUTH AMERICA,Shopify,F1,New,7,655.0
19/8/19,CANADA,Retail,C3,New,26985,931100.0
19/8/19,AFRICA,Retail,C2,New,52364,1636234.0
19/8/19,ASIA,Retail,F3,New,84741,2741536.0
19/8/19,EUROPE,Shopify,F3,Existing,94,27075.0
19/8/19,ASIA,Shopify,null,Guest,3720,589881.0
19/8/19,OCEANIA,Shopify,C2,Existing,3840,721424.0
19/8/19,USA,Shopify,F1,Existing,1348,253273.0
19/8/19,CANADA,Retail,F3,Existing,88166,5060801.0
19/8/19,AFRICA,Shopify,F1,New,182,28207.0
19/8/19,EUROPE,Retail,C4,New,1379,54712.0
19/8/19,USA,Retail,C3,New,42881,1706901.0
19/8/19,ASIA,Shopify,C3,Existing,1548,293174.0
19/8/19,EUROPE,Retail,C3,New,3907,167104.0
19/8/19,USA,Shopify,null,Existing,106,18866.0
19/8/19,ASIA,Retail,null,Guest,1954658,49229803.0
19/8/19,SOUTH AMERICA,Retail,C4,Existing,280,14266.0
19/8/19,CANADA,Retail,C2,New,13597,419553.0
19/8/19,ASIA,Retail,C1,Existing,161703,5483806.0
19/8/19,AFRICA,Shopify,C3,New,282,46703.0
19/8/19,OCEANIA,Retail,null,Guest,2508194,65846599.0
19/8/19,AFRICA,Retail,F1,Existing,95495,5235253.0
19/8/19,AFRICA,Retail,F3,Existing,380246,21703392.0
19/8/19,USA,Retail,F3,Existing,131812,8350935.0
19/8/19,SOUTH AMERICA,Retail,F3,Existing,1110,56256.0
19/8/19,OCEANIA,Retail,F3,Existing,516722,29105465.0
19/8/19,ASIA,Retail,null,Existing,24800,1043352.0
19/8/19,AFRICA,Shopify,F2,New,272,42012.0
19/8/19,ASIA,Shopify,F1,Existing,1629,278111.0
19/8/19,AFRICA,Shopify,F3,Existing,1987,416935.0
19/8/19,CANADA,Shopify,F2,Existing,1051,197807.0
19/8/19,SOUTH AMERICA,Retail,null,Existing,116,4376.0
19/8/19,USA,Retail,null,Guest,565321,17527602.0
19/8/19,OCEANIA,Shopify,F2,New,425,68342.0
19/8/19,USA,Retail,C4,New,16682,611278.0
19/8/19,AFRICA,Retail,C3,New,102506,3645791.0
19/8/19,USA,Shopify,C4,New,17,2378.0
19/8/19,SOUTH AMERICA,Shopify,C1,New,20,2855.0
19/8/19,ASIA,Retail,C2,Existing,111584,4347815.0
19/8/19,ASIA,Shopify,C4,New,36,5315.0
19/8/19,OCEANIA,Retail,C2,New,97514,2705900.0
19/8/19,USA,Retail,F1,New,11420,469318.0
19/8/19,SOUTH AMERICA,Shopify,C4,New,4,757.0
19/8/19,CANADA,Shopify,null,Guest,1150,184518.0
19/8/19,OCEANIA,Shopify,C3,Existing,3732,761194.0
19/8/19,CANADA,Shopify,F2,New,72,10932.0
19/8/19,AFRICA,Shopify,F3,New,105,17369.0
19/8/19,USA,Retail,C3,Existing,92725,5330150.0
19/8/19,USA,Retail,C1,Existing,53555,2296465.0
19/8/19,ASIA,Retail,C3,Existing,218016,9997687.0
19/8/19,SOUTH AMERICA,Retail,C2,Existing,847,32744.0
19/8/19,AFRICA,Retail,C2,Existing,102080,4456485.0
19/8/19,ASIA,Retail,F2,New,68412,2244042.0
19/8/19,EUROPE,Shopify,F1,New,6,829.0
19/8/19,AFRICA,Retail,null,New,74129,2920793.0
19/8/19,USA,Retail,C2,New,24186,834045.0
19/8/19,OCEANIA,Shopify,F3,New,207,31081.0
19/8/19,AFRICA,Shopify,C4,Existing,359,66016.0
19/8/19,ASIA,Retail,C2,New,77324,2055485.0
19/8/19,OCEANIA,Shopify,F3,Existing,3169,667636.0
19/8/19,ASIA,Shopify,null,Existing,189,30597.0
19/8/19,AFRICA,Shopify,C3,Existing,2108,419271.0
19/8/19,AFRICA,Shopify,C2,Existing,2010,388738.0
19/8/19,EUROPE,Retail,F1,New,952,43115.0
19/8/19,USA,Retail,F2,New,27115,1073827.0
19/8/19,SOUTH AMERICA,Retail,F2,New,437,16832.0
19/8/19,EUROPE,Retail,F3,New,1770,77324.0
19/8/19,SOUTH AMERICA,Retail,F3,New,304,13087.0
19/8/19,USA,Shopify,C2,Existing,1273,259908.0
19/8/19,CANADA,Retail,F2,Existing,58063,3237649.0
19/8/19,SOUTH AMERICA,Retail,C3,Existing,1122,53124.0
19/8/19,EUROPE,Retail,C4,Existing,4437,232321.0
19/8/19,AFRICA,Shopify,null,Existing,178,35003.0
19/8/19,CANADA,Retail,F2,New,16940,620135.0
19/8/19,OCEANIA,Retail,C3,New,139647,4613208.0
19/8/19,EUROPE,Shopify,C3,New,16,2483.0
19/8/19,EUROPE,Retail,null,New,4074,180933.0
19/8/19,SOUTH AMERICA,Shopify,F2,Existing,31,6725.0
19/8/19,ASIA,Retail,C1,New,116962,2559734.0
19/8/19,EUROPE,Shopify,F2,New,11,3201.0
19/8/19,SOUTH AMERICA,Retail,F1,Existing,682,31430.0
12/8/19,EUROPE,Retail,F3,Existing,17147,1069457.0
12/8/19,SOUTH AMERICA,Retail,null,Guest,395878,16125742.0
12/8/19,OCEANIA,Retail,C2,Existing,150084,5978929.0
12/8/19,USA,Retail,F1,Existing,38555,2282081.0
12/8/19,OCEANIA,Shopify,C4,New,82,10324.0
12/8/19,EUROPE,Shopify,C2,Existing,133,38079.0
12/8/19,ASIA,Shopify,F2,Existing,2289,440749.0
12/8/19,ASIA,Retail,C3,Existing,215751,9917566.0
12/8/19,SOUTH AMERICA,Retail,F2,New,401,16047.0
12/8/19,SOUTH AMERICA,Shopify,C1,New,19,2757.0
12/8/19,EUROPE,Shopify,F3,Existing,113,38860.0
12/8/19,USA,Retail,F3,Existing,131290,8183187.0
12/8/19,USA,Shopify,C4,New,27,3737.0
12/8/19,CANADA,Shopify,null,New,107,18923.0
12/8/19,USA,Retail,F2,New,27652,1090378.0
12/8/19,EUROPE,Retail,null,Guest,105849,3625130.0
12/8/19,AFRICA,Retail,C2,Existing,102145,4493043.0
12/8/19,AFRICA,Shopify,C4,New,55,8160.0
12/8/19,EUROPE,Shopify,F1,New,7,1145.0
12/8/19,CANADA,Retail,C4,New,11728,389527.0
12/8/19,SOUTH AMERICA,Shopify,C4,Existing,7,1689.0
12/8/19,EUROPE,Retail,C2,Existing,8708,428500.0
12/8/19,CANADA,Shopify,C1,New,89,12646.0
12/8/19,AFRICA,Retail,F3,Existing,378123,21696345.0
12/8/19,OCEANIA,Retail,F1,Existing,143770,7413555.0
12/8/19,EUROPE,Retail,C3,New,4034,170871.0
12/8/19,EUROPE,Shopify,F1,Existing,118,27319.0
12/8/19,USA,Retail,F2,Existing,90621,5457023.0
12/8/19,OCEANIA,Shopify,C1,New,402,51676.0
12/8/19,SOUTH AMERICA,Shopify,F3,New,3,375.0
12/8/19,USA,Retail,C1,New,33741,928265.0
12/8/19,CANADA,Retail,C4,Existing,26460,1314118.0
12/8/19,AFRICA,Retail,C4,New,43228,1471840.0
12/8/19,AFRICA,Retail,F1,Existing,96000,5297959.0
12/8/19,CANADA,Shopify,C2,New,99,13911.0
12/8/19,USA,Shopify,null,New,182,36169.0
12/8/19,USA,Shopify,C1,New,166,23598.0
12/8/19,AFRICA,Shopify,C1,New,224,29049.0
12/8/19,EUROPE,Retail,F3,New,1759,74455.0
12/8/19,USA,Retail,C1,Existing,52883,2258626.0
12/8/19,ASIA,Retail,F1,Existing,88091,4353652.0
12/8/19,AFRICA,Retail,F2,New,62750,2334783.0
12/8/19,ASIA,Retail,F2,Existing,204074,10366441.0
12/8/19,AFRICA,Shopify,null,New,277,46945.0
12/8/19,AFRICA,Retail,C3,Existing,261901,13454714.0
12/8/19,AFRICA,Retail,null,Existing,22714,1027670.0
12/8/19,ASIA,Shopify,F2,New,211,32434.0
12/8/19,SOUTH AMERICA,Retail,C4,New,169,7400.0
12/8/19,CANADA,Retail,C1,New,29672,768280.0
12/8/19,SOUTH AMERICA,Shopify,C4,New,4,593.0
12/8/19,OCEANIA,Shopify,null,Guest,7453,1346013.0
12/8/19,EUROPE,Shopify,C3,Existing,143,43298.0
12/8/19,ASIA,Shopify,null,New,363,50407.0
12/8/19,USA,Retail,null,Guest,561534,17468989.0
12/8/19,EUROPE,Retail,null,Existing,1852,91557.0
12/8/19,USA,Retail,C4,New,16832,610219.0
12/8/19,OCEANIA,Shopify,F3,New,184,28981.0
12/8/19,SOUTH AMERICA,Shopify,C2,Existing,103,19478.0
12/8/19,ASIA,Shopify,F1,New,183,26045.0
12/8/19,USA,Shopify,C3,New,152,26526.0
12/8/19,SOUTH AMERICA,Retail,F2,Existing,971,47598.0
12/8/19,OCEANIA,Shopify,C1,Existing,2288,388121.0
12/8/19,EUROPE,Shopify,null,Guest,215,40220.0
12/8/19,EUROPE,Shopify,F2,New,6,862.0
12/8/19,ASIA,Shopify,C4,Existing,239,41086.0
12/8/19,AFRICA,Shopify,F3,Existing,1909,392554.0
12/8/19,SOUTH AMERICA,Shopify,F1,New,6,1104.0
12/8/19,EUROPE,Retail,F2,New,1766,79018.0
12/8/19,EUROPE,Shopify,C1,New,12,2097.0
12/8/19,USA,Retail,null,New,25726,1115094.0
12/8/19,ASIA,Shopify,F3,New,92,14464.0
12/8/19,CANADA,Retail,F3,Existing,87068,4971459.0
12/8/19,AFRICA,Retail,C3,New,101671,3655617.0
12/8/19,USA,Retail,null,Existing,7959,405754.0
12/8/19,CANADA,Retail,F1,New,6706,255118.0
12/8/19,SOUTH AMERICA,Retail,null,New,2082,70172.0
12/8/19,ASIA,Shopify,C1,Existing,954,149239.0
12/8/19,AFRICA,Shopify,F1,Existing,2118,392177.0
12/8/19,OCEANIA,Shopify,F2,Existing,5347,1068476.0
12/8/19,OCEANIA,Retail,C3,Existing,311922,15346145.0
12/8/19,OCEANIA,Retail,F2,New,89019,3156727.0
12/8/19,USA,Retail,F1,New,11265,461143.0
12/8/19,EUROPE,Shopify,C2,New,21,3183.0
12/8/19,SOUTH AMERICA,Shopify,null,New,44,8258.0
12/8/19,ASIA,Shopify,C1,New,220,26150.0
12/8/19,OCEANIA,Retail,C3,New,138386,4557220.0
12/8/19,OCEANIA,Retail,C4,New,57995,1822446.0
12/8/19,OCEANIA,Shopify,C2,New,623,93815.0
12/8/19,ASIA,Retail,F3,New,82648,2694400.0
12/8/19,AFRICA,Shopify,F2,Existing,3624,716351.0
12/8/19,CANADA,Retail,C2,New,13467,417534.0
12/8/19,AFRICA,Shopify,C3,New,283,48372.0
12/8/19,ASIA,Shopify,C3,New,243,35048.0
12/8/19,CANADA,Shopify,F2,Existing,1032,196837.0
12/8/19,EUROPE,Retail,C4,Existing,4546,240422.0
12/8/19,CANADA,Shopify,C3,New,81,11629.0
12/8/19,CANADA,Retail,null,Existing,5842,290960.0
12/8/19,AFRICA,Shopify,C2,New,329,52579.0
12/8/19,USA,Shopify,F1,Existing,1344,251352.0
12/8/19,OCEANIA,Shopify,C2,Existing,3770,709526.0
12/8/19,CANADA,Retail,F2,New,16524,612291.0
12/8/19,SOUTH AMERICA,Shopify,F2,Existing,36,7267.0
12/8/19,EUROPE,Retail,C1,New,4260,133989.0
12/8/19,ASIA,Shopify,C3,Existing,1588,303535.0
12/8/19,AFRICA,Shopify,F2,New,258,45564.0
12/8/19,OCEANIA,Retail,F3,Existing,514702,28664139.0
12/8/19,ASIA,Retail,null,Existing,21822,895745.0
12/8/19,USA,Shopify,F3,New,51,9241.0
12/8/19,SOUTH AMERICA,Shopify,F3,Existing,28,6754.0
12/8/19,EUROPE,Shopify,C1,Existing,111,23026.0
12/8/19,EUROPE,Retail,C3,Existing,13983,764876.0
12/8/19,SOUTH AMERICA,Retail,C1,Existing,2791,83455.0
12/8/19,OCEANIA,Shopify,F2,New,455,70348.0
12/8/19,AFRICA,Shopify,C1,Existing,1333,223764.0
12/8/19,EUROPE,Shopify,null,New,17,3388.0
12/8/19,ASIA,Retail,F1,New,29680,984074.0
12/8/19,ASIA,Retail,C3,New,109074,3376965.0
12/8/19,CANADA,Shopify,null,Guest,1056,169020.0
12/8/19,USA,Shopify,C2,New,196,31692.0
12/8/19,AFRICA,Retail,C2,New,52977,1680004.0
12/8/19,AFRICA,Retail,C1,New,89480,2285995.0
12/8/19,OCEANIA,Shopify,F3,Existing,3073,639894.0
12/8/19,ASIA,Shopify,null,Existing,197,30385.0
12/8/19,OCEANIA,Shopify,F1,New,336,48789.0
12/8/19,OCEANIA,Retail,F2,Existing,327589,17915035.0
12/8/19,ASIA,Retail,C2,New,76667,2048866.0
12/8/19,OCEANIA,Retail,null,Existing,29066,1224927.0
12/8/19,USA,Shopify,null,Guest,1936,350788.0
12/8/19,OCEANIA,Retail,C1,New,150561,3530579.0
12/8/19,SOUTH AMERICA,Retail,C2,Existing,823,30921.0
12/8/19,EUROPE,Shopify,F2,Existing,195,49488.0
12/8/19,ASIA,Shopify,null,Guest,3830,594706.0
12/8/19,OCEANIA,Shopify,F1,Existing,3674,670024.0
12/8/19,CANADA,Retail,F2,Existing,57980,3258188.0
12/8/19,CANADA,Shopify,C1,Existing,463,76514.0
12/8/19,CANADA,Retail,C1,Existing,54376,2310578.0
12/8/19,AFRICA,Retail,F3,New,63607,2370632.0
12/8/19,EUROPE,Retail,C1,Existing,13390,608406.0
12/8/19,SOUTH AMERICA,Retail,C3,New,802,29316.0
12/8/19,EUROPE,Shopify,F3,New,2,362.0
12/8/19,ASIA,Retail,C4,New,46261,1347722.0
12/8/19,SOUTH AMERICA,Retail,C1,New,2452,55422.0
12/8/19,CANADA,Shopify,F3,New,24,3725.0
12/8/19,ASIA,Retail,C4,Existing,97070,4372792.0
12/8/19,AFRICA,Shopify,F3,New,99,14944.0
12/8/19,SOUTH AMERICA,Shopify,F1,Existing,53,12751.0
12/8/19,ASIA,Retail,C1,New,117208,2582169.0
12/8/19,CANADA,Shopify,F2,New,73,10935.0
12/8/19,AFRICA,Shopify,C4,Existing,311,56947.0
12/8/19,CANADA,Shopify,null,Existing,44,8007.0
12/8/19,EUROPE,Retail,null,New,4022,169892.0
12/8/19,OCEANIA,Shopify,null,Existing,302,56100.0
12/8/19,OCEANIA,Retail,C1,Existing,233307,8596404.0
12/8/19,EUROPE,Shopify,C4,New,2,208.0
12/8/19,SOUTH AMERICA,Shopify,C3,New,24,3469.0
12/8/19,OCEANIA,Retail,C2,New,97507,2673663.0
12/8/19,CANADA,Shopify,F3,Existing,568,108641.0
12/8/19,USA,Shopify,C2,Existing,1224,243164.0
12/8/19,CANADA,Shopify,C2,Existing,542,100043.0
12/8/19,CANADA,Shopify,C4,Existing,69,14317.0
12/8/19,SOUTH AMERICA,Retail,C4,Existing,264,13234.0
12/8/19,AFRICA,Retail,C4,Existing,109559,5614781.0
12/8/19,OCEANIA,Retail,F3,New,102230,3531704.0
12/8/19,AFRICA,Shopify,null,Existing,159,29251.0
12/8/19,SOUTH AMERICA,Retail,C2,New,683,20443.0
12/8/19,SOUTH AMERICA,Retail,C3,Existing,1048,50469.0
12/8/19,EUROPE,Shopify,null,Existing,13,2686.0
12/8/19,EUROPE,Retail,C2,New,2701,99120.0
12/8/19,SOUTH AMERICA,Shopify,F2,New,13,2156.0
12/8/19,CANADA,Shopify,F1,Existing,653,117292.0
12/8/19,AFRICA,Retail,C1,Existing,167690,6407488.0
12/8/19,OCEANIA,Retail,null,New,100928,3601189.0
12/8/19,USA,Retail,C4,Existing,36385,1985697.0
12/8/19,EUROPE,Retail,C4,New,1383,54058.0
12/8/19,SOUTH AMERICA,Shopify,C1,Existing,55,9805.0
12/8/19,USA,Shopify,F2,New,174,28636.0
12/8/19,SOUTH AMERICA,Retail,F3,New,299,11597.0
12/8/19,USA,Shopify,C4,Existing,141,29725.0
12/8/19,SOUTH AMERICA,Shopify,C2,New,40,7094.0
12/8/19,ASIA,Retail,null,New,75477,2642930.0
12/8/19,EUROPE,Retail,F1,Existing,6026,371596.0
12/8/19,CANADA,Retail,F3,New,17486,642524.0
12/8/19,AFRICA,Shopify,C3,Existing,2079,410914.0
12/8/19,OCEANIA,Shopify,C3,Existing,3610,720700.0
12/8/19,SOUTH AMERICA,Shopify,null,Guest,1152,223060.0
12/8/19,USA,Retail,C3,Existing,91719,5212489.0
12/8/19,CANADA,Retail,C3,Existing,56460,2927582.0
12/8/19,AFRICA,Shopify,null,Guest,3583,624019.0
12/8/19,CANADA,Shopify,C3,Existing,618,115955.0
12/8/19,CANADA,Retail,F1,Existing,24173,1330896.0
12/8/19,AFRICA,Retail,null,Guest,1632753,47579704.0
12/8/19,OCEANIA,Retail,C4,Existing,139584,6946941.0
12/8/19,EUROPE,Shopify,C4,Existing,21,5221.0
12/8/19,SOUTH AMERICA,Shopify,C3,Existing,92,17752.0
12/8/19,USA,Retail,C3,New,42679,1668051.0
12/8/19,CANADA,Shopify,C4,New,16,2365.0
12/8/19,CANADA,Retail,C3,New,26410,922867.0
12/8/19,USA,Shopify,F3,Existing,893,193070.0
12/8/19,CANADA,Retail,null,Guest,425842,11781506.0
12/8/19,SOUTH AMERICA,Retail,F1,New,350,13576.0
12/8/19,AFRICA,Retail,null,New,70283,2815915.0
12/8/19,USA,Retail,C2,New,24181,817943.0
12/8/19,ASIA,Retail,C1,Existing,161064,5459927.0
12/8/19,AFRICA,Shopify,F1,New,169,26072.0
12/8/19,USA,Shopify,F1,New,130,19587.0
12/8/19,CANADA,Retail,null,New,17856,726904.0
12/8/19,SOUTH AMERICA,Shopify,null,Existing,10,2242.0
12/8/19,ASIA,Shopify,C2,Existing,1737,307930.0
12/8/19,OCEANIA,Shopify,C3,New,444,70637.0
12/8/19,ASIA,Shopify,C2,New,365,48607.0
12/8/19,ASIA,Retail,F3,Existing,364538,18672497.0
12/8/19,OCEANIA,Retail,F1,New,40573,1401421.0
12/8/19,USA,Shopify,C3,Existing,1252,257841.0
12/8/19,SOUTH AMERICA,Retail,F3,Existing,1067,54931.0
12/8/19,OCEANIA,Shopify,C4,Existing,613,115157.0
12/8/19,AFRICA,Retail,F2,Existing,262572,14840874.0
12/8/19,USA,Retail,C2,Existing,38909,1923248.0
12/8/19,OCEANIA,Retail,null,Guest,2508288,65967296.0
12/8/19,CANADA,Retail,C2,Existing,20868,930273.0
12/8/19,USA,Shopify,C1,Existing,728,131923.0
12/8/19,OCEANIA,Shopify,null,New,538,89387.0
12/8/19,ASIA,Retail,C2,Existing,110826,4309035.0
12/8/19,ASIA,Shopify,C4,New,39,4754.0
12/8/19,EUROPE,Shopify,C3,New,13,2771.0
12/8/19,SOUTH AMERICA,Retail,null,Existing,115,3367.0
12/8/19,SOUTH AMERICA,Retail,F1,Existing,738,32395.0
12/8/19,ASIA,Shopify,F3,Existing,1402,269334.0
12/8/19,EUROPE,Retail,F2,Existing,13239,826289.0
12/8/19,USA,Retail,F3,New,25870,1025732.0
12/8/19,ASIA,Retail,null,Guest,1937862,49073518.0
12/8/19,USA,Shopify,null,Existing,98,17997.0
12/8/19,CANADA,Shopify,F1,New,70,10290.0
12/8/19,ASIA,Retail,F2,New,67247,2227363.0
12/8/19,USA,Shopify,F2,Existing,1735,356207.0
12/8/19,AFRICA,Retail,F1,New,23129,858779.0
12/8/19,ASIA,Shopify,F1,Existing,1688,290800.0
12/8/19,EUROPE,Retail,F1,New,1003,40270.0
12/8/19,AFRICA,Shopify,C2,Existing,1975,378815.0
5/8/19,CANADA,Shopify,C2,Existing,544,97048.0
5/8/19,AFRICA,Shopify,null,New,306,50307.0
5/8/19,ASIA,Shopify,C1,Existing,926,149991.0
5/8/19,SOUTH AMERICA,Retail,C4,Existing,269,12716.0
5/8/19,CANADA,Retail,null,New,18147,726930.0
5/8/19,SOUTH AMERICA,Shopify,null,Existing,21,4341.0
5/8/19,USA,Retail,C1,New,32922,931394.0
5/8/19,EUROPE,Shopify,null,Guest,224,45651.0
5/8/19,SOUTH AMERICA,Retail,null,New,2022,65465.0
5/8/19,CANADA,Retail,null,Existing,7160,352627.0
5/8/19,CANADA,Shopify,F1,Existing,672,119623.0
5/8/19,EUROPE,Shopify,F2,Existing,191,48218.0
5/8/19,OCEANIA,Shopify,C4,Existing,598,113881.0
5/8/19,SOUTH AMERICA,Shopify,C2,New,43,6935.0
5/8/19,AFRICA,Retail,F2,Existing,257938,14684150.0
5/8/19,USA,Shopify,C1,Existing,766,137618.0
5/8/19,CANADA,Shopify,C3,New,85,11858.0
5/8/19,OCEANIA,Retail,F2,Existing,324767,17929268.0
5/8/19,CANADA,Retail,C1,Existing,54118,2283264.0
5/8/19,USA,Shopify,F3,New,54,7538.0
5/8/19,ASIA,Retail,F2,Existing,204040,10310934.0
5/8/19,AFRICA,Shopify,C4,Existing,368,67518.0
5/8/19,EUROPE,Retail,C3,Existing,14150,794312.0
5/8/19,ASIA,Retail,C1,Existing,160797,5468436.0
5/8/19,EUROPE,Retail,C4,New,1533,61005.0
5/8/19,OCEANIA,Retail,null,New,101133,3633086.0
5/8/19,OCEANIA,Shopify,C1,Existing,2303,396845.0
5/8/19,SOUTH AMERICA,Retail,C1,Existing,2814,83913.0
5/8/19,SOUTH AMERICA,Shopify,C3,Existing,93,18171.0
5/8/19,SOUTH AMERICA,Retail,F3,New,339,13361.0
5/8/19,ASIA,Shopify,F3,Existing,1345,256300.0
5/8/19,OCEANIA,Shopify,F1,New,316,46847.0
5/8/19,SOUTH AMERICA,Shopify,null,New,60,10798.0
5/8/19,CANADA,Shopify,C1,Existing,437,72494.0
5/8/19,OCEANIA,Shopify,F3,New,197,30437.0
5/8/19,USA,Retail,null,New,25861,1130398.0
5/8/19,AFRICA,Shopify,F3,New,103,15676.0
5/8/19,CANADA,Shopify,F2,New,72,12174.0
5/8/19,AFRICA,Shopify,F2,Existing,3649,735104.0
5/8/19,OCEANIA,Shopify,C2,New,630,94311.0
5/8/19,USA,Shopify,C2,New,227,33668.0
5/8/19,CANADA,Retail,C3,New,25417,888975.0
5/8/19,OCEANIA,Retail,C4,Existing,138651,6870491.0
5/8/19,USA,Shopify,C3,Existing,1249,260279.0
5/8/19,EUROPE,Shopify,C4,Existing,13,3926.0
5/8/19,AFRICA,Shopify,C1,New,227,29462.0
5/8/19,USA,Retail,F2,Existing,90369,5565837.0
5/8/19,SOUTH AMERICA,Retail,C2,New,723,21177.0
5/8/19,ASIA,Shopify,null,Guest,3618,570379.0
5/8/19,AFRICA,Shopify,F1,New,183,28302.0
5/8/19,ASIA,Shopify,C3,New,229,33431.0
5/8/19,AFRICA,Shopify,C1,Existing,1292,216080.0
5/8/19,CANADA,Retail,F3,New,16882,618364.0
5/8/19,USA,Shopify,F1,New,175,27878.0
5/8/19,CANADA,Retail,F3,Existing,86513,4978484.0
5/8/19,USA,Retail,C1,Existing,52714,2281796.0
5/8/19,CANADA,Shopify,C2,New,107,14899.0
5/8/19,ASIA,Shopify,C1,New,195,23813.0
5/8/19,AFRICA,Retail,F3,New,62521,2298195.0
5/8/19,ASIA,Retail,null,New,75445,2596345.0
5/8/19,EUROPE,Retail,F1,Existing,6132,386129.0
5/8/19,AFRICA,Retail,F1,Existing,95585,5309737.0
5/8/19,SOUTH AMERICA,Retail,F1,New,340,12434.0
5/8/19,EUROPE,Shopify,C2,New,14,2773.0
5/8/19,ASIA,Retail,C2,New,75554,2025528.0
5/8/19,USA,Shopify,C2,Existing,1325,267558.0
5/8/19,SOUTH AMERICA,Shopify,F3,Existing,32,7361.0
5/8/19,USA,Retail,F3,Existing,131750,8363043.0
5/8/19,EUROPE,Retail,F1,New,925,38189.0
5/8/19,CANADA,Shopify,null,Existing,66,13276.0
5/8/19,OCEANIA,Shopify,null,Guest,7287,1296413.0
5/8/19,ASIA,Shopify,C4,Existing,221,38158.0
5/8/19,USA,Retail,F3,New,25436,1022615.0
5/8/19,CANADA,Retail,F2,New,16197,601237.0
5/8/19,SOUTH AMERICA,Shopify,F2,Existing,39,7444.0
5/8/19,CANADA,Shopify,C1,New,81,12442.0
5/8/19,OCEANIA,Shopify,C3,Existing,3688,731757.0
5/8/19,CANADA,Retail,F2,Existing,57437,3249786.0
5/8/19,OCEANIA,Shopify,C4,New,84,11117.0
5/8/19,CANADA,Retail,F1,Existing,24026,1335529.0
5/8/19,EUROPE,Shopify,F2,New,9,1856.0
5/8/19,AFRICA,Shopify,C2,New,305,48601.0
5/8/19,OCEANIA,Shopify,null,Existing,383,70176.0
5/8/19,SOUTH AMERICA,Shopify,F3,New,2,269.0
5/8/19,ASIA,Shopify,F1,Existing,1625,280167.0
5/8/19,AFRICA,Shopify,F2,New,231,37761.0
5/8/19,USA,Shopify,null,Guest,1982,361463.0
5/8/19,USA,Shopify,null,Existing,151,27734.0
5/8/19,SOUTH AMERICA,Shopify,C2,Existing,100,19201.0
5/8/19,USA,Retail,null,Existing,10692,541501.0
5/8/19,SOUTH AMERICA,Shopify,C1,Existing,58,10034.0
5/8/19,OCEANIA,Retail,C3,Existing,310466,15291504.0
5/8/19,EUROPE,Shopify,C3,Existing,154,42469.0
5/8/19,AFRICA,Shopify,C3,Existing,2078,421358.0
5/8/19,OCEANIA,Retail,F3,New,101077,3492842.0
5/8/19,EUROPE,Shopify,F3,New,6,1620.0
5/8/19,AFRICA,Retail,null,Existing,29711,1338003.0
5/8/19,CANADA,Shopify,C4,New,12,1623.0
5/8/19,EUROPE,Retail,C3,New,4091,169532.0
5/8/19,AFRICA,Retail,C4,Existing,109046,5618569.0
5/8/19,SOUTH AMERICA,Retail,null,Guest,396547,16283640.0
5/8/19,ASIA,Shopify,F2,New,223,30620.0
5/8/19,AFRICA,Retail,C1,Existing,166632,6401875.0
5/8/19,CANADA,Retail,C2,New,13518,410676.0
5/8/19,SOUTH AMERICA,Retail,F2,New,416,16966.0
5/8/19,USA,Shopify,F3,Existing,957,203488.0
5/8/19,EUROPE,Retail,null,New,3844,166284.0
5/8/19,EUROPE,Shopify,F1,New,9,1983.0
5/8/19,ASIA,Shopify,C2,Existing,1648,294288.0
5/8/19,OCEANIA,Shopify,C1,New,382,48659.0
5/8/19,EUROPE,Retail,F3,New,1787,72122.0
5/8/19,USA,Retail,C4,New,16282,597010.0
5/8/19,EUROPE,Shopify,null,Existing,18,5310.0
5/8/19,CANADA,Shopify,null,New,109,19454.0
5/8/19,OCEANIA,Retail,C2,Existing,150495,6034833.0
5/8/19,USA,Retail,F1,Existing,38707,2349240.0
5/8/19,CANADA,Retail,C2,Existing,20869,927222.0
5/8/19,USA,Retail,null,Guest,557621,17684134.0
5/8/19,OCEANIA,Retail,C1,New,148394,3470972.0
5/8/19,EUROPE,Retail,F2,New,1775,78298.0
5/8/19,EUROPE,Shopify,C1,New,18,2674.0
5/8/19,AFRICA,Retail,C4,New,42586,1445150.0
5/8/19,OCEANIA,Retail,C2,New,96376,2747032.0
5/8/19,USA,Retail,F1,New,11442,470198.0
5/8/19,ASIA,Retail,C4,New,45370,1304802.0
5/8/19,SOUTH AMERICA,Retail,C1,New,2372,54158.0
5/8/19,AFRICA,Shopify,C3,New,241,41942.0
5/8/19,USA,Retail,C4,Existing,36113,1994001.0
5/8/19,OCEANIA,Retail,F1,Existing,142924,7422755.0
5/8/19,CANADA,Shopify,F1,New,74,10609.0
5/8/19,SOUTH AMERICA,Shopify,C3,New,24,3952.0
5/8/19,ASIA,Shopify,F3,New,95,14517.0
5/8/19,CANADA,Retail,C1,New,29106,769548.0
5/8/19,AFRICA,Shopify,null,Guest,3565,639345.0
5/8/19,USA,Shopify,null,New,210,36421.0
5/8/19,OCEANIA,Retail,F3,Existing,515518,28888443.0
5/8/19,ASIA,Retail,null,Existing,29138,1178979.0
5/8/19,EUROPE,Retail,C1,Existing,13320,625299.0
5/8/19,ASIA,Retail,null,Guest,1950606,49163736.0
5/8/19,ASIA,Retail,C3,New,107574,3309869.0
5/8/19,EUROPE,Shopify,null,New,13,1919.0
5/8/19,AFRICA,Shopify,null,Existing,252,49212.0
5/8/19,ASIA,Shopify,F1,New,179,27016.0
5/8/19,ASIA,Retail,C4,Existing,96275,4315309.0
5/8/19,AFRICA,Retail,F3,Existing,375695,21704044.0
5/8/19,OCEANIA,Retail,F2,New,87664,3125687.0
5/8/19,USA,Retail,C3,Existing,92052,5323406.0
5/8/19,EUROPE,Retail,C4,Existing,4758,259040.0
5/8/19,ASIA,Retail,C1,New,115690,2521253.0
5/8/19,OCEANIA,Shopify,F3,Existing,3124,652726.0
5/8/19,ASIA,Shopify,null,Existing,205,34582.0
5/8/19,SOUTH AMERICA,Retail,C3,Existing,1082,49730.0
5/8/19,EUROPE,Shopify,F1,Existing,151,33506.0
5/8/19,ASIA,Shopify,null,New,273,41253.0
5/8/19,AFRICA,Retail,C1,New,87274,2214262.0
5/8/19,ASIA,Retail,F3,Existing,364536,18582950.0
5/8/19,OCEANIA,Retail,F1,New,40538,1408819.0
5/8/19,CANADA,Shopify,C3,Existing,630,118012.0
5/8/19,CANADA,Shopify,F2,Existing,1062,206070.0
5/8/19,EUROPE,Retail,null,Existing,2648,130736.0
5/8/19,CANADA,Shopify,F3,Existing,520,103698.0
5/8/19,AFRICA,Retail,null,New,70453,2808762.0
5/8/19,USA,Retail,C2,New,23788,834376.0
5/8/19,USA,Retail,C2,Existing,38818,1961519.0
5/8/19,AFRICA,Retail,F1,New,22656,860567.0
5/8/19,ASIA,Retail,C2,Existing,110649,4276128.0
5/8/19,ASIA,Shopify,C4,New,28,3780.0
5/8/19,AFRICA,Retail,C2,New,51285,1611180.0
5/8/19,CANADA,Retail,null,Guest,422787,11729139.0
5/8/19,SOUTH AMERICA,Retail,C4,New,182,7293.0
5/8/19,AFRICA,Retail,null,Guest,1626341,47212605.0
5/8/19,USA,Shopify,F2,Existing,1920,396598.0
5/8/19,CANADA,Shopify,F3,New,32,5201.0
5/8/19,AFRICA,Shopify,F1,Existing,2135,391941.0
5/8/19,CANADA,Retail,C3,Existing,55972,2914277.0
5/8/19,CANADA,Shopify,null,Guest,1067,181794.0
5/8/19,SOUTH AMERICA,Shopify,F1,New,7,1906.0
5/8/19,OCEANIA,Retail,null,Existing,40540,1835512.0
5/8/19,CANADA,Retail,F1,New,6450,244349.0
5/8/19,SOUTH AMERICA,Shopify,F1,Existing,59,14339.0
5/8/19,SOUTH AMERICA,Retail,C3,New,826,31861.0
5/8/19,SOUTH AMERICA,Retail,null,Existing,331,14169.0
5/8/19,SOUTH AMERICA,Retail,F3,Existing,1145,57680.0
5/8/19,USA,Shopify,C3,New,170,27231.0
5/8/19,AFRICA,Retail,C2,Existing,101430,4461988.0
5/8/19,OCEANIA,Shopify,F2,New,426,70803.0
5/8/19,EUROPE,Shopify,F3,Existing,113,30479.0
5/8/19,OCEANIA,Shopify,C3,New,481,77072.0
5/8/19,USA,Shopify,C1,New,149,19501.0
5/8/19,SOUTH AMERICA,Shopify,C1,New,19,2780.0
5/8/19,OCEANIA,Retail,null,Guest,2517738,66221981.0
5/8/19,AFRICA,Retail,C3,New,99511,3562734.0
5/8/19,EUROPE,Retail,C2,Existing,8819,431569.0
5/8/19,ASIA,Shopify,C2,New,319,43310.0
5/8/19,EUROPE,Shopify,C4,New,2,466.0
5/8/19,SOUTH AMERICA,Retail,F1,Existing,708,30851.0
5/8/19,EUROPE,Shopify,C2,Existing,153,42982.0
5/8/19,OCEANIA,Shopify,F1,Existing,3729,703726.0
5/8/19,EUROPE,Shopify,C3,New,17,4137.0
5/8/19,EUROPE,Retail,C1,New,4250,131512.0
5/8/19,OCEANIA,Shopify,F2,Existing,5253,1066360.0
5/8/19,AFRICA,Retail,C3,Existing,259932,13455578.0
5/8/19,CANADA,Shopify,C4,Existing,70,14673.0
5/8/19,ASIA,Shopify,C3,Existing,1549,296732.0
5/8/19,AFRICA,Retail,F2,New,61542,2276079.0
5/8/19,ASIA,Retail,F1,Existing,89097,4385856.0
5/8/19,OCEANIA,Retail,C1,Existing,232830,8631129.0
5/8/19,EUROPE,Retail,F2,Existing,13037,846858.0
5/8/19,EUROPE,Shopify,C1,Existing,97,23834.0
5/8/19,AFRICA,Shopify,C4,New,40,5516.0
5/8/19,SOUTH AMERICA,Retail,F2,Existing,1089,55921.0
5/8/19,SOUTH AMERICA,Shopify,C4,New,3,309.0
5/8/19,USA,Shopify,F2,New,175,28051.0
5/8/19,ASIA,Retail,F3,New,81917,2634652.0
5/8/19,CANADA,Retail,C4,Existing,26079,1319077.0
5/8/19,AFRICA,Shopify,F3,Existing,1902,396485.0
5/8/19,ASIA,Retail,F1,New,29668,984231.0
5/8/19,OCEANIA,Shopify,C2,Existing,3707,705015.0
5/8/19,SOUTH AMERICA,Shopify,null,Guest,1168,229104.0
5/8/19,EUROPE,Retail,C2,New,2540,92478.0
5/8/19,SOUTH AMERICA,Shopify,F2,New,9,1505.0
5/8/19,EUROPE,Retail,F3,Existing,17047,1073106.0
5/8/19,USA,Retail,C3,New,41994,1674576.0
5/8/19,ASIA,Retail,F2,New,66302,2201232.0
5/8/19,USA,Retail,F2,New,26843,1085040.0
5/8/19,OCEANIA,Shopify,null,New,550,94623.0
5/8/19,EUROPE,Retail,null,Guest,108031,3763039.0
5/8/19,USA,Shopify,C4,New,25,3127.0
5/8/19,USA,Shopify,F1,Existing,1468,278255.0
5/8/19,ASIA,Retail,C3,Existing,215355,9830477.0
5/8/19,OCEANIA,Retail,C3,New,136213,4456552.0
5/8/19,OCEANIA,Retail,C4,New,57170,1776201.0
5/8/19,SOUTH AMERICA,Retail,C2,Existing,809,32872.0
5/8/19,ASIA,Shopify,F2,Existing,2177,413743.0
5/8/19,CANADA,Retail,C4,New,11458,373731.0
5/8/19,USA,Shopify,C4,Existing,137,27569.0
5/8/19,SOUTH AMERICA,Shopify,C4,Existing,6,681.0
5/8/19,AFRICA,Shopify,C2,Existing,2028,391799.0
29/7/19,AFRICA,Retail,F2,New,62503,2314059.0
29/7/19,AFRICA,Shopify,C1,New,238,31049.0
29/7/19,EUROPE,Retail,F3,Existing,17495,1091422.0
29/7/19,USA,Shopify,C1,New,137,17593.0
29/7/19,AFRICA,Shopify,C4,New,48,8081.0
29/7/19,USA,Shopify,C2,New,227,35012.0
29/7/19,AFRICA,Shopify,F2,Existing,3669,737366.0
29/7/19,SOUTH AMERICA,Retail,null,New,1985,65687.0
29/7/19,CANADA,Retail,C1,Existing,53816,2294002.0
29/7/19,CANADA,Retail,C4,New,11529,376442.0
29/7/19,SOUTH AMERICA,Shopify,C4,Existing,6,1149.0
29/7/19,ASIA,Shopify,F2,Existing,2193,415389.0
29/7/19,ASIA,Shopify,null,New,310,49501.0
29/7/19,EUROPE,Retail,F2,New,1739,79253.0
29/7/19,USA,Shopify,null,New,184,29393.0
29/7/19,SOUTH AMERICA,Shopify,null,New,57,10364.0
29/7/19,CANADA,Shopify,null,New,110,18138.0
29/7/19,USA,Shopify,C4,Existing,149,25267.0
29/7/19,OCEANIA,Retail,C4,New,57422,1808609.0
29/7/19,EUROPE,Shopify,C4,New,2,403.0
29/7/19,USA,Shopify,C3,New,163,27405.0
29/7/19,CANADA,Retail,C2,New,13500,421084.0
29/7/19,OCEANIA,Shopify,null,New,506,79973.0
29/7/19,SOUTH AMERICA,Retail,C4,New,179,7045.0
29/7/19,CANADA,Shopify,C4,New,10,1244.0
29/7/19,CANADA,Shopify,null,Existing,88,15337.0
29/7/19,SOUTH AMERICA,Shopify,F3,New,1,113.0
29/7/19,USA,Retail,C4,New,16208,595076.0
29/7/19,EUROPE,Retail,F3,New,1744,74166.0
29/7/19,CANADA,Retail,C4,Existing,26399,1330944.0
29/7/19,EUROPE,Retail,F1,New,976,42802.0
29/7/19,SOUTH AMERICA,Shopify,null,Existing,24,4823.0
29/7/19,ASIA,Shopify,C2,New,330,44362.0
29/7/19,ASIA,Retail,F2,Existing,202686,10359047.0
29/7/19,AFRICA,Retail,C4,New,43659,1484010.0
29/7/19,SOUTH AMERICA,Retail,F2,Existing,959,47258.0
29/7/19,SOUTH AMERICA,Retail,C3,New,826,31421.0
29/7/19,OCEANIA,Retail,null,New,99952,3518686.0
29/7/19,EUROPE,Shopify,null,New,10,3859.0
29/7/19,SOUTH AMERICA,Shopify,C2,New,46,7048.0
29/7/19,EUROPE,Retail,null,Guest,107486,3699301.0
29/7/19,CANADA,Shopify,F3,New,28,5203.0
29/7/19,CANADA,Retail,C1,New,29247,765683.0
29/7/19,SOUTH AMERICA,Shopify,C1,Existing,56,10379.0
29/7/19,EUROPE,Retail,C1,New,4253,130851.0
29/7/19,SOUTH AMERICA,Shopify,F1,New,7,1157.0
29/7/19,AFRICA,Shopify,C4,Existing,330,57105.0
29/7/19,ASIA,Retail,C4,New,45589,1340301.0
29/7/19,EUROPE,Retail,C4,New,1545,62383.0
29/7/19,ASIA,Retail,F3,New,82010,2677124.0
29/7/19,ASIA,Retail,C1,New,115416,2578454.0
29/7/19,OCEANIA,Retail,C3,Existing,308403,15166197.0
29/7/19,EUROPE,Retail,null,Existing,2787,132271.0
29/7/19,EUROPE,Shopify,F1,Existing,119,29681.0
29/7/19,CANADA,Retail,C3,New,26011,929974.0
29/7/19,SOUTH AMERICA,Shopify,F2,New,11,1897.0
29/7/19,CANADA,Shopify,F1,Existing,665,121810.0
29/7/19,SOUTH AMERICA,Shopify,C3,Existing,89,16980.0
29/7/19,SOUTH AMERICA,Shopify,C3,New,21,3370.0
29/7/19,OCEANIA,Retail,C1,New,147028,3448124.0
29/7/19,OCEANIA,Shopify,F3,Existing,3045,621775.0
29/7/19,USA,Retail,F3,Existing,130807,8237305.0
29/7/19,USA,Retail,F2,Existing,88305,5417960.0
29/7/19,USA,Shopify,C1,Existing,694,123208.0
29/7/19,USA,Retail,null,New,25891,1109993.0
29/7/19,AFRICA,Retail,null,Guest,1637135,47247280.0
29/7/19,ASIA,Retail,C4,Existing,96261,4340965.0
29/7/19,AFRICA,Retail,C1,New,88260,2241005.0
29/7/19,EUROPE,Retail,C3,Existing,14339,807426.0
29/7/19,AFRICA,Shopify,C2,Existing,1992,379101.0
29/7/19,USA,Retail,C1,New,32413,916549.0
29/7/19,USA,Shopify,F3,Existing,924,198640.0
29/7/19,EUROPE,Retail,null,New,3831,166501.0
29/7/19,USA,Retail,C1,Existing,51946,2263308.0
29/7/19,EUROPE,Shopify,F3,New,2,527.0
29/7/19,CANADA,Shopify,F2,Existing,1095,206978.0
29/7/19,EUROPE,Shopify,C1,New,7,1188.0
29/7/19,SOUTH AMERICA,Retail,C4,Existing,269,13351.0
29/7/19,CANADA,Retail,null,New,17882,723776.0
29/7/19,USA,Shopify,C2,Existing,1251,259190.0
29/7/19,EUROPE,Shopify,F1,New,9,2035.0
29/7/19,AFRICA,Retail,null,New,71173,2823435.0
29/7/19,AFRICA,Retail,C3,New,100583,3614127.0
29/7/19,USA,Retail,null,Guest,552272,17359311.0
29/7/19,OCEANIA,Shopify,F2,New,410,70117.0
29/7/19,CANADA,Shopify,C1,New,77,10162.0
29/7/19,USA,Retail,F2,New,26481,1055682.0
29/7/19,OCEANIA,Shopify,F3,New,187,29576.0
29/7/19,CANADA,Shopify,F3,Existing,529,106324.0
29/7/19,OCEANIA,Shopify,F2,Existing,5169,1044085.0
29/7/19,ASIA,Retail,null,Existing,31628,1302856.0
29/7/19,CANADA,Shopify,C1,Existing,402,64594.0
29/7/19,OCEANIA,Retail,C3,New,135637,4460063.0
29/7/19,AFRICA,Shopify,null,Existing,287,54763.0
29/7/19,SOUTH AMERICA,Shopify,null,Guest,1146,214715.0
29/7/19,USA,Shopify,F3,New,48,8172.0
29/7/19,CANADA,Retail,F3,Existing,86586,5000208.0
29/7/19,ASIA,Retail,C2,New,75346,2027373.0
29/7/19,SOUTH AMERICA,Retail,F2,New,376,14547.0
29/7/19,EUROPE,Shopify,C4,Existing,13,4398.0
29/7/19,ASIA,Retail,C2,Existing,110522,4339665.0
29/7/19,OCEANIA,Shopify,null,Existing,513,95582.0
29/7/19,USA,Retail,C3,Existing,91291,5237254.0
29/7/19,CANADA,Shopify,F1,New,67,10625.0
29/7/19,OCEANIA,Shopify,C4,Existing,566,103091.0
29/7/19,CANADA,Shopify,C3,New,90,13732.0
29/7/19,EUROPE,Shopify,C2,New,21,3411.0
29/7/19,AFRICA,Retail,F2,Existing,260251,14711391.0
29/7/19,ASIA,Retail,F1,New,29672,985422.0
29/7/19,EUROPE,Retail,C2,Existing,8720,439267.0
29/7/19,USA,Shopify,F2,Existing,1800,361139.0
29/7/19,AFRICA,Retail,C2,Existing,102379,4517203.0
29/7/19,OCEANIA,Retail,F1,Existing,142905,7397950.0
29/7/19,EUROPE,Retail,C3,New,4022,173274.0
29/7/19,OCEANIA,Shopify,C1,Existing,2317,396327.0
29/7/19,SOUTH AMERICA,Retail,C1,Existing,2764,83055.0
29/7/19,AFRICA,Retail,C2,New,51588,1628638.0
29/7/19,CANADA,Shopify,C3,Existing,604,114156.0
29/7/19,AFRICA,Shopify,F3,New,100,15207.0
29/7/19,CANADA,Shopify,C2,New,100,15918.0
29/7/19,ASIA,Shopify,C3,New,223,32179.0
29/7/19,USA,Retail,C2,Existing,38114,1909859.0
29/7/19,USA,Shopify,C4,New,20,2668.0
29/7/19,AFRICA,Retail,F1,New,22849,856319.0
29/7/19,USA,Shopify,F1,Existing,1299,243886.0
29/7/19,EUROPE,Shopify,C1,Existing,100,23618.0
29/7/19,CANADA,Retail,C3,Existing,56284,2924334.0
29/7/19,ASIA,Shopify,null,Guest,3682,581427.0
29/7/19,AFRICA,Retail,F3,New,62685,2311949.0
29/7/19,ASIA,Shopify,null,Existing,263,46655.0
29/7/19,ASIA,Shopify,F3,Existing,1421,274631.0
29/7/19,OCEANIA,Shopify,F1,New,295,47103.0
29/7/19,CANADA,Retail,null,Existing,7669,377310.0
29/7/19,OCEANIA,Shopify,C3,New,425,68476.0
29/7/19,CANADA,Shopify,C4,Existing,77,14944.0
29/7/19,OCEANIA,Shopify,C3,Existing,3556,719720.0
29/7/19,AFRICA,Shopify,C1,Existing,1315,216120.0
29/7/19,AFRICA,Shopify,F3,Existing,1925,408410.0
29/7/19,OCEANIA,Retail,F2,Existing,321740,17699305.0
29/7/19,USA,Retail,F3,New,24942,998370.0
29/7/19,EUROPE,Retail,F2,Existing,13013,829556.0
29/7/19,ASIA,Shopify,F2,New,209,31935.0
29/7/19,ASIA,Shopify,C1,Existing,988,153151.0
29/7/19,ASIA,Retail,C1,Existing,160409,5516386.0
29/7/19,AFRICA,Shopify,null,New,284,49103.0
29/7/19,CANADA,Retail,F2,New,16374,619875.0
29/7/19,EUROPE,Shopify,F2,Existing,159,39796.0
29/7/19,EUROPE,Shopify,null,Guest,221,43133.0
29/7/19,SOUTH AMERICA,Retail,C1,New,2323,51861.0
29/7/19,AFRICA,Shopify,C2,New,283,45066.0
29/7/19,ASIA,Shopify,F3,New,87,13295.0
29/7/19,CANADA,Shopify,F2,New,88,14393.0
29/7/19,SOUTH AMERICA,Shopify,F1,Existing,60,13352.0
29/7/19,USA,Shopify,null,Guest,1932,353263.0
29/7/19,AFRICA,Retail,C3,Existing,262557,13524818.0
29/7/19,CANADA,Retail,C2,Existing,20603,934869.0
29/7/19,OCEANIA,Retail,C2,Existing,149079,5935553.0
29/7/19,SOUTH AMERICA,Retail,F3,Existing,1003,53464.0
29/7/19,SOUTH AMERICA,Retail,null,Existing,446,17673.0
29/7/19,AFRICA,Shopify,F1,New,190,27653.0
29/7/19,USA,Shopify,F1,New,135,20527.0
29/7/19,OCEANIA,Shopify,C2,New,623,94600.0
29/7/19,EUROPE,Retail,C1,Existing,13150,604981.0
29/7/19,USA,Retail,C2,New,23310,809765.0
29/7/19,SOUTH AMERICA,Retail,C2,New,675,21119.0
29/7/19,SOUTH AMERICA,Retail,C3,Existing,1089,53459.0
29/7/19,CANADA,Retail,F1,Existing,23979,1337975.0
29/7/19,OCEANIA,Shopify,null,Guest,7099,1252132.0
29/7/19,EUROPE,Retail,C2,New,2630,102408.0
29/7/19,SOUTH AMERICA,Retail,null,Guest,396297,16062381.0
29/7/19,OCEANIA,Retail,C4,Existing,138901,6927120.0
29/7/19,OCEANIA,Shopify,C2,Existing,3684,690295.0
29/7/19,USA,Retail,C4,Existing,36101,1973212.0
29/7/19,USA,Retail,C3,New,41245,1619544.0
29/7/19,ASIA,Shopify,C2,Existing,1709,307031.0
29/7/19,AFRICA,Retail,F1,Existing,96452,5359298.0
29/7/19,SOUTH AMERICA,Retail,F3,New,295,11328.0
29/7/19,USA,Shopify,F2,New,155,25439.0
29/7/19,AFRICA,Retail,C4,Existing,110233,5664273.0
29/7/19,EUROPE,Retail,F1,Existing,6299,392713.0
29/7/19,EUROPE,Retail,C4,Existing,4763,265148.0
29/7/19,EUROPE,Shopify,null,Existing,13,3016.0
29/7/19,ASIA,Shopify,C1,New,264,31827.0
29/7/19,ASIA,Shopify,F1,Existing,1657,284731.0
29/7/19,ASIA,Retail,C3,New,108292,3394521.0
29/7/19,CANADA,Shopify,null,Guest,1040,171564.0
29/7/19,CANADA,Retail,null,Guest,422024,11759218.0
29/7/19,SOUTH AMERICA,Retail,C2,Existing,801,29430.0
29/7/19,SOUTH AMERICA,Shopify,C4,New,2,229.0
29/7/19,ASIA,Retail,C3,Existing,216731,9993226.0
29/7/19,AFRICA,Retail,C1,Existing,167965,6456437.0
29/7/19,ASIA,Shopify,C3,Existing,1529,287561.0
29/7/19,SOUTH AMERICA,Shopify,C2,Existing,100,19206.0
29/7/19,ASIA,Shopify,C4,Existing,239,41370.0
29/7/19,EUROPE,Shopify,C3,Existing,122,38259.0
29/7/19,USA,Shopify,C3,Existing,1255,258016.0
29/7/19,OCEANIA,Retail,null,Guest,2486615,65493743.0
29/7/19,AFRICA,Shopify,C3,Existing,2020,398890.0
29/7/19,AFRICA,Retail,F3,Existing,379698,21785250.0
29/7/19,OCEANIA,Shopify,C1,New,391,49229.0
29/7/19,SOUTH AMERICA,Retail,F1,New,329,12676.0
29/7/19,ASIA,Retail,null,Guest,1929920,49290024.0
29/7/19,AFRICA,Shopify,null,Guest,3504,610367.0
29/7/19,OCEANIA,Retail,F3,New,100587,3486721.0
29/7/19,USA,Shopify,null,Existing,176,34676.0
29/7/19,OCEANIA,Retail,F3,Existing,511728,28540465.0
29/7/19,EUROPE,Shopify,F3,Existing,88,23952.0
29/7/19,CANADA,Shopify,C2,Existing,516,92110.0
29/7/19,ASIA,Retail,F3,Existing,363127,18674930.0
29/7/19,OCEANIA,Retail,F1,New,40257,1376544.0
29/7/19,SOUTH AMERICA,Shopify,C1,New,18,2317.0
29/7/19,CANADA,Retail,F3,New,17231,648076.0
29/7/19,OCEANIA,Retail,F2,New,86629,3096456.0
29/7/19,EUROPE,Shopify,F2,New,7,1161.0
29/7/19,OCEANIA,Retail,null,Existing,44159,1822351.0
29/7/19,ASIA,Retail,F1,Existing,89571,4512941.0
29/7/19,CANADA,Retail,F1,New,6706,256912.0
29/7/19,OCEANIA,Shopify,F1,Existing,3521,644023.0
29/7/19,AFRICA,Shopify,F2,New,234,36103.0
29/7/19,EUROPE,Shopify,C3,New,13,4004.0
29/7/19,ASIA,Shopify,C4,New,34,4608.0
29/7/19,USA,Retail,null,Existing,11762,602728.0
29/7/19,USA,Retail,F1,Existing,38414,2304606.0
29/7/19,SOUTH AMERICA,Retail,F1,Existing,683,31548.0
29/7/19,OCEANIA,Shopify,C4,New,82,13096.0
29/7/19,EUROPE,Shopify,C2,Existing,126,26825.0
29/7/19,OCEANIA,Retail,C2,New,94282,2589897.0
29/7/19,USA,Retail,F1,New,11156,448780.0
29/7/19,AFRICA,Shopify,F1,Existing,2110,385006.0
29/7/19,CANADA,Retail,F2,Existing,57234,3246731.0
29/7/19,OCEANIA,Retail,C1,Existing,229952,8499793.0
29/7/19,SOUTH AMERICA,Shopify,F3,Existing,27,5979.0
29/7/19,AFRICA,Shopify,C3,New,259,42705.0
29/7/19,ASIA,Retail,null,New,75710,2606886.0
29/7/19,ASIA,Shopify,F1,New,182,24072.0
29/7/19,ASIA,Retail,F2,New,66850,2218851.0
29/7/19,AFRICA,Retail,null,Existing,33084,1495783.0
29/7/19,SOUTH AMERICA,Shopify,F2,Existing,28,5903.0
22/7/19,AFRICA,Retail,C2,Existing,102101,4526979.0
22/7/19,EUROPE,Retail,C1,Existing,13369,627581.0
22/7/19,CANADA,Retail,C4,New,11662,378325.0
22/7/19,SOUTH AMERICA,Shopify,C4,Existing,8,1078.0
22/7/19,AFRICA,Retail,F1,New,23204,877741.0
22/7/19,ASIA,Shopify,C4,Existing,250,43521.0
22/7/19,ASIA,Retail,F3,Existing,365644,18742649.0
22/7/19,EUROPE,Shopify,F1,New,7,1336.0
22/7/19,USA,Retail,F2,New,26836,1088336.0
22/7/19,OCEANIA,Retail,null,Guest,2488882,66412269.0
22/7/19,EUROPE,Shopify,null,Guest,258,50867.0
22/7/19,EUROPE,Retail,C3,Existing,14693,838996.0
22/7/19,EUROPE,Shopify,F2,Existing,198,51784.0
22/7/19,USA,Shopify,F3,New,53,7928.0
22/7/19,ASIA,Retail,F2,New,66861,2215476.0
22/7/19,ASIA,Shopify,C1,New,240,28838.0
22/7/19,CANADA,Retail,null,New,17752,710558.0
22/7/19,EUROPE,Retail,F1,Existing,6303,388849.0
22/7/19,AFRICA,Retail,null,Guest,1638842,47535985.0
22/7/19,SOUTH AMERICA,Retail,C4,Existing,265,13119.0
22/7/19,OCEANIA,Retail,F2,New,87592,3152831.0
22/7/19,EUROPE,Shopify,F2,New,9,3091.0
22/7/19,SOUTH AMERICA,Shopify,null,Existing,25,4744.0
22/7/19,USA,Shopify,C1,New,160,21452.0
22/7/19,USA,Shopify,F2,Existing,1887,383349.0
22/7/19,AFRICA,Retail,F3,Existing,381633,22045852.0
22/7/19,USA,Retail,C1,New,32683,919857.0
22/7/19,ASIA,Retail,F1,Existing,89419,4405072.0
22/7/19,ASIA,Retail,F2,Existing,204527,10405211.0
22/7/19,ASIA,Shopify,C4,New,43,5348.0
22/7/19,EUROPE,Retail,F1,New,965,39699.0
22/7/19,AFRICA,Retail,C3,Existing,262390,13554212.0
22/7/19,AFRICA,Shopify,F2,Existing,3507,705198.0
22/7/19,SOUTH AMERICA,Retail,F2,Existing,1013,52745.0
22/7/19,CANADA,Retail,C1,New,29329,770541.0
22/7/19,SOUTH AMERICA,Shopify,C1,Existing,47,8758.0
22/7/19,EUROPE,Retail,C2,New,2744,107250.0
22/7/19,SOUTH AMERICA,Retail,C1,New,2447,55041.0
22/7/19,EUROPE,Retail,C3,New,4196,176750.0
22/7/19,SOUTH AMERICA,Shopify,null,New,64,11261.0
22/7/19,OCEANIA,Retail,F1,Existing,143958,7594960.0
22/7/19,EUROPE,Shopify,F1,Existing,138,32190.0
22/7/19,SOUTH AMERICA,Shopify,C2,New,35,5841.0
22/7/19,CANADA,Retail,C3,New,26168,912871.0
22/7/19,CANADA,Shopify,C4,Existing,70,13621.0
22/7/19,OCEANIA,Retail,F3,Existing,515295,29219630.0
22/7/19,EUROPE,Shopify,F3,Existing,107,27003.0
22/7/19,CANADA,Retail,F2,Existing,57889,3292863.0
22/7/19,CANADA,Shopify,C1,Existing,435,74949.0
22/7/19,ASIA,Retail,C4,Existing,96682,4354350.0
22/7/19,SOUTH AMERICA,Retail,C1,Existing,2771,81496.0
22/7/19,USA,Retail,null,New,25031,1087558.0
22/7/19,USA,Shopify,F1,New,147,22413.0
22/7/19,SOUTH AMERICA,Retail,C3,Existing,1036,51495.0
22/7/19,SOUTH AMERICA,Shopify,null,Guest,1054,203503.0
22/7/19,EUROPE,Shopify,null,Existing,21,4359.0
22/7/19,SOUTH AMERICA,Retail,F3,New,278,10823.0
22/7/19,USA,Retail,C4,New,16441,605712.0
22/7/19,OCEANIA,Shopify,F3,New,200,33348.0
22/7/19,OCEANIA,Retail,C4,Existing,138828,6940265.0
22/7/19,EUROPE,Shopify,C4,Existing,7,2196.0
22/7/19,ASIA,Retail,F3,New,82065,2679553.0
22/7/19,ASIA,Retail,C4,New,46081,1340380.0
22/7/19,AFRICA,Shopify,C3,Existing,2059,410279.0
22/7/19,USA,Retail,C2,Existing,38606,1947365.0
22/7/19,AFRICA,Retail,F1,Existing,96461,5381428.0
22/7/19,ASIA,Shopify,C3,New,232,32883.0
22/7/19,USA,Retail,C3,New,41910,1658726.0
22/7/19,CANADA,Retail,C2,Existing,20775,923969.0
22/7/19,CANADA,Shopify,C4,New,16,2618.0
22/7/19,OCEANIA,Shopify,F3,Existing,3076,632320.0
22/7/19,OCEANIA,Shopify,C4,Existing,595,109542.0
22/7/19,CANADA,Shopify,null,Existing,73,12265.0
22/7/19,USA,Shopify,C4,Existing,135,28146.0
22/7/19,AFRICA,Shopify,F3,New,94,16532.0
22/7/19,EUROPE,Retail,C2,Existing,8829,455841.0
22/7/19,CANADA,Shopify,C1,New,80,10437.0
22/7/19,CANADA,Retail,F3,Existing,87451,5051379.0
22/7/19,CANADA,Shopify,C2,Existing,548,100605.0
22/7/19,OCEANIA,Retail,F2,Existing,323684,18047626.0
22/7/19,OCEANIA,Shopify,C4,New,88,12846.0
22/7/19,SOUTH AMERICA,Shopify,C3,New,17,3583.0
22/7/19,EUROPE,Shopify,C4,New,2,175.0
22/7/19,ASIA,Retail,C3,New,108892,3371691.0
22/7/19,ASIA,Retail,null,Guest,1955568,49285386.0
22/7/19,OCEANIA,Shopify,C1,Existing,2403,417002.0
22/7/19,SOUTH AMERICA,Retail,C2,New,722,22581.0
22/7/19,SOUTH AMERICA,Shopify,F3,Existing,27,5852.0
22/7/19,USA,Shopify,C1,Existing,740,131891.0
22/7/19,USA,Shopify,C2,New,220,32738.0
22/7/19,AFRICA,Shopify,null,New,295,50642.0
22/7/19,CANADA,Shopify,F3,Existing,551,111283.0
22/7/19,AFRICA,Retail,C1,New,89010,2283622.0
22/7/19,SOUTH AMERICA,Shopify,F2,Existing,30,6276.0
22/7/19,ASIA,Retail,null,Existing,28987,1172481.0
22/7/19,AFRICA,Shopify,C2,New,311,47530.0
22/7/19,OCEANIA,Retail,C1,Existing,231543,8703933.0
22/7/19,EUROPE,Shopify,C1,Existing,111,24503.0
22/7/19,AFRICA,Retail,C3,New,100958,3629868.0
22/7/19,OCEANIA,Shopify,F1,New,371,57071.0
22/7/19,AFRICA,Retail,C4,Existing,110454,5707034.0
22/7/19,ASIA,Shopify,F3,Existing,1299,247690.0
22/7/19,ASIA,Retail,C2,New,76496,2031882.0
22/7/19,OCEANIA,Retail,C3,Existing,309759,15400050.0
22/7/19,ASIA,Shopify,C2,Existing,1630,288087.0
22/7/19,CANADA,Retail,C2,New,13537,419116.0
22/7/19,SOUTH AMERICA,Shopify,C2,Existing,96,17992.0
22/7/19,USA,Shopify,null,Existing,181,34509.0
22/7/19,CANADA,Shopify,F1,New,62,8780.0
22/7/19,USA,Retail,F2,Existing,89481,5556108.0
22/7/19,USA,Shopify,C4,New,24,3634.0
22/7/19,SOUTH AMERICA,Shopify,F3,New,4,695.0
22/7/19,OCEANIA,Shopify,null,Existing,478,87274.0
22/7/19,AFRICA,Shopify,F2,New,225,35606.0
22/7/19,SOUTH AMERICA,Retail,C4,New,175,6689.0
22/7/19,EUROPE,Retail,F3,New,1830,78749.0
22/7/19,EUROPE,Retail,F3,Existing,17729,1124504.0
22/7/19,ASIA,Retail,F1,New,29567,968735.0
22/7/19,OCEANIA,Retail,C1,New,148745,3556153.0
22/7/19,EUROPE,Shopify,C1,New,8,1613.0
22/7/19,OCEANIA,Shopify,null,New,521,85410.0
22/7/19,SOUTH AMERICA,Retail,null,Guest,396812,16254939.0
22/7/19,ASIA,Shopify,F1,Existing,1665,290589.0
22/7/19,OCEANIA,Retail,F3,New,100336,3525603.0
22/7/19,ASIA,Retail,null,New,74578,2565271.0
22/7/19,EUROPE,Shopify,F3,New,4,1114.0
22/7/19,OCEANIA,Shopify,C1,New,428,54350.0
22/7/19,SOUTH AMERICA,Retail,C2,Existing,762,31249.0
22/7/19,SOUTH AMERICA,Shopify,F1,Existing,58,12780.0
22/7/19,CANADA,Retail,C4,Existing,26377,1336173.0
22/7/19,USA,Retail,F3,Existing,131684,8378308.0
22/7/19,USA,Shopify,C2,Existing,1235,245781.0
22/7/19,EUROPE,Retail,null,Guest,109406,3841812.0
22/7/19,CANADA,Shopify,F3,New,36,5658.0
22/7/19,AFRICA,Shopify,F1,Existing,2126,389395.0
22/7/19,AFRICA,Retail,F3,New,62963,2350406.0
22/7/19,CANADA,Retail,F2,New,16901,635490.0
22/7/19,OCEANIA,Retail,C2,New,95838,2665194.0
22/7/19,USA,Retail,F1,New,11029,440109.0
22/7/19,EUROPE,Shopify,C2,New,19,3243.0
22/7/19,SOUTH AMERICA,Shopify,F2,New,11,2075.0
22/7/19,USA,Retail,C4,Existing,36248,1998934.0
22/7/19,AFRICA,Retail,F2,New,62931,2315934.0
22/7/19,CANADA,Shopify,C2,New,90,13185.0
22/7/19,ASIA,Shopify,F2,Existing,2128,405309.0
22/7/19,AFRICA,Shopify,C1,New,234,29968.0
22/7/19,CANADA,Retail,F1,New,6890,263959.0
22/7/19,SOUTH AMERICA,Retail,null,Existing,414,16147.0
22/7/19,AFRICA,Shopify,C4,Existing,338,60026.0
22/7/19,SOUTH AMERICA,Retail,null,New,1957,67069.0
22/7/19,ASIA,Shopify,F3,New,92,13562.0
22/7/19,AFRICA,Shopify,null,Existing,266,50446.0
22/7/19,ASIA,Retail,C2,Existing,110615,4294582.0
22/7/19,EUROPE,Shopify,C3,New,20,4450.0
22/7/19,USA,Shopify,null,New,216,38702.0
22/7/19,CANADA,Shopify,C3,New,92,12400.0
22/7/19,OCEANIA,Shopify,C3,Existing,3700,738196.0
22/7/19,OCEANIA,Retail,C4,New,56936,1799003.0
22/7/19,AFRICA,Retail,C1,Existing,167327,6470747.0
22/7/19,ASIA,Shopify,C1,Existing,909,144184.0
22/7/19,AFRICA,Shopify,C2,Existing,1907,363872.0
22/7/19,OCEANIA,Shopify,C2,New,649,98269.0
22/7/19,USA,Shopify,F3,Existing,966,201627.0
22/7/19,SOUTH AMERICA,Shopify,F1,New,9,1482.0
22/7/19,CANADA,Shopify,C3,Existing,636,116693.0
22/7/19,USA,Retail,C1,Existing,52567,2289166.0
22/7/19,USA,Shopify,C3,New,167,26434.0
22/7/19,EUROPE,Retail,F2,New,1825,84681.0
22/7/19,EUROPE,Retail,C4,Existing,4955,275568.0
22/7/19,USA,Shopify,null,Guest,1884,335889.0
22/7/19,OCEANIA,Shopify,F1,Existing,3801,690242.0
22/7/19,OCEANIA,Retail,null,Existing,40588,1695476.0
22/7/19,SOUTH AMERICA,Retail,F3,Existing,1029,53356.0
22/7/19,ASIA,Shopify,null,New,315,45877.0
22/7/19,OCEANIA,Shopify,C3,New,458,73311.0
22/7/19,CANADA,Retail,null,Existing,6952,341066.0
22/7/19,AFRICA,Retail,null,New,69827,2800026.0
22/7/19,EUROPE,Shopify,C3,Existing,130,39715.0
22/7/19,OCEANIA,Retail,null,New,97196,3509915.0
22/7/19,EUROPE,Shopify,null,New,16,4515.0
22/7/19,SOUTH AMERICA,Retail,C3,New,775,29400.0
22/7/19,EUROPE,Retail,C4,New,1638,66551.0
22/7/19,USA,Retail,F3,New,24893,1011656.0
22/7/19,CANADA,Shopify,null,Guest,1001,165706.0
22/7/19,EUROPE,Retail,F2,Existing,13128,876985.0
22/7/19,CANADA,Retail,C1,Existing,54773,2348390.0
22/7/19,ASIA,Retail,C3,Existing,216710,9924905.0
22/7/19,EUROPE,Retail,null,New,3779,170157.0
22/7/19,CANADA,Shopify,F2,Existing,972,189485.0
22/7/19,AFRICA,Retail,null,Existing,30221,1378004.0
22/7/19,USA,Retail,C3,Existing,92330,5333539.0
22/7/19,AFRICA,Shopify,C3,New,240,40958.0
22/7/19,ASIA,Shopify,F1,New,199,26818.0
22/7/19,AFRICA,Shopify,F3,Existing,1860,386872.0
22/7/19,CANADA,Retail,F3,New,16994,638070.0
22/7/19,OCEANIA,Retail,C3,New,135538,4479728.0
22/7/19,AFRICA,Retail,C2,New,51728,1628626.0
22/7/19,OCEANIA,Shopify,null,Guest,7127,1258272.0
22/7/19,CANADA,Retail,F1,Existing,24662,1382521.0
22/7/19,USA,Retail,C2,New,23728,831248.0
22/7/19,USA,Shopify,F2,New,164,26772.0
22/7/19,SOUTH AMERICA,Retail,F1,Existing,675,32004.0
22/7/19,USA,Retail,null,Existing,10791,550690.0
22/7/19,USA,Shopify,C3,Existing,1304,270798.0
22/7/19,ASIA,Retail,C1,Existing,161549,5478245.0
22/7/19,AFRICA,Shopify,F1,New,201,30958.0
22/7/19,ASIA,Retail,C1,New,117215,2584911.0
22/7/19,USA,Retail,null,Guest,553353,17661892.0
22/7/19,EUROPE,Retail,null,Existing,2620,129187.0
22/7/19,ASIA,Shopify,F2,New,235,32550.0
22/7/19,AFRICA,Retail,F2,Existing,260126,14823083.0
22/7/19,AFRICA,Shopify,C4,New,47,7018.0
22/7/19,ASIA,Shopify,null,Existing,241,41543.0
22/7/19,SOUTH AMERICA,Retail,F2,New,400,17199.0
22/7/19,SOUTH AMERICA,Shopify,C1,New,19,2812.0
22/7/19,SOUTH AMERICA,Shopify,C3,Existing,75,15005.0
22/7/19,OCEANIA,Retail,F1,New,40210,1389966.0
22/7/19,CANADA,Shopify,null,New,112,19723.0
22/7/19,CANADA,Retail,null,Guest,430412,11946307.0
22/7/19,SOUTH AMERICA,Retail,F1,New,338,14092.0
22/7/19,ASIA,Shopify,C2,New,333,44465.0
22/7/19,CANADA,Shopify,F1,Existing,653,117436.0
22/7/19,AFRICA,Retail,C4,New,43652,1478999.0
22/7/19,EUROPE,Retail,C1,New,4364,139527.0
22/7/19,CANADA,Shopify,F2,New,88,13124.0
22/7/19,OCEANIA,Shopify,C2,Existing,3685,686583.0
22/7/19,USA,Shopify,F1,Existing,1408,264055.0
22/7/19,OCEANIA,Shopify,F2,New,459,73023.0
22/7/19,OCEANIA,Retail,C2,Existing,150515,6064411.0
22/7/19,USA,Retail,F1,Existing,38479,2328662.0
22/7/19,EUROPE,Shopify,C2,Existing,142,32462.0
22/7/19,AFRICA,Shopify,null,Guest,3542,629680.0
22/7/19,CANADA,Retail,C3,Existing,56456,2926332.0
22/7/19,ASIA,Shopify,null,Guest,3313,551208.0
22/7/19,ASIA,Shopify,C3,Existing,1506,292625.0
22/7/19,SOUTH AMERICA,Shopify,C4,New,2,271.0
22/7/19,OCEANIA,Shopify,F2,Existing,5321,1078062.0
22/7/19,AFRICA,Shopify,C1,Existing,1321,216410.0
15/7/19,AFRICA,Shopify,C3,Existing,2004,395391.0
15/7/19,SOUTH AMERICA,Retail,C4,New,167,6452.0
15/7/19,AFRICA,Retail,F3,Existing,382038,21931261.0
15/7/19,EUROPE,Shopify,C2,Existing,124,35720.0
15/7/19,EUROPE,Retail,null,Guest,108528,3736883.0
15/7/19,OCEANIA,Retail,F3,Existing,512492,28669662.0
15/7/19,USA,Shopify,F2,New,167,28175.0
15/7/19,ASIA,Shopify,F2,Existing,2081,400470.0
15/7/19,OCEANIA,Retail,C2,Existing,150034,5993040.0
15/7/19,USA,Retail,F1,Existing,39027,2336275.0
15/7/19,OCEANIA,Shopify,C4,New,77,10700.0
15/7/19,CANADA,Retail,F2,Existing,55828,3252192.0
15/7/19,CANADA,Shopify,C4,Existing,70,13927.0
15/7/19,ASIA,Retail,C3,Existing,214722,9852932.0
15/7/19,SOUTH AMERICA,Shopify,C2,New,36,6371.0
15/7/19,AFRICA,Shopify,F1,Existing,2112,392422.0
15/7/19,AFRICA,Shopify,C2,Existing,1885,358958.0
15/7/19,USA,Retail,C3,New,41399,1625310.0
15/7/19,EUROPE,Retail,F3,Existing,17633,1086384.0
15/7/19,AFRICA,Retail,C2,Existing,102286,4502757.0
15/7/19,AFRICA,Shopify,C4,New,41,5770.0
15/7/19,EUROPE,Shopify,F3,Existing,100,27956.0
15/7/19,USA,Retail,C4,New,16641,605739.0
15/7/19,CANADA,Shopify,null,New,100,18154.0
15/7/19,ASIA,Retail,null,Guest,1921784,48712716.0
15/7/19,SOUTH AMERICA,Shopify,C1,New,17,3018.0
15/7/19,USA,Shopify,C1,New,137,18710.0
15/7/19,CANADA,Shopify,null,Existing,62,10715.0
15/7/19,CANADA,Shopify,C4,New,14,1755.0
15/7/19,EUROPE,Retail,F3,New,1802,75820.0
15/7/19,USA,Retail,F2,New,26915,1068561.0
15/7/19,AFRICA,Retail,null,Existing,27644,1266808.0
15/7/19,USA,Retail,C2,Existing,38782,1921382.0
15/7/19,USA,Shopify,C4,New,24,3420.0
15/7/19,AFRICA,Retail,F1,New,23387,879683.0
15/7/19,OCEANIA,Retail,F2,New,86857,3095462.0
15/7/19,SOUTH AMERICA,Shopify,F3,New,2,198.0
15/7/19,CANADA,Shopify,F3,New,28,3762.0
15/7/19,USA,Retail,F2,Existing,89287,5443264.0
15/7/19,EUROPE,Retail,C3,New,4343,182338.0
15/7/19,AFRICA,Retail,F3,New,63563,2356991.0
15/7/19,CANADA,Retail,C4,Existing,26221,1315077.0
15/7/19,ASIA,Shopify,F1,Existing,1659,286008.0
15/7/19,OCEANIA,Retail,null,Guest,2461890,64938223.0
15/7/19,EUROPE,Shopify,null,Guest,213,40850.0
15/7/19,AFRICA,Retail,C4,New,43960,1500998.0
15/7/19,AFRICA,Shopify,null,New,290,48296.0
15/7/19,CANADA,Shopify,C1,Existing,414,66534.0
15/7/19,SOUTH AMERICA,Shopify,C1,Existing,55,10981.0
15/7/19,EUROPE,Retail,C4,Existing,4941,273349.0
15/7/19,ASIA,Retail,C2,Existing,109908,4275966.0
15/7/19,ASIA,Shopify,C4,New,47,7066.0
15/7/19,CANADA,Shopify,C2,New,103,14361.0
15/7/19,ASIA,Shopify,C4,Existing,221,37195.0
15/7/19,EUROPE,Shopify,F2,New,6,812.0
15/7/19,EUROPE,Shopify,null,New,14,3871.0
15/7/19,OCEANIA,Shopify,F3,New,207,32171.0
15/7/19,CANADA,Retail,C2,New,13597,428640.0
15/7/19,SOUTH AMERICA,Shopify,C2,Existing,82,15706.0
15/7/19,OCEANIA,Retail,C3,Existing,309061,15233402.0
15/7/19,EUROPE,Shopify,C3,Existing,150,54415.0
15/7/19,CANADA,Shopify,F2,Existing,1034,203795.0
15/7/19,OCEANIA,Shopify,F2,Existing,5031,1016537.0
15/7/19,OCEANIA,Shopify,F1,Existing,3617,660564.0
15/7/19,EUROPE,Shopify,C3,New,15,1931.0
15/7/19,EUROPE,Retail,F1,New,1057,45898.0
15/7/19,EUROPE,Retail,C2,Existing,8786,426115.0
15/7/19,OCEANIA,Retail,C4,New,57405,1816337.0
15/7/19,EUROPE,Shopify,C4,New,2,258.0
15/7/19,OCEANIA,Retail,F1,Existing,143976,7530164.0
15/7/19,OCEANIA,Shopify,null,New,509,80380.0
15/7/19,ASIA,Retail,F2,Existing,201381,10226530.0
15/7/19,USA,Retail,C1,New,32862,916284.0
15/7/19,ASIA,Retail,F1,Existing,88952,4420108.0
15/7/19,ASIA,Shopify,C1,Existing,934,145792.0
15/7/19,AFRICA,Retail,null,Guest,1636738,47203905.0
15/7/19,USA,Shopify,null,New,155,28479.0
15/7/19,USA,Shopify,C2,Existing,1217,248110.0
15/7/19,AFRICA,Shopify,F3,New,100,17208.0
15/7/19,EUROPE,Retail,null,New,3605,157646.0
15/7/19,USA,Retail,C1,Existing,52646,2283775.0
15/7/19,EUROPE,Retail,F2,New,1845,83289.0
15/7/19,CANADA,Retail,F2,New,16561,633929.0
15/7/19,CANADA,Shopify,C1,New,92,12496.0
15/7/19,SOUTH AMERICA,Shopify,F2,Existing,25,6052.0
15/7/19,AFRICA,Retail,F1,Existing,96347,5410875.0
15/7/19,ASIA,Retail,F2,New,66230,2149130.0
15/7/19,AFRICA,Retail,C3,Existing,263337,13530015.0
15/7/19,CANADA,Shopify,C2,Existing,514,94556.0
15/7/19,ASIA,Shopify,C1,New,243,28870.0
15/7/19,OCEANIA,Shopify,F2,New,474,77500.0
15/7/19,USA,Shopify,F1,New,151,22962.0
15/7/19,EUROPE,Retail,null,Existing,2449,114998.0
15/7/19,AFRICA,Shopify,C4,Existing,342,62534.0
15/7/19,ASIA,Shopify,null,Existing,220,36511.0
15/7/19,ASIA,Retail,C1,Existing,159306,5447023.0
15/7/19,CANADA,Shopify,F3,Existing,517,103666.0
15/7/19,USA,Retail,C2,New,23975,827767.0
15/7/19,ASIA,Shopify,F1,New,205,27796.0
15/7/19,ASIA,Retail,C2,New,75375,2014117.0
15/7/19,CANADA,Shopify,F2,New,92,14172.0
15/7/19,USA,Retail,C3,Existing,92576,5241340.0
15/7/19,OCEANIA,Shopify,C1,Existing,2265,383109.0
15/7/19,EUROPE,Shopify,F2,Existing,179,45371.0
15/7/19,ASIA,Retail,F3,Existing,364620,18652776.0
15/7/19,OCEANIA,Retail,F1,New,40296,1411216.0
15/7/19,CANADA,Shopify,C3,Existing,614,114124.0
15/7/19,EUROPE,Shopify,F1,New,10,2153.0
15/7/19,OCEANIA,Shopify,C1,New,386,47748.0
15/7/19,EUROPE,Retail,C3,Existing,14647,820024.0
15/7/19,SOUTH AMERICA,Shopify,null,New,55,10359.0
15/7/19,USA,Shopify,F2,Existing,1710,343774.0
15/7/19,SOUTH AMERICA,Retail,F3,Existing,1051,53403.0
15/7/19,USA,Shopify,C3,New,167,28017.0
15/7/19,CANADA,Retail,null,Existing,6171,306032.0
15/7/19,ASIA,Retail,F1,New,29956,992465.0
15/7/19,CANADA,Retail,F3,Existing,86477,5000854.0
15/7/19,USA,Shopify,C2,New,225,34700.0
15/7/19,OCEANIA,Shopify,C3,Existing,3519,705713.0
15/7/19,CANADA,Retail,C1,New,28929,761604.0
15/7/19,SOUTH AMERICA,Retail,F2,Existing,1017,53046.0
15/7/19,SOUTH AMERICA,Shopify,C4,New,4,856.0
15/7/19,SOUTH AMERICA,Retail,F1,Existing,678,34183.0
15/7/19,ASIA,Shopify,null,New,322,44006.0
15/7/19,EUROPE,Shopify,F1,Existing,127,28569.0
15/7/19,SOUTH AMERICA,Retail,C3,Existing,980,48554.0
15/7/19,AFRICA,Retail,F2,New,63147,2354734.0
15/7/19,CANADA,Retail,C4,New,11364,367973.0
15/7/19,USA,Shopify,C4,Existing,128,23955.0
15/7/19,AFRICA,Shopify,F2,Existing,3497,703079.0
15/7/19,AFRICA,Shopify,F3,Existing,1810,377250.0
15/7/19,ASIA,Shopify,C3,New,234,35351.0
15/7/19,SOUTH AMERICA,Shopify,C3,Existing,85,17138.0
15/7/19,OCEANIA,Retail,C1,New,146257,3469471.0
15/7/19,EUROPE,Shopify,C1,New,14,3101.0
15/7/19,OCEANIA,Retail,C3,New,135389,4478124.0
15/7/19,SOUTH AMERICA,Retail,C4,Existing,284,13037.0
15/7/19,CANADA,Retail,C3,Existing,56391,2909544.0
15/7/19,ASIA,Shopify,F3,New,105,15153.0
15/7/19,SOUTH AMERICA,Shopify,F1,New,8,1336.0
15/7/19,SOUTH AMERICA,Retail,C1,Existing,2727,84609.0
15/7/19,ASIA,Shopify,C2,New,377,51587.0
15/7/19,SOUTH AMERICA,Shopify,null,Existing,20,3335.0
15/7/19,EUROPE,Retail,C2,New,2635,99511.0
15/7/19,SOUTH AMERICA,Retail,null,New,2018,64917.0
15/7/19,AFRICA,Shopify,null,Guest,3319,569393.0
15/7/19,AFRICA,Retail,C1,New,90914,2361759.0
15/7/19,OCEANIA,Shopify,F3,Existing,2995,618777.0
15/7/19,ASIA,Retail,C4,Existing,96042,4288627.0
15/7/19,CANADA,Retail,null,New,16930,685302.0
15/7/19,CANADA,Shopify,null,Guest,1038,178163.0
15/7/19,SOUTH AMERICA,Retail,F3,New,278,12065.0
15/7/19,OCEANIA,Shopify,C3,New,457,73122.0
15/7/19,SOUTH AMERICA,Retail,C2,Existing,737,29816.0
15/7/19,CANADA,Retail,F1,Existing,24481,1372834.0
15/7/19,USA,Shopify,F3,New,66,9441.0
15/7/19,USA,Retail,null,Existing,10024,501126.0
15/7/19,SOUTH AMERICA,Shopify,F3,Existing,29,5696.0
15/7/19,SOUTH AMERICA,Retail,F2,New,382,14819.0
15/7/19,AFRICA,Shopify,C1,Existing,1259,211858.0
15/7/19,CANADA,Shopify,F1,Existing,648,119749.0
15/7/19,OCEANIA,Retail,C1,Existing,230325,8573063.0
15/7/19,EUROPE,Retail,F2,Existing,12782,833937.0
15/7/19,SOUTH AMERICA,Shopify,C3,New,24,3541.0
15/7/19,EUROPE,Shopify,C1,Existing,87,19993.0
15/7/19,AFRICA,Retail,null,New,67385,2691788.0
15/7/19,OCEANIA,Shopify,null,Existing,408,76994.0
15/7/19,EUROPE,Retail,C4,New,1666,69750.0
15/7/19,USA,Shopify,C1,Existing,713,125177.0
15/7/19,SOUTH AMERICA,Retail,F1,New,304,12368.0
15/7/19,AFRICA,Shopify,C3,New,254,41277.0
15/7/19,ASIA,Shopify,null,Guest,3414,549566.0
15/7/19,AFRICA,Shopify,F1,New,198,29905.0
15/7/19,OCEANIA,Shopify,null,Guest,7015,1223096.0
15/7/19,CANADA,Shopify,C3,New,91,13419.0
15/7/19,AFRICA,Retail,F2,Existing,261000,14832181.0
15/7/19,ASIA,Retail,C1,New,114633,2572313.0
15/7/19,ASIA,Retail,C4,New,45650,1330452.0
15/7/19,SOUTH AMERICA,Retail,C1,New,2453,56930.0
15/7/19,OCEANIA,Shopify,C2,New,630,95424.0
15/7/19,OCEANIA,Shopify,C2,Existing,3653,678388.0
15/7/19,USA,Shopify,F1,Existing,1317,248451.0
15/7/19,AFRICA,Retail,C3,New,100925,3647160.0
15/7/19,USA,Retail,F3,Existing,131240,8158867.0
15/7/19,OCEANIA,Shopify,C4,Existing,602,113369.0
15/7/19,ASIA,Retail,null,New,71467,2484573.0
15/7/19,EUROPE,Retail,F1,Existing,6332,394062.0
15/7/19,CANADA,Retail,C2,Existing,20587,919355.0
15/7/19,OCEANIA,Retail,C4,Existing,138993,6923940.0
15/7/19,CANADA,Retail,C3,New,25985,919097.0
15/7/19,USA,Shopify,C3,Existing,1192,243826.0
15/7/19,EUROPE,Shopify,C4,Existing,15,3725.0
15/7/19,OCEANIA,Retail,null,Existing,36345,1524188.0
15/7/19,ASIA,Retail,null,Existing,25964,1067387.0
15/7/19,CANADA,Retail,null,Guest,423869,11765771.0
15/7/19,OCEANIA,Retail,null,New,93371,3376392.0
15/7/19,OCEANIA,Shopify,F1,New,352,52222.0
15/7/19,ASIA,Shopify,F3,Existing,1382,264977.0
15/7/19,AFRICA,Retail,C1,Existing,167553,6473394.0
15/7/19,SOUTH AMERICA,Retail,null,Guest,391016,15994888.0
15/7/19,ASIA,Shopify,F2,New,228,33479.0
15/7/19,CANADA,Retail,C1,Existing,53934,2288240.0
15/7/19,EUROPE,Retail,C1,New,4466,137245.0
15/7/19,USA,Retail,F3,New,25039,989179.0
15/7/19,ASIA,Shopify,C2,Existing,1730,305504.0
15/7/19,SOUTH AMERICA,Shopify,C4,Existing,5,524.0
15/7/19,CANADA,Retail,F1,New,6763,251388.0
15/7/19,SOUTH AMERICA,Shopify,F1,Existing,55,12295.0
15/7/19,EUROPE,Shopify,F3,New,3,491.0
15/7/19,SOUTH AMERICA,Retail,null,Existing,416,16381.0
15/7/19,OCEANIA,Retail,F3,New,99531,3461956.0
15/7/19,USA,Retail,null,New,24081,1039654.0
15/7/19,AFRICA,Shopify,C1,New,213,27100.0
15/7/19,AFRICA,Retail,C4,Existing,110830,5708878.0
15/7/19,ASIA,Retail,F3,New,80938,2630639.0
15/7/19,USA,Shopify,F3,Existing,891,180584.0
15/7/19,AFRICA,Shopify,null,Existing,215,42447.0
15/7/19,ASIA,Shopify,C3,Existing,1497,283584.0
15/7/19,OCEANIA,Retail,F2,Existing,320394,17752271.0
15/7/19,OCEANIA,Retail,C2,New,94994,2607676.0
15/7/19,USA,Retail,F1,New,11465,463863.0
15/7/19,EUROPE,Shopify,C2,New,13,3999.0
15/7/19,USA,Retail,C4,Existing,36354,1975874.0
15/7/19,USA,Shopify,null,Existing,154,27082.0
15/7/19,SOUTH AMERICA,Shopify,F2,New,9,1553.0
15/7/19,SOUTH AMERICA,Retail,C3,New,790,30232.0
15/7/19,ASIA,Retail,C3,New,108073,3375078.0
15/7/19,AFRICA,Shopify,C2,New,310,48728.0
15/7/19,USA,Retail,null,Guest,552671,17341993.0
15/7/19,CANADA,Retail,F3,New,16553,621054.0
15/7/19,SOUTH AMERICA,Retail,C2,New,692,22023.0
15/7/19,EUROPE,Retail,C1,Existing,13406,614547.0
15/7/19,AFRICA,Retail,C2,New,51916,1633350.0
15/7/19,AFRICA,Shopify,F2,New,250,40697.0
15/7/19,CANADA,Shopify,F1,New,63,9872.0
15/7/19,USA,Shopify,null,Guest,1813,336802.0
15/7/19,SOUTH AMERICA,Shopify,null,Guest,1023,197987.0
15/7/19,EUROPE,Shopify,null,Existing,17,3268.0
8/7/19,AFRICA,Shopify,C1,Existing,1286,211117.0
8/7/19,CANADA,Retail,C1,Existing,52959,2271810.0
8/7/19,ASIA,Shopify,F3,New,74,11376.0
8/7/19,OCEANIA,Shopify,C4,Existing,585,104261.0
8/7/19,CANADA,Retail,null,New,17653,730522.0
8/7/19,SOUTH AMERICA,Shopify,null,Existing,23,4104.0
8/7/19,EUROPE,Retail,F1,New,955,42517.0
8/7/19,OCEANIA,Retail,C1,New,143427,3422911.0
8/7/19,SOUTH AMERICA,Retail,F3,New,307,11102.0
8/7/19,SOUTH AMERICA,Shopify,C1,Existing,50,10064.0
8/7/19,SOUTH AMERICA,Retail,null,New,2166,74991.0
8/7/19,SOUTH AMERICA,Shopify,C2,New,45,8535.0
8/7/19,CANADA,Retail,C1,New,28497,760068.0
8/7/19,ASIA,Retail,F2,Existing,198442,10482753.0
8/7/19,ASIA,Shopify,C4,New,29,3178.0
8/7/19,CANADA,Shopify,F3,New,44,6788.0
8/7/19,OCEANIA,Shopify,null,New,545,88931.0
8/7/19,USA,Retail,C4,New,16397,600329.0
8/7/19,USA,Shopify,C2,Existing,1224,250538.0
8/7/19,CANADA,Shopify,F3,Existing,483,92637.0
8/7/19,OCEANIA,Shopify,F3,New,183,28692.0
8/7/19,ASIA,Shopify,null,New,303,43673.0
8/7/19,AFRICA,Shopify,C4,Existing,315,59478.0
8/7/19,CANADA,Shopify,null,Existing,73,13044.0
8/7/19,ASIA,Retail,C1,Existing,158950,5427710.0
8/7/19,AFRICA,Shopify,F1,New,180,27681.0
8/7/19,AFRICA,Retail,null,New,71123,2855752.0
8/7/19,USA,Shopify,F3,New,55,8731.0
8/7/19,SOUTH AMERICA,Shopify,F3,New,2,274.0
8/7/19,OCEANIA,Retail,C1,Existing,229305,8632008.0
8/7/19,SOUTH AMERICA,Shopify,C3,New,20,3841.0
8/7/19,EUROPE,Shopify,C4,New,2,430.0
8/7/19,EUROPE,Shopify,F2,Existing,179,42736.0
8/7/19,ASIA,Retail,C2,New,74984,2016572.0
8/7/19,CANADA,Retail,C2,New,13230,416030.0
8/7/19,CANADA,Retail,C3,New,26256,945051.0
8/7/19,OCEANIA,Shopify,null,Existing,473,89057.0
8/7/19,AFRICA,Shopify,C2,New,284,43462.0
8/7/19,EUROPE,Retail,F3,Existing,17528,1106851.0
8/7/19,ASIA,Retail,C4,Existing,96999,4396610.0
8/7/19,SOUTH AMERICA,Retail,C1,Existing,2684,78888.0
8/7/19,AFRICA,Shopify,F3,New,106,16247.0
8/7/19,OCEANIA,Retail,C4,Existing,140109,6969368.0
8/7/19,SOUTH AMERICA,Shopify,C3,Existing,80,15927.0
8/7/19,EUROPE,Shopify,C4,Existing,6,1086.0
8/7/19,OCEANIA,Shopify,C4,New,78,10239.0
8/7/19,SOUTH AMERICA,Retail,C4,New,193,7489.0
8/7/19,OCEANIA,Retail,F2,Existing,314956,18037839.0
8/7/19,OCEANIA,Shopify,C1,Existing,2228,383957.0
8/7/19,SOUTH AMERICA,Retail,C2,New,753,22993.0
8/7/19,USA,Retail,C4,Existing,36596,2006754.0
8/7/19,SOUTH AMERICA,Retail,C4,Existing,292,14210.0
8/7/19,SOUTH AMERICA,Shopify,F3,Existing,29,5964.0
8/7/19,USA,Retail,null,New,25536,1119373.0
8/7/19,CANADA,Shopify,C2,Existing,520,94216.0
8/7/19,USA,Retail,C1,Existing,52698,2281688.0
8/7/19,CANADA,Shopify,F2,New,74,13038.0
8/7/19,USA,Shopify,null,Existing,167,30068.0
8/7/19,CANADA,Shopify,F1,New,75,12165.0
8/7/19,USA,Shopify,null,New,189,37203.0
8/7/19,AFRICA,Retail,F2,New,63469,2372721.0
8/7/19,SOUTH AMERICA,Shopify,C2,Existing,78,14968.0
8/7/19,OCEANIA,Retail,F3,New,99593,3505355.0
8/7/19,ASIA,Retail,null,New,75419,2660454.0
8/7/19,EUROPE,Shopify,F3,New,6,921.0
8/7/19,CANADA,Retail,F3,Existing,83964,4837455.0
8/7/19,SOUTH AMERICA,Shopify,F1,New,6,1167.0
8/7/19,ASIA,Retail,C1,New,111778,2489907.0
8/7/19,EUROPE,Retail,null,Guest,109262,3796656.0
8/7/19,USA,Retail,C2,Existing,38583,1932743.0
8/7/19,EUROPE,Shopify,C2,New,21,3732.0
8/7/19,OCEANIA,Retail,C3,Existing,311024,15396567.0
8/7/19,AFRICA,Retail,F2,Existing,264543,15220097.0
8/7/19,EUROPE,Retail,F2,New,1743,83560.0
8/7/19,EUROPE,Shopify,C1,New,9,1983.0
8/7/19,AFRICA,Shopify,C1,New,210,28527.0
8/7/19,CANADA,Shopify,null,Guest,942,161434.0
8/7/19,USA,Shopify,C1,Existing,755,140091.0
8/7/19,EUROPE,Retail,C3,Existing,14478,812411.0
8/7/19,ASIA,Shopify,C3,New,229,33665.0
8/7/19,AFRICA,Retail,C4,Existing,110275,5623154.0
8/7/19,OCEANIA,Retail,C2,Existing,149432,6028685.0
8/7/19,USA,Retail,F1,Existing,38911,2368717.0
8/7/19,EUROPE,Shopify,C2,Existing,122,36544.0
8/7/19,ASIA,Retail,null,Existing,30406,1266613.0
8/7/19,ASIA,Retail,F1,New,29533,969147.0
8/7/19,SOUTH AMERICA,Shopify,null,Guest,1089,217673.0
8/7/19,EUROPE,Shopify,null,Existing,26,7308.0
8/7/19,OCEANIA,Shopify,null,Guest,6733,1242747.0
8/7/19,SOUTH AMERICA,Retail,null,Existing,553,23019.0
8/7/19,OCEANIA,Shopify,C2,New,628,96339.0
8/7/19,USA,Shopify,F1,New,131,21302.0
8/7/19,ASIA,Shopify,null,Existing,248,41891.0
8/7/19,EUROPE,Shopify,C1,Existing,85,17670.0
8/7/19,EUROPE,Retail,F3,New,1825,81238.0
8/7/19,USA,Shopify,C1,New,153,20702.0
8/7/19,AFRICA,Retail,C3,Existing,265402,13655139.0
8/7/19,CANADA,Retail,F2,New,16013,600477.0
8/7/19,SOUTH AMERICA,Shopify,F2,Existing,28,5616.0
8/7/19,SOUTH AMERICA,Retail,null,Guest,388488,16077293.0
8/7/19,CANADA,Retail,C4,Existing,26389,1349368.0
8/7/19,SOUTH AMERICA,Shopify,F1,Existing,57,13999.0
8/7/19,OCEANIA,Retail,C4,New,57491,1821432.0
8/7/19,EUROPE,Retail,C1,Existing,13273,609107.0
8/7/19,OCEANIA,Retail,C2,New,95085,2674512.0
8/7/19,OCEANIA,Shopify,F3,Existing,2876,610790.0
8/7/19,USA,Retail,F1,New,11346,459078.0
8/7/19,OCEANIA,Shopify,F1,New,314,49181.0
8/7/19,USA,Retail,null,Guest,563483,17847247.0
8/7/19,ASIA,Shopify,F2,New,228,34278.0
8/7/19,OCEANIA,Retail,F2,New,86879,3185767.0
8/7/19,EUROPE,Shopify,F2,New,4,695.0
8/7/19,USA,Retail,C2,New,23722,823955.0
8/7/19,CANADA,Retail,F3,New,16588,624821.0
8/7/19,USA,Shopify,F3,Existing,827,175962.0
8/7/19,EUROPE,Retail,C3,New,4311,183970.0
8/7/19,AFRICA,Shopify,C3,New,266,41970.0
8/7/19,SOUTH AMERICA,Retail,C3,Existing,1078,51945.0
8/7/19,ASIA,Shopify,F3,Existing,1298,252114.0
8/7/19,OCEANIA,Shopify,F2,Existing,5075,1051863.0
8/7/19,ASIA,Retail,F1,Existing,89128,4437639.0
8/7/19,USA,Retail,F2,New,26177,1069852.0
8/7/19,CANADA,Shopify,null,New,106,17352.0
8/7/19,CANADA,Retail,C4,New,11480,388368.0
8/7/19,AFRICA,Shopify,null,Guest,3391,607111.0
8/7/19,SOUTH AMERICA,Shopify,C4,Existing,8,1300.0
8/7/19,AFRICA,Shopify,null,New,294,51308.0
8/7/19,AFRICA,Retail,null,Guest,1649920,47975640.0
8/7/19,AFRICA,Shopify,F2,Existing,3389,679688.0
8/7/19,EUROPE,Retail,F2,Existing,12773,827795.0
8/7/19,USA,Retail,F3,New,24586,986372.0
8/7/19,USA,Shopify,C3,Existing,1238,251840.0
8/7/19,ASIA,Shopify,C1,Existing,923,147848.0
8/7/19,USA,Shopify,C2,New,223,36931.0
8/7/19,OCEANIA,Shopify,C3,Existing,3444,698409.0
8/7/19,EUROPE,Retail,F1,Existing,6308,392103.0
8/7/19,AFRICA,Retail,C1,New,87997,2275412.0
8/7/19,ASIA,Shopify,C4,Existing,234,40148.0
8/7/19,USA,Shopify,C3,New,167,28833.0
8/7/19,ASIA,Retail,C3,New,108906,3401659.0
8/7/19,EUROPE,Shopify,C3,Existing,122,33198.0
8/7/19,AFRICA,Retail,F1,New,23670,889307.0
8/7/19,ASIA,Retail,C3,Existing,217489,10022589.0
8/7/19,CANADA,Retail,C2,Existing,20507,925885.0
8/7/19,ASIA,Shopify,C3,Existing,1435,276011.0
8/7/19,AFRICA,Shopify,null,Existing,251,47307.0
8/7/19,ASIA,Retail,C4,New,46278,1356241.0
8/7/19,OCEANIA,Retail,F1,New,40315,1388556.0
8/7/19,ASIA,Shopify,C2,Existing,1659,296466.0
8/7/19,CANADA,Retail,null,Existing,6878,335555.0
8/7/19,OCEANIA,Shopify,C3,New,436,73078.0
8/7/19,AFRICA,Retail,C1,Existing,167552,6456837.0
8/7/19,ASIA,Shopify,null,Guest,3405,547604.0
8/7/19,AFRICA,Retail,F3,New,63576,2394928.0
8/7/19,USA,Retail,C3,Existing,93696,5373915.0
8/7/19,CANADA,Shopify,C3,Existing,570,107095.0
8/7/19,CANADA,Retail,F1,New,6750,261294.0
8/7/19,USA,Retail,null,Existing,11603,610742.0
8/7/19,EUROPE,Retail,C4,Existing,5050,281653.0
8/7/19,OCEANIA,Shopify,C2,Existing,3587,678973.0
8/7/19,USA,Shopify,F1,Existing,1398,263908.0
8/7/19,AFRICA,Retail,C2,Existing,102545,4526934.0
8/7/19,AFRICA,Shopify,C4,New,31,4313.0
8/7/19,SOUTH AMERICA,Retail,F2,Existing,970,51580.0
8/7/19,ASIA,Shopify,F1,Existing,1664,291620.0
8/7/19,USA,Retail,F3,Existing,129655,8268743.0
8/7/19,AFRICA,Retail,null,Existing,32463,1482163.0
8/7/19,EUROPE,Retail,null,Existing,2752,131456.0
8/7/19,ASIA,Shopify,F1,New,190,27057.0
8/7/19,EUROPE,Retail,null,New,3865,163543.0
8/7/19,CANADA,Retail,F1,Existing,23743,1349075.0
8/7/19,AFRICA,Shopify,C3,Existing,1966,393250.0
8/7/19,SOUTH AMERICA,Retail,F1,Existing,698,34113.0
8/7/19,AFRICA,Shopify,C2,Existing,1846,352198.0
8/7/19,USA,Retail,C3,New,41550,1644832.0
8/7/19,CANADA,Shopify,C4,New,15,2215.0
8/7/19,SOUTH AMERICA,Retail,F3,Existing,1075,53986.0
8/7/19,EUROPE,Retail,C1,New,4364,135253.0
8/7/19,CANADA,Shopify,F2,Existing,973,191392.0
8/7/19,AFRICA,Retail,C2,New,52193,1643435.0
8/7/19,SOUTH AMERICA,Shopify,C4,New,2,349.0
8/7/19,ASIA,Retail,F3,Existing,357476,18605341.0
8/7/19,AFRICA,Shopify,F3,Existing,1858,384904.0
8/7/19,ASIA,Shopify,C2,New,333,45833.0
8/7/19,CANADA,Retail,C3,Existing,56793,2977623.0
8/7/19,AFRICA,Retail,C3,New,101764,3659756.0
8/7/19,SOUTH AMERICA,Shopify,F2,New,9,1744.0
8/7/19,OCEANIA,Retail,null,New,99606,3655229.0
8/7/19,EUROPE,Shopify,null,New,13,2801.0
8/7/19,OCEANIA,Retail,null,Existing,42785,1836881.0
8/7/19,USA,Shopify,null,Guest,1823,336358.0
8/7/19,SOUTH AMERICA,Retail,C2,Existing,764,30696.0
8/7/19,OCEANIA,Retail,F1,Existing,144348,7594430.0
8/7/19,EUROPE,Shopify,F1,Existing,121,29419.0
8/7/19,AFRICA,Shopify,F1,Existing,1966,367047.0
8/7/19,ASIA,Shopify,F2,Existing,2088,403860.0
8/7/19,SOUTH AMERICA,Retail,C1,New,2504,56305.0
8/7/19,SOUTH AMERICA,Retail,F2,New,384,14639.0
8/7/19,SOUTH AMERICA,Shopify,C1,New,24,3669.0
8/7/19,OCEANIA,Retail,C3,New,136399,4491883.0
8/7/19,OCEANIA,Shopify,F2,New,427,70588.0
8/7/19,EUROPE,Retail,C2,New,2589,96139.0
8/7/19,ASIA,Retail,null,Guest,1929509,49243076.0
8/7/19,OCEANIA,Shopify,C1,New,389,50654.0
8/7/19,ASIA,Retail,C2,Existing,109973,4312364.0
8/7/19,EUROPE,Shopify,C3,New,13,2480.0
8/7/19,USA,Shopify,F2,Existing,1819,377649.0
8/7/19,ASIA,Retail,F2,New,65909,2218991.0
8/7/19,ASIA,Shopify,C1,New,222,29602.0
8/7/19,SOUTH AMERICA,Shopify,null,New,58,10809.0
8/7/19,EUROPE,Retail,C4,New,1729,74233.0
8/7/19,SOUTH AMERICA,Retail,C3,New,859,31853.0
8/7/19,AFRICA,Shopify,F2,New,230,37720.0
8/7/19,EUROPE,Shopify,F3,Existing,90,27541.0
8/7/19,OCEANIA,Shopify,F1,Existing,3513,656939.0
8/7/19,EUROPE,Retail,C2,Existing,8786,440666.0
8/7/19,CANADA,Shopify,C1,New,87,12834.0
8/7/19,CANADA,Shopify,C3,New,92,13571.0
8/7/19,OCEANIA,Retail,F3,Existing,507893,28826969.0
8/7/19,CANADA,Shopify,C2,New,90,13036.0
8/7/19,AFRICA,Retail,C4,New,43301,1471243.0
8/7/19,CANADA,Retail,null,Guest,421440,11965367.0
8/7/19,SOUTH AMERICA,Retail,F1,New,310,11942.0
8/7/19,USA,Shopify,F2,New,160,26177.0
8/7/19,AFRICA,Retail,F1,Existing,97806,5431816.0
8/7/19,EUROPE,Shopify,F1,New,6,1018.0
8/7/19,AFRICA,Retail,F3,Existing,382058,22084439.0
8/7/19,CANADA,Retail,F2,Existing,53004,3020851.0
8/7/19,CANADA,Shopify,C1,Existing,427,71020.0
8/7/19,ASIA,Retail,F3,New,79974,2627646.0
8/7/19,USA,Retail,C1,New,33066,920105.0
8/7/19,CANADA,Shopify,F1,Existing,593,108002.0
8/7/19,USA,Retail,F2,Existing,87271,5523016.0
8/7/19,USA,Shopify,C4,New,23,3179.0
8/7/19,USA,Shopify,C4,Existing,154,30578.0
8/7/19,CANADA,Shopify,C4,Existing,85,17515.0
8/7/19,OCEANIA,Retail,null,Guest,2473879,66105856.0
8/7/19,EUROPE,Shopify,null,Guest,194,36516.0
1/7/19,OCEANIA,Retail,C1,Existing,224634,8257765.0
1/7/19,EUROPE,Shopify,C1,Existing,79,17070.0
1/7/19,AFRICA,Retail,F3,New,63454,2430621.0
1/7/19,CANADA,Retail,C3,Existing,57234,2953902.0
1/7/19,OCEANIA,Retail,C2,New,94091,2566392.0
1/7/19,USA,Retail,F1,New,11125,441745.0
1/7/19,EUROPE,Shopify,C2,New,10,2069.0
1/7/19,OCEANIA,Shopify,F3,Existing,2473,510322.0
1/7/19,SOUTH AMERICA,Retail,null,Guest,395186,15847783.0
1/7/19,ASIA,Retail,C3,New,108387,3362661.0
1/7/19,CANADA,Shopify,null,Guest,819,139145.0
1/7/19,USA,Retail,F3,New,24146,946499.0
1/7/19,EUROPE,Retail,F2,Existing,12627,770203.0
1/7/19,ASIA,Shopify,F2,New,194,26127.0
1/7/19,CANADA,Retail,F1,New,7027,264185.0
1/7/19,SOUTH AMERICA,Retail,null,Existing,544,23199.0
1/7/19,CANADA,Retail,C2,Existing,20636,907662.0
1/7/19,AFRICA,Shopify,null,Guest,3185,567967.0
1/7/19,AFRICA,Retail,C2,New,52467,1679647.0
1/7/19,AFRICA,Shopify,F3,Existing,1695,358021.0
1/7/19,OCEANIA,Retail,F1,New,40024,1354343.0
1/7/19,SOUTH AMERICA,Retail,F2,New,495,19489.0
1/7/19,AFRICA,Retail,C1,Existing,166059,6372383.0
1/7/19,EUROPE,Shopify,F3,Existing,79,23003.0
1/7/19,SOUTH AMERICA,Shopify,F1,Existing,45,10101.0
1/7/19,CANADA,Retail,F1,Existing,24281,1327796.0
1/7/19,OCEANIA,Shopify,C3,Existing,3040,598471.0
1/7/19,USA,Retail,null,Existing,11496,569655.0
1/7/19,ASIA,Shopify,F1,Existing,1431,247643.0
1/7/19,ASIA,Retail,null,Existing,30011,1203070.0
1/7/19,AFRICA,Shopify,C2,New,281,45244.0
1/7/19,OCEANIA,Shopify,F2,New,374,58469.0
1/7/19,OCEANIA,Retail,C2,Existing,146634,5796470.0
1/7/19,CANADA,Retail,null,Guest,428210,11824063.0
1/7/19,USA,Retail,null,Guest,555900,17199917.0
1/7/19,AFRICA,Retail,C3,Existing,265927,13797763.0
1/7/19,ASIA,Retail,F1,Existing,88818,4284449.0
1/7/19,AFRICA,Retail,null,Existing,32820,1490417.0
1/7/19,EUROPE,Retail,C2,New,2629,101684.0
1/7/19,ASIA,Retail,C2,Existing,108473,4150200.0
1/7/19,OCEANIA,Retail,C3,New,136017,4511608.0
1/7/19,EUROPE,Shopify,C3,New,9,1800.0
1/7/19,AFRICA,Retail,C2,Existing,102089,4519817.0
1/7/19,CANADA,Retail,C4,New,11966,403785.0
1/7/19,USA,Retail,C3,Existing,92945,5285035.0
1/7/19,SOUTH AMERICA,Retail,F1,Existing,702,33474.0
1/7/19,EUROPE,Shopify,C2,Existing,103,27098.0
1/7/19,OCEANIA,Shopify,F1,Existing,3237,591001.0
1/7/19,CANADA,Shopify,F2,New,71,10270.0
1/7/19,USA,Shopify,F2,New,158,24817.0
1/7/19,CANADA,Shopify,F2,Existing,790,148145.0
1/7/19,USA,Retail,F2,New,25098,994828.0
1/7/19,EUROPE,Retail,null,New,3901,165217.0
1/7/19,SOUTH AMERICA,Retail,F3,Existing,1253,64196.0
1/7/19,CANADA,Retail,C3,New,26996,953931.0
1/7/19,ASIA,Shopify,null,Guest,2668,448721.0
1/7/19,USA,Shopify,F2,Existing,1544,304375.0
1/7/19,AFRICA,Retail,C3,New,102983,3873586.0
1/7/19,EUROPE,Shopify,C4,Existing,12,2529.0
1/7/19,AFRICA,Retail,null,New,70762,2827274.0
1/7/19,USA,Shopify,C1,New,142,18127.0
1/7/19,SOUTH AMERICA,Shopify,C1,New,17,2612.0
1/7/19,ASIA,Retail,C1,New,109840,2407083.0
1/7/19,AFRICA,Retail,F2,Existing,259133,15045099.0
1/7/19,AFRICA,Shopify,C4,New,47,6579.0
1/7/19,ASIA,Shopify,null,Existing,219,36197.0
1/7/19,ASIA,Retail,F1,New,29366,942873.0
1/7/19,SOUTH AMERICA,Retail,F2,Existing,1139,53310.0
1/7/19,AFRICA,Shopify,F1,Existing,1890,352535.0
1/7/19,USA,Retail,F3,Existing,124453,7647263.0
1/7/19,ASIA,Shopify,C3,Existing,1296,247772.0
1/7/19,AFRICA,Shopify,F2,New,258,39675.0
1/7/19,AFRICA,Shopify,F1,New,169,25440.0
1/7/19,USA,Shopify,C2,Existing,1048,201414.0
1/7/19,SOUTH AMERICA,Retail,C3,Existing,1152,55571.0
1/7/19,USA,Shopify,F1,Existing,1242,223970.0
1/7/19,AFRICA,Retail,null,Guest,1644282,47746336.0
1/7/19,ASIA,Retail,F2,New,63310,2047521.0
1/7/19,ASIA,Shopify,C1,New,201,23434.0
1/7/19,OCEANIA,Retail,null,Guest,2460815,64099223.0
1/7/19,EUROPE,Shopify,null,Guest,171,35588.0
1/7/19,ASIA,Shopify,C4,New,37,4464.0
1/7/19,AFRICA,Shopify,null,Existing,244,47830.0
1/7/19,EUROPE,Retail,null,Guest,108334,3684636.0
1/7/19,CANADA,Shopify,C4,Existing,58,11315.0
1/7/19,AFRICA,Shopify,C4,Existing,342,63369.0
1/7/19,OCEANIA,Retail,C4,Existing,139336,6989125.0
1/7/19,CANADA,Shopify,C1,Existing,346,63183.0
1/7/19,SOUTH AMERICA,Shopify,F3,Existing,22,4849.0
1/7/19,CANADA,Shopify,C2,New,90,12796.0
1/7/19,EUROPE,Retail,null,Existing,2830,134492.0
1/7/19,EUROPE,Shopify,F1,Existing,98,24589.0
1/7/19,USA,Shopify,C3,Existing,1089,215691.0
1/7/19,ASIA,Shopify,F1,New,185,23619.0
1/7/19,SOUTH AMERICA,Shopify,C3,Existing,69,13677.0
1/7/19,SOUTH AMERICA,Retail,C4,New,178,7277.0
1/7/19,OCEANIA,Shopify,C1,New,352,45184.0
1/7/19,OCEANIA,Retail,F1,Existing,141881,7210775.0
1/7/19,CANADA,Shopify,C4,New,14,1997.0
1/7/19,AFRICA,Retail,C4,Existing,110284,5757646.0
1/7/19,CANADA,Retail,C4,Existing,26437,1330605.0
1/7/19,USA,Retail,F2,Existing,81334,4823199.0
1/7/19,AFRICA,Shopify,C2,Existing,1744,328344.0
1/7/19,ASIA,Shopify,F3,Existing,1104,205833.0
1/7/19,ASIA,Retail,C2,New,73632,1944111.0
1/7/19,AFRICA,Shopify,C1,New,202,25541.0
1/7/19,AFRICA,Retail,F1,Existing,96439,5326384.0
1/7/19,OCEANIA,Shopify,null,Existing,442,85187.0
1/7/19,USA,Shopify,F3,Existing,718,150015.0
1/7/19,CANADA,Retail,F3,New,16952,626547.0
1/7/19,OCEANIA,Retail,F2,Existing,297189,15869881.0
1/7/19,USA,Retail,C1,Existing,51891,2206271.0
1/7/19,OCEANIA,Shopify,null,New,473,75035.0
1/7/19,AFRICA,Shopify,C3,New,237,38320.0
1/7/19,AFRICA,Shopify,C3,Existing,1954,391215.0
1/7/19,EUROPE,Shopify,null,Existing,19,4443.0
1/7/19,OCEANIA,Shopify,null,Guest,5852,1024578.0
1/7/19,EUROPE,Shopify,F3,New,2,216.0
1/7/19,USA,Retail,C2,New,23378,804534.0
1/7/19,SOUTH AMERICA,Retail,C2,Existing,804,33775.0
1/7/19,SOUTH AMERICA,Shopify,C4,New,1,317.0
1/7/19,ASIA,Retail,null,Guest,1923325,47862173.0
1/7/19,CANADA,Retail,F2,Existing,55456,3042852.0
1/7/19,EUROPE,Retail,F3,New,1936,82337.0
1/7/19,ASIA,Shopify,C2,Existing,1431,254186.0
1/7/19,SOUTH AMERICA,Retail,C3,New,971,38054.0
1/7/19,EUROPE,Retail,F3,Existing,17137,1053148.0
1/7/19,USA,Shopify,null,New,156,26716.0
1/7/19,USA,Shopify,C2,New,203,31557.0
1/7/19,USA,Retail,F1,Existing,37842,2217254.0
1/7/19,OCEANIA,Shopify,C4,New,77,11597.0
1/7/19,SOUTH AMERICA,Retail,C1,New,2426,56435.0
1/7/19,ASIA,Retail,C4,New,46761,1380581.0
1/7/19,CANADA,Retail,C1,New,28322,749024.0
1/7/19,USA,Shopify,C1,Existing,685,121208.0
1/7/19,EUROPE,Retail,F1,New,942,38439.0
1/7/19,ASIA,Shopify,F2,Existing,1715,323085.0
1/7/19,AFRICA,Retail,F1,New,23209,867217.0
1/7/19,SOUTH AMERICA,Retail,C1,Existing,2653,78658.0
1/7/19,USA,Retail,null,New,24940,1053321.0
1/7/19,OCEANIA,Shopify,C2,New,526,75292.0
1/7/19,USA,Shopify,F1,New,150,22796.0
1/7/19,OCEANIA,Retail,F3,Existing,490503,26890646.0
1/7/19,USA,Retail,C2,Existing,37904,1871099.0
1/7/19,USA,Shopify,C4,New,24,3090.0
1/7/19,SOUTH AMERICA,Retail,null,New,2285,74446.0
1/7/19,EUROPE,Retail,C1,Existing,13076,587020.0
1/7/19,ASIA,Retail,F3,Existing,344430,17276400.0
1/7/19,EUROPE,Shopify,F1,New,7,1032.0
1/7/19,OCEANIA,Retail,null,Existing,42679,1768059.0
1/7/19,SOUTH AMERICA,Shopify,null,New,51,8642.0
1/7/19,SOUTH AMERICA,Retail,C2,New,799,24707.0
1/7/19,EUROPE,Retail,C3,Existing,14267,790581.0
1/7/19,ASIA,Shopify,C3,New,190,27027.0
1/7/19,EUROPE,Shopify,null,New,8,2223.0
1/7/19,USA,Retail,C4,New,16814,626622.0
1/7/19,CANADA,Shopify,F3,New,34,5084.0
1/7/19,SOUTH AMERICA,Shopify,F3,New,1,86.0
1/7/19,ASIA,Retail,C3,Existing,216487,9895312.0
1/7/19,SOUTH AMERICA,Shopify,F1,New,8,1622.0
1/7/19,ASIA,Retail,C4,Existing,97447,4420364.0
1/7/19,EUROPE,Retail,F2,New,1710,77608.0
1/7/19,EUROPE,Shopify,C3,Existing,112,32644.0
1/7/19,AFRICA,Retail,F2,New,63375,2423244.0
1/7/19,CANADA,Shopify,null,Existing,69,13471.0
1/7/19,OCEANIA,Retail,C4,New,58906,1897731.0
1/7/19,SOUTH AMERICA,Shopify,C3,New,24,4581.0
1/7/19,EUROPE,Shopify,C4,New,4,551.0
1/7/19,EUROPE,Shopify,F2,New,3,2072.0
1/7/19,CANADA,Shopify,C3,New,85,12207.0
1/7/19,SOUTH AMERICA,Shopify,F2,Existing,27,5795.0
1/7/19,USA,Retail,C1,New,32238,887154.0
1/7/19,AFRICA,Retail,C4,New,43888,1538146.0
1/7/19,CANADA,Retail,F2,New,16344,600022.0
1/7/19,SOUTH AMERICA,Shopify,null,Guest,905,181525.0
1/7/19,USA,Shopify,F3,New,48,7892.0
1/7/19,SOUTH AMERICA,Shopify,C4,Existing,7,1258.0
1/7/19,AFRICA,Retail,F3,Existing,377229,21908832.0
1/7/19,OCEANIA,Retail,F2,New,83191,2885496.0
1/7/19,SOUTH AMERICA,Shopify,C1,Existing,46,9090.0
1/7/19,USA,Retail,C3,New,42044,1668735.0
1/7/19,EUROPE,Retail,C4,New,1756,75819.0
1/7/19,USA,Shopify,null,Guest,1627,295536.0
1/7/19,EUROPE,Retail,C4,Existing,5109,282457.0
1/7/19,ASIA,Shopify,F3,New,73,8710.0
1/7/19,EUROPE,Retail,C2,Existing,8566,419947.0
1/7/19,CANADA,Shopify,C1,New,76,10073.0
1/7/19,CANADA,Retail,C1,Existing,53449,2234719.0
1/7/19,CANADA,Shopify,C3,Existing,556,100478.0
1/7/19,SOUTH AMERICA,Retail,C4,Existing,295,15585.0
1/7/19,ASIA,Retail,F3,New,77763,2518563.0
1/7/19,ASIA,Shopify,C2,New,278,35190.0
1/7/19,CANADA,Retail,null,New,17864,695946.0
1/7/19,SOUTH AMERICA,Shopify,null,Existing,30,5695.0
1/7/19,OCEANIA,Shopify,C1,Existing,1980,341019.0
1/7/19,SOUTH AMERICA,Retail,F1,New,317,10629.0
1/7/19,OCEANIA,Shopify,F1,New,294,42322.0
1/7/19,EUROPE,Shopify,C1,New,9,1592.0
1/7/19,OCEANIA,Shopify,C4,Existing,544,99184.0
1/7/19,ASIA,Retail,null,New,73978,2492179.0
1/7/19,OCEANIA,Retail,F3,New,97552,3392001.0
1/7/19,USA,Shopify,C3,New,150,23150.0
1/7/19,CANADA,Shopify,C2,Existing,409,74035.0
1/7/19,ASIA,Retail,F2,Existing,187054,9196538.0
1/7/19,EUROPE,Retail,C1,New,4223,129214.0
1/7/19,ASIA,Shopify,C1,Existing,773,120744.0
1/7/19,AFRICA,Shopify,null,New,272,46073.0
1/7/19,EUROPE,Shopify,F2,Existing,146,33721.0
1/7/19,SOUTH AMERICA,Shopify,F2,New,8,1352.0
1/7/19,EUROPE,Retail,C3,New,4354,190693.0
1/7/19,SOUTH AMERICA,Retail,F3,New,386,15336.0
1/7/19,CANADA,Shopify,F1,New,58,9278.0
1/7/19,USA,Shopify,null,Existing,179,34642.0
1/7/19,OCEANIA,Retail,null,New,97699,3422660.0
1/7/19,EUROPE,Retail,F1,Existing,6253,374567.0
1/7/19,OCEANIA,Retail,C3,Existing,308051,15178944.0
1/7/19,ASIA,Shopify,C4,Existing,204,35380.0
1/7/19,CANADA,Shopify,null,New,92,15627.0
1/7/19,AFRICA,Shopify,C1,Existing,1128,191730.0
1/7/19,OCEANIA,Retail,C1,New,142329,3339032.0
1/7/19,AFRICA,Retail,C1,New,87645,2254332.0
1/7/19,CANADA,Retail,null,Existing,6952,338550.0
1/7/19,AFRICA,Shopify,F2,Existing,3194,638998.0
1/7/19,AFRICA,Shopify,F3,New,88,13718.0
1/7/19,SOUTH AMERICA,Shopify,C2,New,36,5861.0
1/7/19,CANADA,Retail,C2,New,13561,423068.0
1/7/19,USA,Shopify,C4,Existing,127,26564.0
1/7/19,USA,Retail,C4,Existing,36461,2012166.0
1/7/19,OCEANIA,Shopify,F2,Existing,4087,812625.0
1/7/19,OCEANIA,Shopify,C2,Existing,3098,594144.0
1/7/19,CANADA,Retail,F3,Existing,84987,4789335.0
1/7/19,CANADA,Shopify,F3,Existing,430,85360.0
1/7/19,SOUTH AMERICA,Shopify,C2,Existing,83,16924.0
1/7/19,OCEANIA,Shopify,F3,New,165,25030.0
1/7/19,ASIA,Shopify,null,New,281,40501.0
1/7/19,ASIA,Retail,C1,Existing,156315,5227875.0
1/7/19,OCEANIA,Shopify,C3,New,422,68762.0
1/7/19,CANADA,Shopify,F1,Existing,569,103507.0
24/6/19,AFRICA,Retail,null,Existing,29168,1301640.0
24/6/19,EUROPE,Retail,F1,New,939,38925.0
24/6/19,SOUTH AMERICA,Shopify,C1,New,17,2282.0
24/6/19,ASIA,Retail,C2,Existing,108364,4120633.0
24/6/19,USA,Retail,C4,New,16930,626993.0
24/6/19,AFRICA,Shopify,F1,Existing,2127,379135.0
24/6/19,ASIA,Retail,F1,Existing,88828,4297399.0
24/6/19,EUROPE,Retail,null,Guest,108167,3636107.0
24/6/19,CANADA,Shopify,F3,New,45,6987.0
24/6/19,OCEANIA,Retail,F1,Existing,141359,7186507.0
24/6/19,ASIA,Shopify,null,New,349,43709.0
24/6/19,EUROPE,Shopify,F1,Existing,135,29716.0
24/6/19,OCEANIA,Retail,C3,Existing,308946,15236876.0
24/6/19,ASIA,Retail,C4,New,46792,1363972.0
24/6/19,ASIA,Shopify,C1,New,249,26159.0
24/6/19,ASIA,Shopify,F2,Existing,2059,366286.0
24/6/19,USA,Shopify,F2,Existing,1816,353815.0
24/6/19,OCEANIA,Retail,F3,New,97894,3362183.0
24/6/19,CANADA,Retail,C1,New,28690,762452.0
24/6/19,SOUTH AMERICA,Retail,F2,Existing,1199,59759.0
24/6/19,SOUTH AMERICA,Shopify,C1,Existing,64,10818.0
24/6/19,USA,Retail,F2,Existing,85700,5090780.0
24/6/19,SOUTH AMERICA,Shopify,C2,New,46,7186.0
24/6/19,USA,Shopify,C1,Existing,717,134166.0
24/6/19,AFRICA,Retail,null,Guest,1624370,46157461.0
24/6/19,CANADA,Retail,F2,New,16551,596944.0
24/6/19,CANADA,Shopify,C1,Existing,435,68575.0
24/6/19,AFRICA,Retail,C3,Existing,261451,13486347.0
24/6/19,USA,Shopify,C4,Existing,150,28660.0
24/6/19,OCEANIA,Retail,null,Guest,2450722,63910100.0
24/6/19,USA,Retail,C3,Existing,93799,5386709.0
24/6/19,CANADA,Shopify,C4,Existing,75,14340.0
24/6/19,ASIA,Retail,F2,New,63134,1975871.0
24/6/19,ASIA,Retail,C3,Existing,216247,9876451.0
24/6/19,AFRICA,Retail,C4,Existing,109004,5637102.0
24/6/19,CANADA,Shopify,C2,Existing,561,97836.0
24/6/19,EUROPE,Shopify,C3,Existing,135,34913.0
24/6/19,OCEANIA,Retail,F2,Existing,304916,15998108.0
24/6/19,OCEANIA,Shopify,C1,Existing,2248,371572.0
24/6/19,EUROPE,Shopify,F2,Existing,157,39282.0
24/6/19,AFRICA,Retail,F2,New,60436,2195234.0
24/6/19,OCEANIA,Shopify,F1,Existing,3863,681655.0
24/6/19,AFRICA,Shopify,C4,New,71,9276.0
24/6/19,OCEANIA,Shopify,C1,New,433,51360.0
24/6/19,ASIA,Shopify,C4,Existing,258,42041.0
24/6/19,SOUTH AMERICA,Retail,C1,Existing,2726,80009.0
24/6/19,CANADA,Shopify,C3,Existing,616,111072.0
24/6/19,OCEANIA,Shopify,null,New,562,79204.0
24/6/19,OCEANIA,Retail,C2,Existing,146640,5831730.0
24/6/19,USA,Retail,F1,Existing,38832,2285350.0
24/6/19,EUROPE,Shopify,C2,Existing,143,34267.0
24/6/19,SOUTH AMERICA,Shopify,null,Guest,1127,207395.0
24/6/19,CANADA,Shopify,F1,New,80,11262.0
24/6/19,ASIA,Shopify,F3,New,122,14791.0
24/6/19,ASIA,Retail,C3,New,107066,3296302.0
24/6/19,USA,Shopify,C1,New,171,22084.0
24/6/19,CANADA,Retail,C4,New,11581,385102.0
24/6/19,AFRICA,Retail,C1,New,86044,2172241.0
24/6/19,CANADA,Shopify,null,Existing,77,13052.0
24/6/19,SOUTH AMERICA,Retail,C4,New,190,7527.0
24/6/19,EUROPE,Shopify,C4,New,1,79.0
24/6/19,AFRICA,Shopify,C1,Existing,1231,199341.0
24/6/19,SOUTH AMERICA,Retail,C2,New,724,22458.0
24/6/19,USA,Retail,C1,Existing,52666,2280355.0
24/6/19,EUROPE,Shopify,C1,New,8,1383.0
24/6/19,OCEANIA,Retail,C1,Existing,224922,8277287.0
24/6/19,AFRICA,Shopify,F3,Existing,1721,339671.0
24/6/19,SOUTH AMERICA,Retail,C4,Existing,228,11236.0
24/6/19,OCEANIA,Shopify,C2,New,735,98149.0
24/6/19,USA,Shopify,F1,New,195,28956.0
24/6/19,USA,Shopify,C3,Existing,1273,252759.0
24/6/19,OCEANIA,Retail,C4,Existing,139635,7003237.0
24/6/19,USA,Retail,null,Existing,10760,528835.0
24/6/19,SOUTH AMERICA,Shopify,C3,New,32,4990.0
24/6/19,SOUTH AMERICA,Shopify,C4,Existing,6,819.0
24/6/19,CANADA,Retail,C2,Existing,20603,904576.0
24/6/19,AFRICA,Retail,F2,Existing,242480,13304072.0
24/6/19,ASIA,Shopify,C2,Existing,1588,269805.0
24/6/19,CANADA,Retail,F1,New,6818,254092.0
24/6/19,SOUTH AMERICA,Shopify,F1,Existing,69,16247.0
24/6/19,SOUTH AMERICA,Retail,C2,Existing,767,30302.0
24/6/19,SOUTH AMERICA,Shopify,C4,New,8,1521.0
24/6/19,SOUTH AMERICA,Retail,C1,New,2349,50350.0
24/6/19,EUROPE,Retail,F3,Existing,17359,1092730.0
24/6/19,OCEANIA,Shopify,C4,New,103,12851.0
24/6/19,USA,Shopify,F3,New,66,8881.0
24/6/19,EUROPE,Retail,null,Existing,2647,119139.0
24/6/19,SOUTH AMERICA,Retail,null,New,2218,74609.0
24/6/19,EUROPE,Shopify,C2,New,15,3111.0
24/6/19,OCEANIA,Retail,C2,New,93594,2903459.0
24/6/19,USA,Retail,F1,New,11152,454543.0
24/6/19,AFRICA,Shopify,null,New,290,43744.0
24/6/19,USA,Shopify,C2,New,263,40182.0
24/6/19,USA,Shopify,F3,Existing,878,180945.0
24/6/19,ASIA,Shopify,C3,Existing,1455,260944.0
24/6/19,CANADA,Shopify,null,Guest,1030,165813.0
24/6/19,AFRICA,Shopify,C2,New,345,45318.0
24/6/19,USA,Shopify,null,New,199,30885.0
24/6/19,USA,Shopify,F2,New,208,34047.0
24/6/19,CANADA,Retail,null,Existing,6613,325971.0
24/6/19,OCEANIA,Shopify,C3,New,552,78104.0
24/6/19,CANADA,Shopify,C2,New,130,17748.0
24/6/19,USA,Shopify,null,Existing,173,30919.0
24/6/19,AFRICA,Shopify,C1,New,243,29341.0
24/6/19,USA,Retail,C1,New,32381,936783.0
24/6/19,SOUTH AMERICA,Retail,C3,New,867,33356.0
24/6/19,AFRICA,Retail,C1,Existing,163884,6203020.0
24/6/19,AFRICA,Retail,C2,New,51168,1606206.0
24/6/19,OCEANIA,Shopify,null,Guest,6615,1106600.0
24/6/19,USA,Retail,C4,Existing,36541,2038581.0
24/6/19,AFRICA,Shopify,C2,Existing,1803,331054.0
24/6/19,CANADA,Shopify,C3,New,100,13062.0
24/6/19,EUROPE,Retail,C2,Existing,8767,423558.0
24/6/19,EUROPE,Retail,null,New,3822,161060.0
24/6/19,SOUTH AMERICA,Shopify,F2,New,9,1573.0
24/6/19,EUROPE,Retail,C2,New,2665,98552.0
24/6/19,OCEANIA,Retail,C4,New,59248,1889005.0
24/6/19,CANADA,Retail,C4,Existing,26526,1339183.0
24/6/19,EUROPE,Retail,F3,New,1825,77965.0
24/6/19,ASIA,Shopify,C2,New,450,54372.0
24/6/19,AFRICA,Retail,F1,Existing,94644,5155499.0
24/6/19,EUROPE,Shopify,F3,Existing,86,25259.0
24/6/19,ASIA,Shopify,C1,Existing,912,139275.0
24/6/19,AFRICA,Shopify,null,Guest,3285,558825.0
24/6/19,ASIA,Retail,null,New,70738,2401628.0
24/6/19,EUROPE,Retail,F1,Existing,6092,374335.0
24/6/19,OCEANIA,Shopify,F2,Existing,4876,937431.0
24/6/19,ASIA,Shopify,F3,Existing,1274,227420.0
24/6/19,OCEANIA,Shopify,F1,New,471,65290.0
24/6/19,EUROPE,Retail,C4,New,1758,77177.0
24/6/19,AFRICA,Retail,F3,New,61806,2322229.0
24/6/19,CANADA,Retail,C1,Existing,53893,2266154.0
24/6/19,ASIA,Retail,null,Guest,1911027,47403019.0
24/6/19,CANADA,Retail,null,New,17194,678251.0
24/6/19,USA,Shopify,F1,Existing,1499,268778.0
24/6/19,AFRICA,Shopify,F1,New,219,31537.0
24/6/19,SOUTH AMERICA,Retail,null,Guest,395781,15989275.0
24/6/19,USA,Retail,null,Guest,559455,17465369.0
24/6/19,ASIA,Shopify,F2,New,256,32192.0
24/6/19,ASIA,Retail,C4,Existing,97391,4430301.0
24/6/19,SOUTH AMERICA,Shopify,null,Existing,32,6042.0
24/6/19,CANADA,Shopify,null,New,98,15396.0
24/6/19,AFRICA,Retail,F1,New,22604,825219.0
24/6/19,USA,Retail,null,New,24908,1067558.0
24/6/19,AFRICA,Shopify,F2,Existing,3338,636987.0
24/6/19,AFRICA,Retail,C4,New,43055,1487138.0
24/6/19,ASIA,Shopify,F1,New,272,33328.0
24/6/19,OCEANIA,Retail,F3,Existing,498181,27380003.0
24/6/19,ASIA,Retail,null,Existing,27101,1077203.0
24/6/19,AFRICA,Shopify,F2,New,293,43701.0
24/6/19,OCEANIA,Retail,null,New,94370,3462668.0
24/6/19,EUROPE,Shopify,null,New,10,2132.0
24/6/19,USA,Shopify,C3,New,225,31733.0
24/6/19,OCEANIA,Retail,C3,New,136229,4439938.0
24/6/19,SOUTH AMERICA,Retail,F1,New,280,10313.0
24/6/19,CANADA,Retail,C3,Existing,56938,2944409.0
24/6/19,OCEANIA,Shopify,F2,New,530,72960.0
24/6/19,SOUTH AMERICA,Retail,F3,Existing,1186,58796.0
24/6/19,ASIA,Shopify,null,Guest,3169,483558.0
24/6/19,EUROPE,Shopify,C1,Existing,88,20118.0
24/6/19,EUROPE,Shopify,C3,New,11,1822.0
24/6/19,USA,Shopify,null,Guest,1816,321450.0
24/6/19,OCEANIA,Shopify,C4,Existing,627,108331.0
24/6/19,EUROPE,Retail,C1,New,4470,141218.0
24/6/19,SOUTH AMERICA,Shopify,F3,New,2,382.0
24/6/19,SOUTH AMERICA,Retail,F2,New,419,17222.0
24/6/19,ASIA,Retail,F3,New,78163,2473119.0
24/6/19,USA,Retail,C2,New,23533,805444.0
24/6/19,CANADA,Shopify,F2,Existing,1056,192558.0
24/6/19,OCEANIA,Shopify,F3,Existing,2902,569667.0
24/6/19,ASIA,Shopify,null,Existing,210,33593.0
24/6/19,USA,Retail,F3,Existing,128136,7980239.0
24/6/19,SOUTH AMERICA,Shopify,F1,New,3,514.0
24/6/19,CANADA,Retail,F3,New,17254,630673.0
24/6/19,SOUTH AMERICA,Shopify,F3,Existing,28,5786.0
24/6/19,EUROPE,Shopify,null,Guest,190,40501.0
24/6/19,EUROPE,Retail,C1,Existing,13463,613538.0
24/6/19,EUROPE,Retail,F2,New,1750,76971.0
24/6/19,AFRICA,Shopify,C3,New,319,48183.0
24/6/19,EUROPE,Retail,C3,Existing,14503,814075.0
24/6/19,AFRICA,Retail,C3,New,100917,3659716.0
24/6/19,OCEANIA,Shopify,C2,Existing,3487,629420.0
24/6/19,CANADA,Retail,null,Guest,429947,11860068.0
24/6/19,ASIA,Retail,F1,New,28762,927888.0
24/6/19,USA,Shopify,C4,New,28,3859.0
24/6/19,CANADA,Shopify,F3,Existing,571,102518.0
24/6/19,CANADA,Retail,F3,Existing,86647,4950491.0
24/6/19,USA,Retail,C2,Existing,38395,1913960.0
24/6/19,AFRICA,Shopify,F3,New,131,17898.0
24/6/19,AFRICA,Shopify,null,Existing,227,41892.0
24/6/19,CANADA,Shopify,F2,New,102,14615.0
24/6/19,USA,Retail,C3,New,42812,1715401.0
24/6/19,ASIA,Retail,C1,New,108527,2367141.0
24/6/19,AFRICA,Shopify,C3,Existing,2060,391920.0
24/6/19,CANADA,Shopify,C4,New,21,2602.0
24/6/19,SOUTH AMERICA,Retail,F1,Existing,703,32096.0
24/6/19,ASIA,Shopify,F1,Existing,1759,288081.0
24/6/19,CANADA,Retail,C2,New,13401,414324.0
24/6/19,SOUTH AMERICA,Shopify,C2,Existing,78,14652.0
24/6/19,OCEANIA,Retail,C1,New,141675,3322265.0
24/6/19,SOUTH AMERICA,Shopify,C3,Existing,88,17784.0
24/6/19,ASIA,Retail,F3,Existing,348257,17363845.0
24/6/19,ASIA,Retail,F2,Existing,191357,9185423.0
24/6/19,EUROPE,Shopify,F3,New,4,481.0
24/6/19,SOUTH AMERICA,Retail,null,Existing,458,19942.0
24/6/19,ASIA,Retail,C2,New,72595,1902952.0
24/6/19,USA,Shopify,C2,Existing,1217,237753.0
24/6/19,OCEANIA,Shopify,C3,Existing,3516,665201.0
24/6/19,ASIA,Retail,C1,Existing,155947,5229722.0
24/6/19,AFRICA,Retail,null,New,67009,2640336.0
24/6/19,EUROPE,Retail,C3,New,4195,180198.0
24/6/19,CANADA,Shopify,F1,Existing,670,118445.0
24/6/19,AFRICA,Shopify,C4,Existing,344,58233.0
24/6/19,OCEANIA,Retail,F2,New,82937,2838049.0
24/6/19,EUROPE,Shopify,F2,New,9,1555.0
24/6/19,AFRICA,Retail,C2,Existing,99641,4322941.0
24/6/19,OCEANIA,Retail,F1,New,38835,1314925.0
24/6/19,EUROPE,Shopify,F1,New,9,2145.0
24/6/19,OCEANIA,Shopify,F3,New,235,32290.0
24/6/19,USA,Retail,F2,New,25899,1014969.0
24/6/19,USA,Retail,F3,New,24725,977138.0
24/6/19,CANADA,Retail,F1,Existing,24161,1324704.0
24/6/19,EUROPE,Retail,C4,Existing,5028,282794.0
24/6/19,SOUTH AMERICA,Retail,C3,Existing,1112,52237.0
24/6/19,CANADA,Retail,C3,New,26264,922473.0
24/6/19,EUROPE,Shopify,C4,Existing,11,2529.0
24/6/19,OCEANIA,Shopify,null,Existing,488,87042.0
24/6/19,OCEANIA,Retail,null,Existing,39581,1632734.0
24/6/19,EUROPE,Shopify,null,Existing,19,4668.0
24/6/19,ASIA,Shopify,C3,New,280,35202.0
24/6/19,ASIA,Shopify,C4,New,43,4190.0
24/6/19,EUROPE,Retail,F2,Existing,12775,797430.0
24/6/19,CANADA,Shopify,C1,New,103,12364.0
24/6/19,SOUTH AMERICA,Shopify,F2,Existing,29,5870.0
24/6/19,SOUTH AMERICA,Shopify,null,New,74,11825.0
24/6/19,SOUTH AMERICA,Retail,F3,New,304,11653.0
24/6/19,AFRICA,Retail,F3,Existing,363587,20620650.0
24/6/19,CANADA,Retail,F2,Existing,56850,3144220.0
17/6/19,USA,Retail,C2,New,23888,811432.0
17/6/19,SOUTH AMERICA,Retail,C2,New,715,24598.0
17/6/19,ASIA,Retail,null,New,70110,2413656.0
17/6/19,EUROPE,Retail,C4,Existing,5013,275978.0
17/6/19,USA,Shopify,null,Guest,1812,312146.0
17/6/19,AFRICA,Shopify,C2,New,333,44036.0
17/6/19,AFRICA,Shopify,C3,New,311,46733.0
17/6/19,CANADA,Shopify,F3,Existing,558,103287.0
17/6/19,USA,Retail,C4,Existing,36889,2022689.0
17/6/19,USA,Retail,C1,Existing,53463,2284775.0
17/6/19,OCEANIA,Retail,null,Existing,35868,1494465.0
17/6/19,AFRICA,Retail,C4,Existing,108565,5658271.0
17/6/19,ASIA,Shopify,F1,New,284,32921.0
17/6/19,AFRICA,Retail,null,Existing,26142,1146718.0
17/6/19,ASIA,Shopify,null,Guest,3377,501760.0
17/6/19,CANADA,Retail,C2,Existing,20860,927994.0
17/6/19,OCEANIA,Shopify,F3,Existing,2959,571097.0
17/6/19,AFRICA,Retail,C1,Existing,165754,6237220.0
17/6/19,AFRICA,Shopify,F1,Existing,2121,369513.0
17/6/19,ASIA,Retail,C3,New,109444,3361043.0
17/6/19,OCEANIA,Retail,C2,Existing,147364,5830970.0
17/6/19,SOUTH AMERICA,Retail,F3,New,307,12151.0
17/6/19,EUROPE,Shopify,C3,New,14,2453.0
17/6/19,AFRICA,Shopify,C3,Existing,1954,372813.0
17/6/19,SOUTH AMERICA,Retail,F2,New,416,17072.0
17/6/19,SOUTH AMERICA,Shopify,C2,Existing,85,16719.0
17/6/19,AFRICA,Shopify,F3,New,128,19138.0
17/6/19,CANADA,Retail,C3,Existing,57524,2973532.0
17/6/19,OCEANIA,Shopify,F1,Existing,3734,636176.0
17/6/19,CANADA,Retail,null,Existing,5769,282290.0
17/6/19,ASIA,Shopify,C2,Existing,1643,274875.0
17/6/19,OCEANIA,Shopify,C3,New,525,75408.0
17/6/19,OCEANIA,Retail,C2,New,94551,2598566.0
17/6/19,SOUTH AMERICA,Shopify,C4,New,1,83.0
17/6/19,EUROPE,Retail,C4,New,1753,74168.0
17/6/19,SOUTH AMERICA,Retail,C3,New,860,32962.0
17/6/19,USA,Shopify,F2,New,220,34458.0
17/6/19,SOUTH AMERICA,Shopify,F2,New,13,2846.0
17/6/19,OCEANIA,Retail,C1,Existing,229222,8407952.0
17/6/19,SOUTH AMERICA,Retail,F3,Existing,1144,57526.0
17/6/19,USA,Retail,null,Existing,9642,481255.0
17/6/19,EUROPE,Retail,F3,New,1772,72356.0
17/6/19,ASIA,Retail,null,Existing,25046,1016803.0
17/6/19,CANADA,Shopify,F1,Existing,660,113989.0
17/6/19,OCEANIA,Retail,F3,Existing,508450,27874936.0
17/6/19,EUROPE,Shopify,F3,Existing,82,21025.0
17/6/19,AFRICA,Shopify,F2,New,285,38979.0
17/6/19,SOUTH AMERICA,Shopify,null,Guest,1089,203484.0
17/6/19,AFRICA,Retail,null,New,65647,2579386.0
17/6/19,ASIA,Retail,C1,Existing,160449,5411160.0
17/6/19,ASIA,Shopify,C3,Existing,1494,271321.0
17/6/19,CANADA,Retail,null,Guest,434411,11875557.0
17/6/19,ASIA,Retail,F1,Existing,90908,4475699.0
17/6/19,USA,Retail,C3,New,42560,1660327.0
17/6/19,EUROPE,Shopify,null,New,16,4142.0
17/6/19,AFRICA,Shopify,C2,Existing,1834,337175.0
17/6/19,ASIA,Retail,F1,New,30114,986630.0
17/6/19,USA,Shopify,F1,Existing,1428,250339.0
17/6/19,AFRICA,Shopify,C1,Existing,1203,187019.0
17/6/19,EUROPE,Retail,C3,New,4187,173068.0
17/6/19,USA,Shopify,F3,Existing,919,178882.0
17/6/19,EUROPE,Shopify,C1,Existing,92,21129.0
17/6/19,CANADA,Shopify,F1,New,103,13107.0
17/6/19,OCEANIA,Retail,null,Guest,2454102,63758551.0
17/6/19,CANADA,Retail,F2,Existing,57890,3200050.0
17/6/19,AFRICA,Retail,F3,Existing,367935,20804932.0
17/6/19,OCEANIA,Retail,null,New,91655,3290328.0
17/6/19,CANADA,Retail,F1,New,7206,267580.0
17/6/19,CANADA,Retail,C3,New,27110,958397.0
17/6/19,SOUTH AMERICA,Shopify,C3,Existing,77,16286.0
17/6/19,EUROPE,Shopify,C4,Existing,14,4099.0
17/6/19,OCEANIA,Shopify,C4,Existing,587,101498.0
17/6/19,OCEANIA,Shopify,null,Existing,449,75686.0
17/6/19,SOUTH AMERICA,Retail,null,Existing,451,18542.0
17/6/19,ASIA,Shopify,F3,Existing,1341,234189.0
17/6/19,OCEANIA,Shopify,F1,New,480,57925.0
17/6/19,ASIA,Retail,C2,Existing,110279,4229458.0
17/6/19,OCEANIA,Retail,C3,New,137259,4489139.0
17/6/19,AFRICA,Retail,F3,New,61904,2293547.0
17/6/19,USA,Retail,F3,Existing,131193,8126701.0
17/6/19,USA,Retail,C1,New,33042,911433.0
17/6/19,ASIA,Shopify,F2,Existing,2100,372593.0
17/6/19,CANADA,Shopify,F3,New,41,5162.0
17/6/19,SOUTH AMERICA,Shopify,C3,New,40,6242.0
17/6/19,EUROPE,Retail,F3,Existing,17470,1058305.0
17/6/19,OCEANIA,Retail,F1,Existing,144271,7352872.0
17/6/19,USA,Retail,F1,New,11523,464814.0
17/6/19,SOUTH AMERICA,Retail,F1,New,300,11102.0
17/6/19,EUROPE,Shopify,C2,New,12,1918.0
17/6/19,SOUTH AMERICA,Shopify,F2,Existing,32,6516.0
17/6/19,USA,Shopify,C1,New,193,23657.0
17/6/19,USA,Shopify,C1,Existing,757,135337.0
17/6/19,SOUTH AMERICA,Retail,null,New,2233,74019.0
17/6/19,USA,Retail,C3,Existing,94117,5354758.0
17/6/19,CANADA,Shopify,C4,Existing,73,13019.0
17/6/19,EUROPE,Shopify,C1,New,9,1058.0
17/6/19,ASIA,Retail,C2,New,74658,1967153.0
17/6/19,ASIA,Retail,F3,New,80963,2573797.0
17/6/19,CANADA,Shopify,C3,New,104,12905.0
17/6/19,SOUTH AMERICA,Retail,C2,Existing,725,31551.0
17/6/19,AFRICA,Retail,C3,New,101916,3665861.0
17/6/19,CANADA,Retail,F3,Existing,87896,4976952.0
17/6/19,USA,Shopify,C2,Existing,1149,220649.0
17/6/19,EUROPE,Shopify,C2,Existing,110,26957.0
17/6/19,ASIA,Retail,C3,Existing,219050,9993721.0
17/6/19,CANADA,Shopify,null,Existing,67,12240.0
17/6/19,CANADA,Shopify,null,Guest,1021,159140.0
17/6/19,ASIA,Shopify,F1,Existing,1724,278420.0
17/6/19,ASIA,Retail,F2,New,66223,2109991.0
17/6/19,ASIA,Retail,C1,New,111020,2437547.0
17/6/19,ASIA,Shopify,F3,New,136,16929.0
17/6/19,OCEANIA,Retail,F3,New,100705,3444381.0
17/6/19,CANADA,Retail,null,New,16801,673016.0
17/6/19,USA,Shopify,null,Existing,155,25241.0
17/6/19,OCEANIA,Shopify,C3,Existing,3504,659889.0
17/6/19,USA,Retail,null,Guest,566646,17440401.0
17/6/19,CANADA,Shopify,F2,Existing,1074,195165.0
17/6/19,AFRICA,Shopify,F1,New,225,28688.0
17/6/19,EUROPE,Shopify,null,Existing,16,3135.0
17/6/19,SOUTH AMERICA,Retail,C3,Existing,1094,54396.0
17/6/19,AFRICA,Retail,null,Guest,1612407,45427484.0
17/6/19,AFRICA,Retail,F2,Existing,248986,13387740.0
17/6/19,CANADA,Shopify,C2,New,125,14849.0
17/6/19,ASIA,Shopify,C1,Existing,958,135568.0
17/6/19,EUROPE,Retail,null,New,3794,162591.0
17/6/19,AFRICA,Retail,C2,Existing,99930,4307523.0
17/6/19,EUROPE,Shopify,F1,New,14,2898.0
17/6/19,USA,Shopify,C3,Existing,1237,234188.0
17/6/19,CANADA,Shopify,F2,New,111,14755.0
17/6/19,AFRICA,Retail,F1,Existing,96183,5176431.0
17/6/19,SOUTH AMERICA,Retail,C4,Existing,258,12508.0
17/6/19,ASIA,Shopify,C2,New,440,51168.0
17/6/19,SOUTH AMERICA,Shopify,null,Existing,27,4651.0
17/6/19,CANADA,Retail,C4,Existing,26809,1352549.0
17/6/19,AFRICA,Shopify,C4,New,52,7562.0
17/6/19,SOUTH AMERICA,Retail,C4,New,189,7091.0
17/6/19,OCEANIA,Shopify,C1,New,455,50756.0
17/6/19,EUROPE,Shopify,F2,New,3,1170.0
17/6/19,OCEANIA,Retail,F2,New,85965,2932671.0
17/6/19,OCEANIA,Shopify,C1,Existing,2274,361933.0
17/6/19,EUROPE,Retail,C2,New,2590,92271.0
17/6/19,EUROPE,Shopify,F3,New,2,618.0
17/6/19,SOUTH AMERICA,Shopify,F1,New,10,2402.0
17/6/19,AFRICA,Retail,F1,New,23085,843261.0
17/6/19,AFRICA,Retail,F2,New,61084,2176776.0
17/6/19,OCEANIA,Retail,C4,Existing,139602,6925504.0
17/6/19,USA,Retail,F1,Existing,39927,2335098.0
17/6/19,OCEANIA,Shopify,C4,New,80,10470.0
17/6/19,USA,Retail,C2,Existing,39096,1920281.0
17/6/19,USA,Shopify,C4,New,28,3324.0
17/6/19,USA,Shopify,null,New,210,34356.0
17/6/19,USA,Retail,F2,Existing,90239,5342378.0
17/6/19,OCEANIA,Retail,C4,New,58598,1830779.0
17/6/19,USA,Shopify,C3,New,189,29714.0
17/6/19,EUROPE,Shopify,C4,New,1,111.0
17/6/19,OCEANIA,Shopify,null,New,601,86477.0
17/6/19,AFRICA,Retail,C2,New,51415,1586994.0
17/6/19,OCEANIA,Shopify,null,Guest,6821,1131317.0
17/6/19,EUROPE,Retail,F2,Existing,13253,777319.0
17/6/19,USA,Retail,F3,New,25274,990602.0
17/6/19,AFRICA,Shopify,F3,Existing,1681,341515.0
17/6/19,OCEANIA,Retail,C3,Existing,309627,15200038.0
17/6/19,SOUTH AMERICA,Retail,F1,Existing,726,34188.0
17/6/19,SOUTH AMERICA,Shopify,C4,Existing,7,1016.0
17/6/19,SOUTH AMERICA,Retail,C1,New,2413,55865.0
17/6/19,CANADA,Retail,C1,Existing,55266,2328724.0
17/6/19,SOUTH AMERICA,Shopify,null,New,57,10318.0
17/6/19,CANADA,Retail,F2,New,16859,604501.0
17/6/19,USA,Shopify,F2,Existing,1808,345165.0
17/6/19,EUROPE,Retail,C2,Existing,8945,434255.0
17/6/19,EUROPE,Shopify,C3,Existing,143,40263.0
17/6/19,ASIA,Shopify,C4,Existing,229,37903.0
17/6/19,ASIA,Retail,F3,Existing,361293,18170809.0
17/6/19,OCEANIA,Retail,F1,New,40406,1377798.0
17/6/19,CANADA,Retail,C2,New,13797,427878.0
17/6/19,OCEANIA,Retail,C1,New,144285,3357984.0
17/6/19,EUROPE,Retail,F2,New,1621,72470.0
17/6/19,CANADA,Retail,F1,Existing,24688,1343425.0
17/6/19,USA,Retail,C4,New,17055,624422.0
17/6/19,SOUTH AMERICA,Shopify,F1,Existing,58,12636.0
17/6/19,ASIA,Retail,null,Guest,1923639,48042883.0
17/6/19,EUROPE,Shopify,null,Guest,202,41704.0
17/6/19,EUROPE,Retail,C1,Existing,13687,605195.0
17/6/19,CANADA,Shopify,C3,Existing,593,105740.0
17/6/19,AFRICA,Shopify,null,New,302,45096.0
17/6/19,USA,Shopify,C2,New,243,36115.0
17/6/19,AFRICA,Retail,C3,Existing,260534,13400561.0
17/6/19,ASIA,Shopify,C1,New,281,28384.0
17/6/19,SOUTH AMERICA,Retail,null,Guest,396379,15944032.0
17/6/19,ASIA,Shopify,F2,New,298,38179.0
17/6/19,USA,Retail,null,New,24475,1041072.0
17/6/19,USA,Shopify,C4,Existing,147,28993.0
17/6/19,OCEANIA,Shopify,F2,Existing,5022,948399.0
17/6/19,EUROPE,Retail,F1,Existing,6228,365006.0
17/6/19,SOUTH AMERICA,Retail,F2,Existing,1066,50895.0
17/6/19,SOUTH AMERICA,Shopify,C2,New,42,6242.0
17/6/19,OCEANIA,Shopify,C2,New,741,96882.0
17/6/19,USA,Shopify,F1,New,177,25574.0
17/6/19,CANADA,Shopify,null,New,126,17997.0
17/6/19,SOUTH AMERICA,Shopify,F3,New,3,525.0
17/6/19,CANADA,Retail,F3,New,17423,640234.0
17/6/19,SOUTH AMERICA,Shopify,F3,Existing,21,4109.0
17/6/19,CANADA,Shopify,C2,Existing,552,93997.0
17/6/19,EUROPE,Retail,null,Existing,2333,108061.0
17/6/19,AFRICA,Shopify,C1,New,250,28763.0
17/6/19,ASIA,Retail,C4,New,47440,1370396.0
17/6/19,EUROPE,Retail,F1,New,964,40801.0
17/6/19,CANADA,Shopify,C1,Existing,399,59678.0
17/6/19,OCEANIA,Shopify,F2,New,530,74815.0
17/6/19,CANADA,Shopify,C1,New,103,12072.0
17/6/19,OCEANIA,Shopify,C2,Existing,3591,630883.0
17/6/19,USA,Retail,F2,New,26873,1041806.0
17/6/19,CANADA,Retail,C4,New,12041,416026.0
17/6/19,AFRICA,Shopify,null,Guest,3200,531126.0
17/6/19,ASIA,Retail,F2,Existing,202859,9968169.0
17/6/19,CANADA,Shopify,C4,New,13,1498.0
17/6/19,SOUTH AMERICA,Shopify,C1,Existing,62,11223.0
17/6/19,ASIA,Retail,C4,Existing,97936,4414765.0
17/6/19,EUROPE,Retail,C3,Existing,14657,811949.0
17/6/19,SOUTH AMERICA,Retail,C1,Existing,2786,80964.0
17/6/19,EUROPE,Retail,null,Guest,106781,3529805.0
17/6/19,OCEANIA,Retail,F2,Existing,318908,16907256.0
17/6/19,EUROPE,Shopify,F2,Existing,168,38847.0
17/6/19,USA,Shopify,F3,New,80,13795.0
17/6/19,CANADA,Retail,C1,New,29349,758749.0
17/6/19,OCEANIA,Shopify,F3,New,223,29098.0
17/6/19,EUROPE,Shopify,F1,Existing,112,25514.0
17/6/19,ASIA,Shopify,null,New,326,40531.0
17/6/19,AFRICA,Shopify,C4,Existing,333,56938.0
17/6/19,ASIA,Shopify,C3,New,290,35533.0
17/6/19,AFRICA,Shopify,F2,Existing,3224,610534.0
17/6/19,AFRICA,Shopify,null,Existing,205,39092.0
17/6/19,AFRICA,Retail,C1,New,87891,2205236.0
17/6/19,ASIA,Shopify,null,Existing,232,34840.0
17/6/19,AFRICA,Retail,C4,New,43512,1490879.0
17/6/19,ASIA,Shopify,C4,New,52,6999.0
17/6/19,SOUTH AMERICA,Shopify,C1,New,20,3010.0
17/6/19,EUROPE,Retail,C1,New,4174,125946.0
10/6/19,AFRICA,Retail,C3,New,99440,3583429.0
10/6/19,EUROPE,Shopify,F1,Existing,130,24912.0
10/6/19,EUROPE,Shopify,F3,Existing,110,27438.0
10/6/19,ASIA,Retail,null,Guest,1940469,47863371.0
10/6/19,SOUTH AMERICA,Shopify,F3,New,4,438.0
10/6/19,USA,Shopify,C3,Existing,1287,248900.0
10/6/19,ASIA,Retail,F1,Existing,89698,4320748.0
10/6/19,ASIA,Retail,F1,New,28747,917468.0
10/6/19,OCEANIA,Shopify,F2,Existing,5254,1024245.0
10/6/19,USA,Retail,null,Guest,570872,17665063.0
10/6/19,ASIA,Retail,F2,New,65536,2085600.0
10/6/19,OCEANIA,Retail,null,Guest,2452736,63930481.0
10/6/19,EUROPE,Shopify,null,Guest,252,49071.0
10/6/19,SOUTH AMERICA,Retail,F2,Existing,914,44658.0
10/6/19,SOUTH AMERICA,Shopify,C4,New,4,596.0
10/6/19,CANADA,Retail,C4,New,11972,398975.0
10/6/19,USA,Shopify,C4,Existing,137,25720.0
10/6/19,SOUTH AMERICA,Shopify,C4,Existing,4,692.0
10/6/19,AFRICA,Shopify,F2,Existing,3472,670967.0
10/6/19,AFRICA,Retail,C3,Existing,259600,13472767.0
10/6/19,USA,Retail,F2,Existing,91203,5564759.0
10/6/19,EUROPE,Shopify,F2,New,8,1774.0
10/6/19,ASIA,Shopify,C1,New,322,33476.0
10/6/19,EUROPE,Retail,C3,Existing,14606,817840.0
10/6/19,EUROPE,Shopify,F2,Existing,184,42926.0
10/6/19,SOUTH AMERICA,Shopify,null,New,62,10619.0
10/6/19,ASIA,Shopify,F3,Existing,1402,257154.0
10/6/19,OCEANIA,Retail,C3,Existing,307517,15223053.0
10/6/19,EUROPE,Shopify,C3,Existing,142,34895.0
10/6/19,CANADA,Shopify,F2,Existing,1081,197788.0
10/6/19,CANADA,Shopify,C1,Existing,458,74866.0
10/6/19,AFRICA,Shopify,F3,Existing,1829,360593.0
10/6/19,CANADA,Retail,null,New,17779,707150.0
10/6/19,SOUTH AMERICA,Shopify,null,Existing,29,5298.0
10/6/19,EUROPE,Retail,null,Existing,2832,135583.0
10/6/19,AFRICA,Retail,null,Guest,1605198,45683094.0
10/6/19,USA,Shopify,F2,Existing,1879,370982.0
10/6/19,SOUTH AMERICA,Retail,C4,Existing,228,11457.0
10/6/19,USA,Shopify,F3,New,67,11002.0
10/6/19,CANADA,Shopify,C4,Existing,80,13563.0
10/6/19,OCEANIA,Shopify,C4,Existing,647,108826.0
10/6/19,ASIA,Shopify,F2,Existing,2210,393410.0
10/6/19,OCEANIA,Retail,F3,Existing,505774,28306508.0
10/6/19,AFRICA,Shopify,F2,New,289,44689.0
10/6/19,AFRICA,Retail,F2,Existing,254709,14154393.0
10/6/19,USA,Retail,C4,Existing,36231,1985537.0
10/6/19,ASIA,Retail,C3,Existing,217563,9939148.0
10/6/19,EUROPE,Retail,C1,Existing,13567,608300.0
10/6/19,CANADA,Shopify,F3,New,40,5606.0
10/6/19,USA,Shopify,C1,Existing,733,129616.0
10/6/19,SOUTH AMERICA,Retail,C1,New,2237,48587.0
10/6/19,USA,Shopify,C4,New,29,3204.0
10/6/19,USA,Shopify,C2,New,246,33437.0
10/6/19,EUROPE,Retail,null,Guest,106383,3563545.0
10/6/19,ASIA,Retail,C4,New,46898,1361886.0
10/6/19,EUROPE,Shopify,C4,New,3,719.0
10/6/19,USA,Retail,C1,Existing,53284,2308933.0
10/6/19,SOUTH AMERICA,Retail,C2,New,713,21058.0
10/6/19,OCEANIA,Retail,F1,Existing,140872,7229407.0
10/6/19,EUROPE,Retail,C3,New,4095,176906.0
10/6/19,EUROPE,Retail,C2,Existing,8926,440532.0
10/6/19,CANADA,Shopify,C1,New,105,11684.0
10/6/19,OCEANIA,Retail,F2,New,84465,2934750.0
10/6/19,ASIA,Retail,F3,Existing,361250,18238815.0
10/6/19,OCEANIA,Retail,F1,New,38505,1298346.0
10/6/19,EUROPE,Shopify,F1,New,2,330.0
10/6/19,OCEANIA,Shopify,C1,New,476,54769.0
10/6/19,AFRICA,Shopify,C1,New,273,33461.0
10/6/19,CANADA,Retail,C3,Existing,57148,2989057.0
10/6/19,OCEANIA,Shopify,F2,New,506,71253.0
10/6/19,EUROPE,Retail,F3,Existing,17643,1072062.0
10/6/19,CANADA,Shopify,null,Existing,89,13589.0
10/6/19,USA,Shopify,null,Guest,1790,314653.0
10/6/19,EUROPE,Shopify,null,Existing,21,5346.0
10/6/19,CANADA,Shopify,C3,Existing,658,117146.0
10/6/19,OCEANIA,Shopify,C4,New,92,11080.0
10/6/19,ASIA,Retail,C1,New,110267,2385371.0
10/6/19,AFRICA,Shopify,C4,New,79,10287.0
10/6/19,OCEANIA,Retail,C4,Existing,138043,6864037.0
10/6/19,CANADA,Retail,C3,New,26595,934354.0
10/6/19,USA,Retail,C2,New,23785,826850.0
10/6/19,EUROPE,Shopify,C4,Existing,13,3477.0
10/6/19,SOUTH AMERICA,Retail,F2,New,358,14557.0
10/6/19,USA,Shopify,C1,New,173,22635.0
10/6/19,SOUTH AMERICA,Shopify,C1,New,17,2481.0
10/6/19,USA,Retail,C1,New,32388,892871.0
10/6/19,ASIA,Shopify,C2,Existing,1695,284661.0
10/6/19,AFRICA,Retail,F1,Existing,93974,5165189.0
10/6/19,USA,Retail,C3,Existing,93507,5395078.0
10/6/19,EUROPE,Retail,C4,Existing,4738,261479.0
10/6/19,EUROPE,Retail,F1,New,909,35899.0
10/6/19,AFRICA,Retail,C4,Existing,106045,5530443.0
10/6/19,ASIA,Retail,null,New,73042,2473137.0
10/6/19,USA,Retail,F3,New,24938,991970.0
10/6/19,CANADA,Retail,F3,New,17589,647734.0
10/6/19,EUROPE,Shopify,null,New,14,3960.0
10/6/19,SOUTH AMERICA,Shopify,F2,New,13,2023.0
10/6/19,EUROPE,Retail,F2,Existing,13517,836261.0
10/6/19,CANADA,Shopify,C2,New,137,20817.0
10/6/19,OCEANIA,Retail,C1,New,140973,3287968.0
10/6/19,EUROPE,Retail,F2,New,1499,63988.0
10/6/19,EUROPE,Shopify,C1,New,17,2202.0
10/6/19,USA,Shopify,null,New,207,32873.0
10/6/19,USA,Retail,F2,New,26497,1043270.0
10/6/19,SOUTH AMERICA,Shopify,F3,Existing,23,5321.0
10/6/19,USA,Retail,C2,Existing,39468,1958181.0
10/6/19,USA,Retail,null,Existing,11678,599201.0
10/6/19,SOUTH AMERICA,Retail,null,Existing,561,22935.0
10/6/19,AFRICA,Retail,F1,New,22278,815552.0
10/6/19,ASIA,Retail,C2,Existing,110342,4232669.0
10/6/19,OCEANIA,Retail,C3,New,134230,4385594.0
10/6/19,EUROPE,Shopify,C3,New,12,2163.0
10/6/19,OCEANIA,Shopify,F1,Existing,3778,665862.0
10/6/19,CANADA,Retail,F2,Existing,57024,3223292.0
10/6/19,ASIA,Shopify,C4,Existing,252,39301.0
10/6/19,SOUTH AMERICA,Shopify,C1,Existing,66,12341.0
10/6/19,AFRICA,Retail,C2,Existing,100572,4424506.0
10/6/19,EUROPE,Retail,C2,New,2531,92900.0
10/6/19,CANADA,Retail,F1,Existing,24432,1364893.0
10/6/19,AFRICA,Retail,C4,New,42206,1453001.0
10/6/19,USA,Retail,F1,Existing,39694,2357833.0
10/6/19,AFRICA,Shopify,null,Guest,3400,553618.0
10/6/19,USA,Retail,C4,New,16473,594425.0
10/6/19,ASIA,Retail,F2,Existing,201885,9970781.0
10/6/19,AFRICA,Retail,F2,New,59990,2167545.0
10/6/19,CANADA,Shopify,F3,Existing,577,107940.0
10/6/19,SOUTH AMERICA,Shopify,F2,Existing,29,6452.0
10/6/19,OCEANIA,Retail,null,Existing,43158,1814066.0
10/6/19,AFRICA,Retail,F3,New,61614,2285957.0
10/6/19,CANADA,Retail,F2,New,16730,622599.0
10/6/19,AFRICA,Shopify,null,Existing,225,40122.0
10/6/19,CANADA,Retail,F1,New,6901,260829.0
10/6/19,SOUTH AMERICA,Retail,C3,New,752,28506.0
10/6/19,SOUTH AMERICA,Retail,C3,Existing,1039,50407.0
10/6/19,SOUTH AMERICA,Retail,null,New,2132,69776.0
10/6/19,SOUTH AMERICA,Shopify,C3,Existing,82,16220.0
10/6/19,AFRICA,Retail,F3,Existing,366468,21058788.0
10/6/19,OCEANIA,Retail,F2,Existing,318221,17187874.0
10/6/19,CANADA,Retail,C1,Existing,55042,2331370.0
10/6/19,OCEANIA,Retail,F3,New,98950,3397422.0
10/6/19,EUROPE,Shopify,F3,New,2,390.0
10/6/19,SOUTH AMERICA,Shopify,C2,Existing,85,16993.0
10/6/19,EUROPE,Retail,F1,Existing,6341,388425.0
10/6/19,OCEANIA,Shopify,C2,Existing,3873,700099.0
10/6/19,SOUTH AMERICA,Shopify,null,Guest,1082,203948.0
10/6/19,EUROPE,Retail,F3,New,1631,68969.0
10/6/19,OCEANIA,Shopify,null,Existing,504,92126.0
10/6/19,CANADA,Shopify,C3,New,100,13379.0
10/6/19,SOUTH AMERICA,Retail,F1,Existing,674,29386.0
10/6/19,EUROPE,Shopify,C2,Existing,142,32298.0
10/6/19,USA,Shopify,null,Existing,167,28347.0
10/6/19,AFRICA,Retail,null,Existing,31756,1423932.0
10/6/19,CANADA,Retail,C4,Existing,26548,1348660.0
10/6/19,ASIA,Shopify,C4,New,58,6976.0
10/6/19,ASIA,Shopify,null,Existing,239,36178.0
10/6/19,SOUTH AMERICA,Shopify,F1,Existing,55,12329.0
10/6/19,CANADA,Retail,null,Guest,437609,12110841.0
10/6/19,AFRICA,Retail,C2,New,50676,1584009.0
10/6/19,USA,Shopify,F3,Existing,915,189131.0
10/6/19,EUROPE,Retail,C1,New,3988,121329.0
10/6/19,CANADA,Retail,null,Existing,7134,355916.0
10/6/19,OCEANIA,Shopify,C3,New,590,84782.0
10/6/19,CANADA,Shopify,null,Guest,1147,186006.0
10/6/19,SOUTH AMERICA,Shopify,F1,New,5,591.0
10/6/19,CANADA,Shopify,F1,Existing,725,124503.0
10/6/19,OCEANIA,Retail,null,New,95953,3452208.0
10/6/19,USA,Shopify,F1,Existing,1375,250428.0
10/6/19,ASIA,Shopify,C2,New,418,48411.0
10/6/19,OCEANIA,Shopify,C1,Existing,2385,385139.0
10/6/19,AFRICA,Shopify,null,New,310,49177.0
10/6/19,AFRICA,Retail,C1,Existing,164167,6309504.0
10/6/19,CANADA,Retail,C1,New,29029,761907.0
10/6/19,EUROPE,Retail,C4,New,1632,69576.0
10/6/19,SOUTH AMERICA,Shopify,C3,New,25,3855.0
10/6/19,CANADA,Shopify,F1,New,92,13422.0
10/6/19,OCEANIA,Shopify,F1,New,419,53853.0
10/6/19,SOUTH AMERICA,Shopify,C2,New,43,6551.0
10/6/19,SOUTH AMERICA,Retail,F3,Existing,1015,48186.0
10/6/19,AFRICA,Shopify,C1,Existing,1306,206351.0
10/6/19,CANADA,Retail,C2,New,13503,420973.0
10/6/19,OCEANIA,Shopify,null,New,615,91443.0
10/6/19,ASIA,Shopify,null,New,327,45045.0
10/6/19,AFRICA,Shopify,C4,Existing,355,55804.0
10/6/19,OCEANIA,Retail,C2,New,92053,2523524.0
10/6/19,USA,Retail,F1,New,10987,432132.0
10/6/19,EUROPE,Shopify,C2,New,17,2989.0
10/6/19,OCEANIA,Shopify,F3,Existing,3160,616983.0
10/6/19,ASIA,Shopify,F1,New,242,29250.0
10/6/19,USA,Shopify,F2,New,182,29648.0
10/6/19,AFRICA,Shopify,C3,New,323,46484.0
10/6/19,CANADA,Shopify,C2,Existing,608,103504.0
10/6/19,USA,Shopify,C3,New,212,31518.0
10/6/19,OCEANIA,Retail,C4,New,57325,1817300.0
10/6/19,USA,Shopify,C2,Existing,1244,240933.0
10/6/19,OCEANIA,Shopify,C3,Existing,3771,703981.0
10/6/19,AFRICA,Shopify,C2,New,355,48232.0
10/6/19,SOUTH AMERICA,Retail,C2,Existing,723,29077.0
10/6/19,USA,Retail,C3,New,42033,1642732.0
10/6/19,CANADA,Shopify,null,New,126,19108.0
10/6/19,SOUTH AMERICA,Retail,null,Guest,399159,16029572.0
10/6/19,OCEANIA,Retail,C2,Existing,146928,5882328.0
10/6/19,ASIA,Shopify,F2,New,277,34312.0
10/6/19,ASIA,Retail,F3,New,80089,2551886.0
10/6/19,ASIA,Shopify,F1,Existing,1646,272539.0
10/6/19,ASIA,Shopify,C1,Existing,960,141855.0
10/6/19,ASIA,Retail,null,Existing,30317,1213423.0
10/6/19,ASIA,Retail,C4,Existing,97206,4385571.0
10/6/19,SOUTH AMERICA,Retail,C1,Existing,2643,74402.0
10/6/19,ASIA,Retail,C2,New,73758,1928884.0
10/6/19,SOUTH AMERICA,Retail,C4,New,209,7888.0
10/6/19,SOUTH AMERICA,Retail,F1,New,275,10793.0
10/6/19,AFRICA,Shopify,C2,Existing,1863,341969.0
10/6/19,CANADA,Retail,F3,Existing,86951,5007001.0
10/6/19,ASIA,Shopify,C3,New,307,38922.0
10/6/19,OCEANIA,Shopify,null,Guest,7163,1192869.0
10/6/19,ASIA,Shopify,F3,New,124,16171.0
10/6/19,OCEANIA,Shopify,F3,New,235,30484.0
10/6/19,AFRICA,Retail,C1,New,85190,2146934.0
10/6/19,EUROPE,Shopify,C1,Existing,117,25423.0
10/6/19,AFRICA,Shopify,C3,Existing,2100,401366.0
10/6/19,CANADA,Shopify,C4,New,17,1952.0
10/6/19,ASIA,Shopify,C3,Existing,1561,271084.0
10/6/19,AFRICA,Retail,null,New,68567,2709105.0
10/6/19,ASIA,Retail,C3,New,107494,3262039.0
10/6/19,AFRICA,Shopify,F3,New,129,18023.0
10/6/19,CANADA,Shopify,F2,New,108,15865.0
10/6/19,USA,Retail,null,New,25519,1095376.0
10/6/19,OCEANIA,Retail,C1,Existing,227364,8425635.0
10/6/19,AFRICA,Shopify,F1,New,185,26164.0
10/6/19,CANADA,Retail,C2,Existing,20978,946820.0
10/6/19,SOUTH AMERICA,Retail,F3,New,255,9844.0
10/6/19,ASIA,Retail,C1,Existing,160402,5362681.0
10/6/19,OCEANIA,Shopify,C2,New,751,99448.0
10/6/19,USA,Shopify,F1,New,164,22261.0
10/6/19,USA,Retail,F3,Existing,131620,8321738.0
10/6/19,AFRICA,Shopify,F1,Existing,2087,371712.0
10/6/19,EUROPE,Retail,null,New,3930,163838.0
10/6/19,ASIA,Shopify,null,Guest,3329,491734.0
3/6/19,SOUTH AMERICA,Shopify,C2,New,32,5686.0
3/6/19,AFRICA,Retail,C3,Existing,259023,13452948.0
3/6/19,ASIA,Retail,C3,Existing,216268,10045104.0
3/6/19,CANADA,Shopify,null,New,73,12374.0
3/6/19,EUROPE,Shopify,C3,Existing,117,37383.0
3/6/19,AFRICA,Retail,F2,New,59150,2162952.0
3/6/19,ASIA,Retail,F1,Existing,89027,4412254.0
3/6/19,SOUTH AMERICA,Shopify,F1,New,6,650.0
3/6/19,ASIA,Shopify,C1,New,243,24813.0
3/6/19,EUROPE,Retail,F2,New,1468,63098.0
3/6/19,ASIA,Retail,C4,New,45732,1357741.0
3/6/19,SOUTH AMERICA,Retail,C1,New,2240,50710.0
3/6/19,OCEANIA,Shopify,C1,Existing,1903,320969.0
3/6/19,OCEANIA,Retail,C2,Existing,145169,5966719.0
3/6/19,USA,Retail,F1,Existing,39255,2344702.0
3/6/19,OCEANIA,Shopify,C4,New,85,10836.0
3/6/19,USA,Retail,C4,New,16436,607669.0
3/6/19,CANADA,Retail,C4,New,11186,385829.0
3/6/19,USA,Shopify,C4,Existing,127,26053.0
3/6/19,SOUTH AMERICA,Shopify,C4,Existing,5,928.0
3/6/19,SOUTH AMERICA,Retail,null,New,2255,74055.0
3/6/19,OCEANIA,Shopify,null,New,436,65421.0
3/6/19,CANADA,Shopify,C3,New,77,11856.0
3/6/19,AFRICA,Retail,C1,New,84440,2151091.0
3/6/19,AFRICA,Shopify,F2,Existing,3121,605388.0
3/6/19,CANADA,Shopify,C2,Existing,444,80482.0
3/6/19,USA,Shopify,null,New,177,27191.0
3/6/19,USA,Retail,C1,New,32155,885653.0
3/6/19,ASIA,Shopify,C1,Existing,803,127646.0
3/6/19,SOUTH AMERICA,Shopify,null,Guest,894,166362.0
3/6/19,ASIA,Shopify,null,New,230,31920.0
3/6/19,EUROPE,Retail,null,Existing,2779,128857.0
3/6/19,EUROPE,Shopify,F1,Existing,119,28328.0
3/6/19,ASIA,Retail,F2,Existing,198650,10067270.0
3/6/19,AFRICA,Shopify,null,New,284,46822.0
3/6/19,ASIA,Shopify,C2,New,304,36809.0
3/6/19,SOUTH AMERICA,Retail,C4,Existing,274,13811.0
3/6/19,EUROPE,Shopify,F2,Existing,163,35494.0
3/6/19,USA,Shopify,F3,New,65,10211.0
3/6/19,SOUTH AMERICA,Shopify,C1,New,15,2710.0
3/6/19,SOUTH AMERICA,Retail,F2,Existing,893,43851.0
3/6/19,CANADA,Retail,null,New,16538,681786.0
3/6/19,SOUTH AMERICA,Shopify,null,Existing,26,4902.0
3/6/19,USA,Retail,C3,New,41740,1643855.0
3/6/19,EUROPE,Retail,C4,New,1503,62541.0
3/6/19,CANADA,Shopify,F3,New,31,3593.0
3/6/19,AFRICA,Shopify,C4,Existing,315,54407.0
3/6/19,USA,Shopify,C2,New,217,30489.0
3/6/19,OCEANIA,Shopify,F2,Existing,4411,856867.0
3/6/19,OCEANIA,Retail,F1,Existing,140362,7393194.0
3/6/19,OCEANIA,Retail,null,New,94137,3426756.0
3/6/19,CANADA,Retail,null,Existing,6826,337318.0
3/6/19,CANADA,Shopify,F1,Existing,444,82918.0
3/6/19,OCEANIA,Shopify,C3,New,448,66674.0
3/6/19,OCEANIA,Shopify,F1,New,317,45256.0
3/6/19,OCEANIA,Shopify,C4,Existing,544,100676.0
3/6/19,USA,Shopify,F3,Existing,785,163278.0
3/6/19,USA,Shopify,C1,Existing,685,121116.0
3/6/19,CANADA,Retail,C1,New,26808,724761.0
3/6/19,CANADA,Retail,C4,Existing,25346,1315931.0
3/6/19,SOUTH AMERICA,Retail,F1,New,276,10306.0
3/6/19,ASIA,Shopify,F3,Existing,1105,210692.0
3/6/19,SOUTH AMERICA,Retail,F3,New,278,11428.0
3/6/19,CANADA,Shopify,null,Existing,60,11093.0
3/6/19,USA,Retail,F3,Existing,130334,8119725.0
3/6/19,ASIA,Shopify,C2,Existing,1427,246157.0
3/6/19,CANADA,Retail,F3,New,16236,607616.0
3/6/19,SOUTH AMERICA,Shopify,F3,Existing,27,6455.0
3/6/19,SOUTH AMERICA,Retail,C1,Existing,2665,75911.0
3/6/19,EUROPE,Retail,null,Guest,104936,3506275.0
3/6/19,ASIA,Retail,C2,New,72748,1986365.0
3/6/19,OCEANIA,Shopify,F2,New,393,56085.0
3/6/19,OCEANIA,Shopify,F3,New,166,23726.0
3/6/19,EUROPE,Retail,C3,Existing,14117,793027.0
3/6/19,USA,Retail,F2,Existing,90021,5403063.0
3/6/19,USA,Retail,C4,Existing,36161,1977678.0
3/6/19,USA,Shopify,C2,Existing,1108,213025.0
3/6/19,AFRICA,Shopify,F1,New,156,23734.0
3/6/19,AFRICA,Shopify,F1,Existing,1864,344068.0
3/6/19,CANADA,Shopify,C2,New,96,11921.0
3/6/19,OCEANIA,Shopify,C2,New,569,79088.0
3/6/19,USA,Shopify,F1,New,160,24165.0
3/6/19,ASIA,Shopify,F1,New,167,20873.0
3/6/19,ASIA,Shopify,null,Guest,2719,403546.0
3/6/19,CANADA,Shopify,C1,Existing,307,48458.0
3/6/19,ASIA,Shopify,C3,New,238,31633.0
3/6/19,CANADA,Retail,C1,Existing,51093,2218774.0
3/6/19,OCEANIA,Retail,F2,Existing,313097,17200330.0
3/6/19,USA,Retail,C2,Existing,39280,1945746.0
3/6/19,USA,Shopify,C4,New,27,3513.0
3/6/19,EUROPE,Retail,C2,Existing,8920,436445.0
3/6/19,SOUTH AMERICA,Shopify,C3,New,23,3560.0
3/6/19,OCEANIA,Shopify,null,Existing,461,82194.0
3/6/19,OCEANIA,Shopify,C3,Existing,3087,593401.0
3/6/19,OCEANIA,Retail,C4,Existing,135984,6907095.0
3/6/19,CANADA,Retail,C3,New,24985,926872.0
3/6/19,EUROPE,Shopify,C4,Existing,10,2752.0
3/6/19,CANADA,Retail,F1,Existing,22641,1298192.0
3/6/19,SOUTH AMERICA,Retail,F2,New,324,12164.0
3/6/19,AFRICA,Shopify,null,Guest,3060,507445.0
3/6/19,USA,Shopify,C3,Existing,1213,245659.0
3/6/19,USA,Shopify,null,Existing,156,28847.0
3/6/19,CANADA,Shopify,F1,New,58,8630.0
3/6/19,AFRICA,Shopify,C1,Existing,1169,186837.0
3/6/19,AFRICA,Retail,null,Existing,32659,1449178.0
3/6/19,SOUTH AMERICA,Shopify,C2,Existing,88,17065.0
3/6/19,SOUTH AMERICA,Retail,C3,Existing,1063,50318.0
3/6/19,ASIA,Retail,F3,Existing,355271,18206165.0
3/6/19,OCEANIA,Retail,F1,New,38076,1340706.0
3/6/19,EUROPE,Shopify,F1,New,5,878.0
3/6/19,CANADA,Retail,F2,New,15625,589845.0
3/6/19,SOUTH AMERICA,Shopify,F2,Existing,29,5898.0
3/6/19,SOUTH AMERICA,Retail,C2,New,649,20538.0
3/6/19,USA,Retail,C1,Existing,53709,2295913.0
3/6/19,USA,Retail,null,New,25446,1074904.0
3/6/19,AFRICA,Shopify,C1,New,212,27107.0
3/6/19,AFRICA,Shopify,C4,New,46,6226.0
3/6/19,ASIA,Shopify,F2,Existing,1778,326617.0
3/6/19,SOUTH AMERICA,Retail,C3,New,775,30023.0
3/6/19,ASIA,Shopify,C4,Existing,192,32165.0
3/6/19,USA,Shopify,null,Guest,1712,311581.0
3/6/19,AFRICA,Shopify,C3,Existing,1849,358389.0
3/6/19,CANADA,Retail,C3,Existing,54220,2902083.0
3/6/19,ASIA,Shopify,F3,New,91,13064.0
3/6/19,OCEANIA,Retail,C4,New,56210,1825446.0
3/6/19,EUROPE,Shopify,C4,New,3,285.0
3/6/19,OCEANIA,Retail,F3,New,96550,3395023.0
3/6/19,EUROPE,Shopify,F3,New,2,322.0
3/6/19,CANADA,Retail,C2,Existing,19272,909254.0
3/6/19,CANADA,Retail,F3,Existing,80913,4773298.0
3/6/19,EUROPE,Retail,null,New,3808,165747.0
3/6/19,CANADA,Retail,C2,New,12499,401792.0
3/6/19,CANADA,Shopify,F3,Existing,421,81681.0
3/6/19,ASIA,Retail,F2,New,64297,2095862.0
3/6/19,USA,Shopify,F2,Existing,1657,330625.0
3/6/19,ASIA,Retail,null,Existing,30714,1239396.0
3/6/19,EUROPE,Shopify,null,Existing,13,3454.0
3/6/19,CANADA,Shopify,C1,New,70,9331.0
3/6/19,AFRICA,Retail,F2,Existing,254756,14309178.0
3/6/19,ASIA,Retail,null,Guest,1927024,48764427.0
3/6/19,EUROPE,Retail,C1,Existing,13447,607838.0
3/6/19,AFRICA,Shopify,null,Existing,220,43366.0
3/6/19,AFRICA,Retail,C2,New,50652,1586511.0
3/6/19,CANADA,Shopify,C4,Existing,58,9189.0
3/6/19,AFRICA,Retail,F1,Existing,93611,5172845.0
3/6/19,AFRICA,Retail,null,New,68515,2731504.0
3/6/19,AFRICA,Retail,C4,New,41300,1435531.0
3/6/19,OCEANIA,Retail,C1,Existing,224382,8490293.0
3/6/19,EUROPE,Shopify,C1,Existing,94,18830.0
3/6/19,AFRICA,Shopify,C2,New,304,43518.0
3/6/19,EUROPE,Retail,C3,New,4019,175896.0
3/6/19,OCEANIA,Retail,C1,New,138564,3282143.0
3/6/19,USA,Retail,F3,New,24821,986375.0
3/6/19,EUROPE,Retail,F2,Existing,13151,816408.0
3/6/19,ASIA,Shopify,F1,Existing,1312,219911.0
3/6/19,AFRICA,Shopify,F2,New,233,35167.0
3/6/19,AFRICA,Retail,F1,New,22220,838067.0
3/6/19,OCEANIA,Shopify,C1,New,390,44830.0
3/6/19,SOUTH AMERICA,Shopify,F3,New,3,266.0
3/6/19,OCEANIA,Retail,null,Guest,2420904,64596717.0
3/6/19,EUROPE,Shopify,null,Guest,206,38800.0
3/6/19,AFRICA,Retail,F3,New,60195,2265493.0
3/6/19,USA,Retail,null,Existing,11766,598011.0
3/6/19,CANADA,Retail,null,Guest,404311,11420255.0
3/6/19,OCEANIA,Retail,C2,New,90835,2578994.0
3/6/19,USA,Retail,F1,New,11030,442201.0
3/6/19,ASIA,Shopify,C3,Existing,1293,239224.0
3/6/19,OCEANIA,Shopify,F3,Existing,2588,524312.0
3/6/19,ASIA,Retail,C4,Existing,96385,4388868.0
3/6/19,CANADA,Shopify,F2,New,70,10141.0
3/6/19,AFRICA,Shopify,F3,New,109,16021.0
3/6/19,SOUTH AMERICA,Retail,null,Existing,582,23373.0
3/6/19,ASIA,Retail,C1,Existing,159815,5462733.0
3/6/19,AFRICA,Retail,C2,Existing,100738,4459363.0
3/6/19,EUROPE,Retail,C2,New,2508,90274.0
3/6/19,USA,Retail,F2,New,26219,1021034.0
3/6/19,USA,Retail,C3,Existing,93091,5305669.0
3/6/19,AFRICA,Shopify,C3,New,243,37714.0
3/6/19,ASIA,Retail,F3,New,78419,2530412.0
3/6/19,EUROPE,Retail,F1,New,942,40421.0
3/6/19,USA,Retail,null,Guest,567986,17435465.0
3/6/19,AFRICA,Shopify,F3,Existing,1614,330545.0
3/6/19,CANADA,Shopify,C3,Existing,483,88420.0
3/6/19,ASIA,Retail,C1,New,108965,2398317.0
3/6/19,OCEANIA,Shopify,null,Guest,6105,1045340.0
3/6/19,EUROPE,Shopify,null,New,13,4318.0
3/6/19,ASIA,Shopify,F2,New,205,27914.0
3/6/19,SOUTH AMERICA,Shopify,F2,New,8,1343.0
3/6/19,EUROPE,Retail,C4,Existing,4649,256703.0
3/6/19,ASIA,Retail,C3,New,105795,3317407.0
3/6/19,CANADA,Shopify,null,Guest,769,124851.0
3/6/19,AFRICA,Shopify,C2,Existing,1769,331268.0
3/6/19,EUROPE,Shopify,F3,Existing,110,32432.0
3/6/19,OCEANIA,Shopify,C2,Existing,3171,588846.0
3/6/19,USA,Shopify,F1,Existing,1207,218347.0
3/6/19,EUROPE,Retail,C1,New,3922,117988.0
3/6/19,OCEANIA,Retail,F2,New,82903,2948816.0
3/6/19,OCEANIA,Retail,C3,Existing,303994,15360658.0
3/6/19,SOUTH AMERICA,Shopify,C1,Existing,47,7572.0
3/6/19,SOUTH AMERICA,Retail,null,Guest,392782,15762408.0
3/6/19,AFRICA,Retail,C1,Existing,163958,6283607.0
3/6/19,EUROPE,Shopify,C2,New,10,2339.0
3/6/19,CANADA,Retail,F1,New,6468,255671.0
3/6/19,SOUTH AMERICA,Shopify,F1,Existing,51,10868.0
3/6/19,USA,Shopify,C3,New,154,26154.0
3/6/19,ASIA,Retail,C2,Existing,110197,4344007.0
3/6/19,ASIA,Shopify,C4,New,44,4768.0
3/6/19,AFRICA,Retail,C4,Existing,104528,5448670.0
3/6/19,ASIA,Retail,null,New,71776,2475741.0
3/6/19,EUROPE,Retail,F1,Existing,6246,380500.0
3/6/19,EUROPE,Shopify,C1,New,10,1786.0
3/6/19,ASIA,Shopify,null,Existing,211,35122.0
3/6/19,OCEANIA,Shopify,F1,Existing,2994,536591.0
3/6/19,EUROPE,Shopify,F2,New,9,1306.0
3/6/19,EUROPE,Retail,F3,New,1589,67115.0
3/6/19,OCEANIA,Retail,null,Existing,43211,1849402.0
3/6/19,SOUTH AMERICA,Retail,C2,Existing,764,30851.0
3/6/19,SOUTH AMERICA,Shopify,C4,New,4,637.0
3/6/19,EUROPE,Retail,F3,Existing,17081,1067882.0
3/6/19,SOUTH AMERICA,Retail,F3,Existing,1029,53625.0
3/6/19,OCEANIA,Retail,C3,New,132057,4465405.0
3/6/19,EUROPE,Shopify,C3,New,11,1746.0
3/6/19,USA,Shopify,C1,New,165,20343.0
3/6/19,OCEANIA,Retail,F3,Existing,496654,28028599.0
3/6/19,AFRICA,Retail,C3,New,98870,3620060.0
3/6/19,CANADA,Shopify,F2,Existing,798,152986.0
3/6/19,SOUTH AMERICA,Retail,F1,Existing,684,29715.0
3/6/19,CANADA,Retail,F2,Existing,52842,3080038.0
3/6/19,CANADA,Shopify,C4,New,14,2081.0
3/6/19,USA,Retail,C2,New,23247,803972.0
3/6/19,SOUTH AMERICA,Shopify,C3,Existing,76,16033.0
3/6/19,AFRICA,Retail,F3,Existing,365056,21045895.0
3/6/19,EUROPE,Shopify,C2,Existing,114,32838.0
3/6/19,SOUTH AMERICA,Retail,C4,New,208,7469.0
3/6/19,USA,Shopify,F2,New,151,24770.0
3/6/19,SOUTH AMERICA,Shopify,null,New,47,8303.0
3/6/19,ASIA,Retail,F1,New,28640,943816.0
3/6/19,AFRICA,Retail,null,Guest,1600497,45637911.0
27/5/19,OCEANIA,Retail,null,New,93464,3404361.0
27/5/19,AFRICA,Shopify,C2,Existing,1785,332354.0
27/5/19,ASIA,Retail,C2,New,72220,1898654.0
27/5/19,CANADA,Shopify,F2,Existing,958,176135.0
27/5/19,EUROPE,Retail,C4,New,1438,59846.0
27/5/19,CANADA,Retail,C3,New,25699,909179.0
27/5/19,SOUTH AMERICA,Shopify,C3,Existing,87,17553.0
27/5/19,SOUTH AMERICA,Retail,F3,New,295,11200.0
27/5/19,SOUTH AMERICA,Retail,F1,New,304,11341.0
27/5/19,OCEANIA,Shopify,F1,New,362,47484.0
27/5/19,CANADA,Retail,C3,Existing,57770,3014466.0
27/5/19,OCEANIA,Shopify,null,Existing,463,86949.0
27/5/19,AFRICA,Shopify,C4,Existing,311,53135.0
27/5/19,SOUTH AMERICA,Retail,null,Existing,550,24469.0
27/5/19,USA,Shopify,F2,New,155,23095.0
27/5/19,ASIA,Shopify,null,Guest,3040,462638.0
27/5/19,AFRICA,Retail,null,New,66485,2664099.0
27/5/19,CANADA,Shopify,F2,New,81,11018.0
27/5/19,USA,Retail,F3,New,23560,965719.0
27/5/19,EUROPE,Retail,F2,Existing,14135,877272.0
27/5/19,OCEANIA,Shopify,null,Guest,6605,1131882.0
27/5/19,ASIA,Retail,C1,Existing,161142,5466006.0
27/5/19,AFRICA,Shopify,F1,New,166,23205.0
27/5/19,CANADA,Shopify,F3,Existing,511,95250.0
27/5/19,OCEANIA,Retail,C4,Existing,140137,7030990.0
27/5/19,EUROPE,Shopify,C4,Existing,9,1717.0
27/5/19,USA,Retail,F3,Existing,126221,8196299.0
27/5/19,ASIA,Shopify,F3,Existing,1266,238627.0
27/5/19,SOUTH AMERICA,Shopify,F1,Existing,58,12984.0
27/5/19,AFRICA,Shopify,null,Existing,230,47258.0
27/5/19,CANADA,Retail,F1,Existing,24363,1343869.0
27/5/19,OCEANIA,Retail,C1,Existing,229956,8588671.0
27/5/19,OCEANIA,Retail,F1,New,37809,1261957.0
27/5/19,EUROPE,Shopify,C1,Existing,104,19961.0
27/5/19,EUROPE,Retail,null,New,3850,164728.0
27/5/19,CANADA,Shopify,F1,New,62,8984.0
27/5/19,SOUTH AMERICA,Retail,F2,New,368,14142.0
27/5/19,OCEANIA,Retail,F3,New,97669,3357654.0
27/5/19,EUROPE,Shopify,F3,New,2,1027.0
27/5/19,AFRICA,Shopify,null,Guest,3145,533417.0
27/5/19,AFRICA,Retail,F3,New,59572,2198404.0
27/5/19,OCEANIA,Shopify,C3,Existing,3535,693338.0
27/5/19,CANADA,Retail,F2,New,16428,611378.0
27/5/19,CANADA,Shopify,C1,New,92,10429.0
27/5/19,CANADA,Retail,C2,New,13112,404818.0
27/5/19,SOUTH AMERICA,Shopify,C2,Existing,92,18027.0
27/5/19,CANADA,Retail,C2,Existing,20835,938078.0
27/5/19,USA,Retail,C2,Existing,37628,1940308.0
27/5/19,USA,Shopify,C4,New,36,4821.0
27/5/19,ASIA,Shopify,F3,New,134,17312.0
27/5/19,CANADA,Retail,C1,Existing,54952,2337524.0
27/5/19,USA,Retail,F2,New,25063,997406.0
27/5/19,OCEANIA,Retail,C2,New,91340,2525867.0
27/5/19,USA,Retail,F1,New,10541,424918.0
27/5/19,EUROPE,Shopify,C2,New,12,2549.0
27/5/19,SOUTH AMERICA,Retail,F3,Existing,1016,51528.0
27/5/19,OCEANIA,Shopify,F3,Existing,2953,597020.0
27/5/19,AFRICA,Retail,F1,New,22131,801367.0
27/5/19,SOUTH AMERICA,Retail,null,Guest,396623,15890634.0
27/5/19,ASIA,Shopify,F2,New,236,31496.0
27/5/19,AFRICA,Retail,null,Existing,30323,1343480.0
27/5/19,AFRICA,Retail,F2,Existing,258599,14519012.0
27/5/19,ASIA,Shopify,null,Existing,192,33797.0
27/5/19,ASIA,Retail,null,Guest,1934125,48319102.0
27/5/19,AFRICA,Retail,F1,Existing,95417,5210213.0
27/5/19,ASIA,Shopify,F1,Existing,1456,246592.0
27/5/19,EUROPE,Retail,F1,New,876,36099.0
27/5/19,AFRICA,Shopify,C2,New,307,39030.0
27/5/19,ASIA,Retail,C3,New,104457,3184296.0
27/5/19,OCEANIA,Retail,C3,New,131621,4287216.0
27/5/19,ASIA,Retail,C2,Existing,110940,4281816.0
27/5/19,EUROPE,Shopify,C3,New,15,3769.0
27/5/19,AFRICA,Shopify,F3,Existing,1750,351038.0
27/5/19,USA,Retail,null,Guest,544199,17192641.0
27/5/19,AFRICA,Retail,C1,Existing,166549,6364450.0
27/5/19,ASIA,Retail,F3,Existing,363445,18592046.0
27/5/19,EUROPE,Shopify,F1,New,6,1022.0
27/5/19,EUROPE,Shopify,null,Existing,20,4764.0
27/5/19,ASIA,Shopify,null,New,271,37307.0
27/5/19,USA,Shopify,C1,New,137,17665.0
27/5/19,EUROPE,Retail,C3,New,3914,166119.0
27/5/19,SOUTH AMERICA,Retail,F2,Existing,871,44008.0
27/5/19,EUROPE,Retail,C2,New,2501,89293.0
27/5/19,OCEANIA,Retail,null,Guest,2459851,64581778.0
27/5/19,EUROPE,Shopify,null,Guest,221,40801.0
27/5/19,OCEANIA,Shopify,F2,Existing,4931,971900.0
27/5/19,OCEANIA,Retail,F2,New,84344,2945308.0
27/5/19,SOUTH AMERICA,Shopify,C1,Existing,58,10863.0
27/5/19,AFRICA,Retail,C1,New,84321,2110118.0
27/5/19,AFRICA,Shopify,F2,Existing,3256,629037.0
27/5/19,OCEANIA,Shopify,F3,New,210,30095.0
27/5/19,CANADA,Shopify,null,Guest,982,157677.0
27/5/19,USA,Shopify,null,Guest,1503,270440.0
27/5/19,USA,Retail,C3,Existing,90446,5317960.0
27/5/19,AFRICA,Retail,F2,New,59798,2179798.0
27/5/19,SOUTH AMERICA,Retail,C1,Existing,2743,77994.0
27/5/19,AFRICA,Retail,C3,New,97499,3473394.0
27/5/19,USA,Shopify,C2,Existing,1036,209191.0
27/5/19,EUROPE,Retail,F3,New,1503,59400.0
27/5/19,SOUTH AMERICA,Shopify,C2,New,50,8488.0
27/5/19,ASIA,Retail,F1,Existing,89208,4354342.0
27/5/19,USA,Shopify,null,New,162,26741.0
27/5/19,OCEANIA,Retail,C1,New,140362,3258172.0
27/5/19,EUROPE,Shopify,C1,New,12,2356.0
27/5/19,EUROPE,Shopify,null,New,10,2760.0
27/5/19,USA,Retail,null,Existing,10403,537728.0
27/5/19,ASIA,Retail,F2,New,64979,2098106.0
27/5/19,AFRICA,Retail,C2,Existing,101494,4474154.0
27/5/19,OCEANIA,Shopify,C2,Existing,3568,672860.0
27/5/19,CANADA,Retail,F1,New,6769,246678.0
27/5/19,USA,Shopify,F1,Existing,1179,212226.0
27/5/19,ASIA,Shopify,C4,Existing,216,37342.0
27/5/19,SOUTH AMERICA,Retail,C3,New,747,28725.0
27/5/19,SOUTH AMERICA,Shopify,F2,Existing,28,5104.0
27/5/19,EUROPE,Retail,C4,Existing,4605,257014.0
27/5/19,EUROPE,Shopify,F2,New,13,1823.0
27/5/19,CANADA,Retail,C4,New,11368,371786.0
27/5/19,SOUTH AMERICA,Shopify,C4,Existing,7,1122.0
27/5/19,EUROPE,Retail,F1,Existing,6712,407181.0
27/5/19,USA,Shopify,C3,New,176,26349.0
27/5/19,ASIA,Shopify,C1,New,240,24873.0
27/5/19,OCEANIA,Retail,C4,New,56004,1764057.0
27/5/19,CANADA,Shopify,C3,New,84,10731.0
27/5/19,USA,Retail,null,New,23424,1039651.0
27/5/19,ASIA,Shopify,C3,Existing,1446,261402.0
27/5/19,ASIA,Shopify,C3,New,265,35873.0
27/5/19,AFRICA,Retail,C2,New,50947,1579930.0
27/5/19,ASIA,Shopify,F1,New,233,28376.0
27/5/19,AFRICA,Shopify,C3,New,263,39207.0
27/5/19,ASIA,Retail,F1,New,28583,916053.0
27/5/19,USA,Shopify,C3,Existing,1164,234798.0
27/5/19,SOUTH AMERICA,Shopify,F2,New,9,1733.0
27/5/19,SOUTH AMERICA,Retail,C2,Existing,749,32421.0
27/5/19,SOUTH AMERICA,Shopify,C4,New,6,828.0
27/5/19,OCEANIA,Shopify,C1,Existing,2205,369027.0
27/5/19,EUROPE,Retail,C3,Existing,14601,820896.0
27/5/19,CANADA,Shopify,C4,Existing,79,13461.0
27/5/19,AFRICA,Retail,C3,Existing,262506,13619466.0
27/5/19,EUROPE,Retail,F2,New,1614,68404.0
27/5/19,CANADA,Retail,null,Guest,432663,11944493.0
27/5/19,SOUTH AMERICA,Retail,C3,Existing,1007,50538.0
27/5/19,AFRICA,Retail,C4,Existing,106442,5532284.0
27/5/19,SOUTH AMERICA,Retail,null,New,2236,72329.0
27/5/19,SOUTH AMERICA,Retail,F1,Existing,598,26633.0
27/5/19,ASIA,Retail,C4,Existing,99345,4516588.0
27/5/19,AFRICA,Shopify,F3,New,101,15061.0
27/5/19,OCEANIA,Retail,C3,Existing,312786,15565079.0
27/5/19,EUROPE,Shopify,C3,Existing,145,38607.0
27/5/19,EUROPE,Retail,C1,New,3885,116253.0
27/5/19,OCEANIA,Shopify,F2,New,427,61167.0
27/5/19,USA,Shopify,F2,Existing,1555,321584.0
27/5/19,AFRICA,Retail,null,Guest,1609259,46030335.0
27/5/19,SOUTH AMERICA,Shopify,F1,New,6,1059.0
27/5/19,CANADA,Shopify,C1,Existing,404,63814.0
27/5/19,EUROPE,Retail,null,Existing,2644,124267.0
27/5/19,EUROPE,Retail,C2,Existing,9292,452379.0
27/5/19,SOUTH AMERICA,Shopify,C3,New,16,2860.0
27/5/19,EUROPE,Shopify,C4,New,5,480.0
27/5/19,AFRICA,Retail,F3,Existing,371766,21477926.0
27/5/19,USA,Retail,C4,New,15253,550872.0
27/5/19,SOUTH AMERICA,Retail,C4,New,201,7960.0
27/5/19,AFRICA,Shopify,F1,Existing,1875,342157.0
27/5/19,CANADA,Retail,C1,New,28609,747297.0
27/5/19,USA,Shopify,C1,Existing,607,109976.0
27/5/19,ASIA,Shopify,C2,Existing,1626,275988.0
27/5/19,ASIA,Retail,F3,New,78779,2515886.0
27/5/19,ASIA,Retail,C4,New,45621,1323488.0
27/5/19,USA,Shopify,C4,Existing,120,23017.0
27/5/19,ASIA,Shopify,C4,New,49,5526.0
27/5/19,CANADA,Shopify,null,Existing,74,13176.0
27/5/19,ASIA,Retail,null,Existing,28908,1143743.0
27/5/19,AFRICA,Shopify,F2,New,249,34925.0
27/5/19,OCEANIA,Retail,null,Existing,40770,1736084.0
27/5/19,OCEANIA,Shopify,F1,Existing,3384,613953.0
27/5/19,OCEANIA,Retail,F3,Existing,509868,28766028.0
27/5/19,EUROPE,Shopify,F3,Existing,115,32253.0
27/5/19,SOUTH AMERICA,Retail,C4,Existing,261,12302.0
27/5/19,CANADA,Retail,null,New,16821,666626.0
27/5/19,ASIA,Shopify,C2,New,356,44367.0
27/5/19,SOUTH AMERICA,Shopify,null,Existing,30,5052.0
27/5/19,CANADA,Shopify,C2,Existing,510,91134.0
27/5/19,CANADA,Retail,F3,Existing,86532,5007272.0
27/5/19,AFRICA,Shopify,C3,Existing,1992,391013.0
27/5/19,OCEANIA,Shopify,C2,New,670,88225.0
27/5/19,USA,Shopify,F1,New,144,20327.0
27/5/19,SOUTH AMERICA,Shopify,C1,New,24,2699.0
27/5/19,OCEANIA,Shopify,C1,New,403,47061.0
27/5/19,USA,Shopify,C2,New,201,30904.0
27/5/19,ASIA,Retail,C1,New,108327,2362584.0
27/5/19,OCEANIA,Shopify,null,New,484,72244.0
27/5/19,AFRICA,Shopify,C4,New,57,7450.0
27/5/19,CANADA,Shopify,F1,Existing,595,105847.0
27/5/19,OCEANIA,Retail,F1,Existing,141321,7291613.0
27/5/19,EUROPE,Shopify,F1,Existing,133,28983.0
27/5/19,SOUTH AMERICA,Retail,C1,New,2060,45982.0
27/5/19,AFRICA,Shopify,C1,Existing,1191,189120.0
27/5/19,SOUTH AMERICA,Shopify,null,Guest,1065,200641.0
27/5/19,SOUTH AMERICA,Shopify,F3,New,2,153.0
27/5/19,USA,Retail,F2,Existing,86183,5371202.0
27/5/19,OCEANIA,Retail,F2,Existing,319764,17500209.0
27/5/19,SOUTH AMERICA,Retail,C2,New,619,19743.0
27/5/19,EUROPE,Retail,C1,Existing,14234,641348.0
27/5/19,CANADA,Shopify,C3,Existing,574,110605.0
27/5/19,SOUTH AMERICA,Shopify,null,New,62,11186.0
27/5/19,AFRICA,Shopify,C1,New,231,28467.0
27/5/19,CANADA,Retail,F3,New,16863,613972.0
27/5/19,SOUTH AMERICA,Shopify,F3,Existing,28,5815.0
27/5/19,ASIA,Retail,F2,Existing,202559,10143740.0
27/5/19,AFRICA,Shopify,null,New,244,39410.0
27/5/19,USA,Retail,C1,New,30758,858756.0
27/5/19,EUROPE,Retail,F3,Existing,17898,1106037.0
27/5/19,EUROPE,Retail,null,Guest,109193,3624617.0
27/5/19,CANADA,Shopify,F3,New,41,5122.0
27/5/19,USA,Retail,C3,New,39596,1593860.0
27/5/19,USA,Retail,C2,New,22348,780923.0
27/5/19,USA,Shopify,F3,Existing,762,159838.0
27/5/19,OCEANIA,Retail,C2,Existing,148681,5972766.0
27/5/19,USA,Retail,F1,Existing,37566,2283740.0
27/5/19,OCEANIA,Shopify,C4,New,96,11908.0
27/5/19,CANADA,Retail,C4,Existing,26973,1363770.0
27/5/19,CANADA,Shopify,null,New,100,15446.0
27/5/19,ASIA,Shopify,F2,Existing,1968,360861.0
27/5/19,ASIA,Retail,C3,Existing,221091,10133729.0
27/5/19,USA,Retail,C1,Existing,50771,2248577.0
27/5/19,CANADA,Retail,F2,Existing,57005,3210013.0
27/5/19,CANADA,Shopify,C4,New,9,876.0
27/5/19,CANADA,Retail,null,Existing,6794,323889.0
27/5/19,OCEANIA,Shopify,C3,New,510,73836.0
27/5/19,CANADA,Shopify,C2,New,111,15180.0
27/5/19,EUROPE,Shopify,C2,Existing,136,40151.0
27/5/19,AFRICA,Retail,C4,New,40179,1368641.0
27/5/19,ASIA,Shopify,C1,Existing,845,129910.0
27/5/19,OCEANIA,Shopify,C4,Existing,577,102369.0
27/5/19,USA,Retail,C4,Existing,34869,1956247.0
27/5/19,ASIA,Retail,null,New,69908,2421273.0
27/5/19,USA,Shopify,null,Existing,131,22389.0
27/5/19,EUROPE,Shopify,F2,Existing,193,45373.0
27/5/19,USA,Shopify,F3,New,58,8358.0
20/5/19,USA,Shopify,C3,New,158,28404.0
20/5/19,ASIA,Shopify,C1,Existing,818,133111.0
20/5/19,EUROPE,Shopify,F2,Existing,175,40857.0
20/5/19,AFRICA,Shopify,null,New,232,38939.0
20/5/19,ASIA,Shopify,C2,New,301,40418.0
20/5/19,SOUTH AMERICA,Shopify,null,Existing,14,2457.0
20/5/19,CANADA,Retail,C4,Existing,27456,1375604.0
20/5/19,CANADA,Shopify,C3,New,68,11091.0
20/5/19,OCEANIA,Retail,C4,New,54524,1685866.0
20/5/19,CANADA,Shopify,null,Guest,895,154009.0
20/5/19,AFRICA,Shopify,C2,New,260,39987.0
20/5/19,USA,Retail,C3,New,40330,1550810.0
20/5/19,SOUTH AMERICA,Retail,C3,New,832,31843.0
20/5/19,EUROPE,Retail,C4,New,1318,51195.0
20/5/19,ASIA,Shopify,C2,Existing,1533,271159.0
20/5/19,SOUTH AMERICA,Shopify,F2,New,8,1283.0
20/5/19,ASIA,Shopify,C3,Existing,1372,264828.0
20/5/19,EUROPE,Retail,C1,New,3959,115386.0
20/5/19,CANADA,Retail,null,Existing,6217,295055.0
20/5/19,OCEANIA,Shopify,C3,New,420,68001.0
20/5/19,OCEANIA,Retail,null,New,87941,3208119.0
20/5/19,EUROPE,Shopify,null,New,10,3906.0
20/5/19,USA,Retail,null,Existing,9999,486684.0
20/5/19,ASIA,Retail,F3,New,78317,2494603.0
20/5/19,SOUTH AMERICA,Shopify,null,Guest,986,191196.0
20/5/19,EUROPE,Shopify,null,Existing,13,2689.0
20/5/19,AFRICA,Shopify,C1,Existing,1168,193618.0
20/5/19,AFRICA,Retail,F2,Existing,259540,14580487.0
20/5/19,AFRICA,Shopify,C4,New,46,5708.0
20/5/19,OCEANIA,Shopify,C2,Existing,3443,654684.0
20/5/19,SOUTH AMERICA,Retail,C3,Existing,1087,49927.0
20/5/19,USA,Shopify,F3,New,49,7986.0
20/5/19,AFRICA,Retail,C4,New,38649,1309540.0
20/5/19,AFRICA,Retail,C1,New,84460,2115562.0
20/5/19,AFRICA,Shopify,C3,New,227,35109.0
20/5/19,CANADA,Retail,null,Guest,438109,12016285.0
20/5/19,SOUTH AMERICA,Retail,F1,New,299,10807.0
20/5/19,USA,Shopify,F3,Existing,769,163287.0
20/5/19,ASIA,Retail,C4,Existing,100016,4515254.0
20/5/19,SOUTH AMERICA,Retail,C1,Existing,2726,80512.0
20/5/19,AFRICA,Shopify,F3,New,85,13361.0
20/5/19,ASIA,Shopify,F1,New,175,24486.0
20/5/19,AFRICA,Shopify,C2,Existing,1751,339159.0
20/5/19,EUROPE,Shopify,C4,Existing,13,2668.0
20/5/19,ASIA,Shopify,C3,New,209,30802.0
20/5/19,SOUTH AMERICA,Shopify,C3,Existing,73,15086.0
20/5/19,OCEANIA,Retail,C4,Existing,140076,6976999.0
20/5/19,CANADA,Retail,C3,New,25846,898738.0
20/5/19,OCEANIA,Shopify,null,Existing,454,82669.0
20/5/19,SOUTH AMERICA,Shopify,F1,New,9,1480.0
20/5/19,USA,Shopify,F2,New,146,24874.0
20/5/19,OCEANIA,Shopify,F1,Existing,3224,603618.0
20/5/19,CANADA,Retail,C3,Existing,58018,2959326.0
20/5/19,ASIA,Shopify,null,Guest,2855,463480.0
20/5/19,EUROPE,Retail,null,New,3591,147156.0
20/5/19,SOUTH AMERICA,Retail,F1,Existing,681,32460.0
20/5/19,USA,Retail,null,New,22958,996172.0
20/5/19,CANADA,Shopify,F1,Existing,573,102535.0
20/5/19,SOUTH AMERICA,Retail,C2,New,649,19830.0
20/5/19,USA,Retail,C1,Existing,53725,2293459.0
20/5/19,OCEANIA,Shopify,C1,Existing,2161,364278.0
20/5/19,SOUTH AMERICA,Retail,C2,Existing,737,31358.0
20/5/19,USA,Shopify,C4,Existing,126,25173.0
20/5/19,USA,Shopify,F1,New,105,15202.0
20/5/19,OCEANIA,Shopify,C2,New,560,83117.0
20/5/19,SOUTH AMERICA,Shopify,F3,Existing,20,4249.0
20/5/19,CANADA,Shopify,F2,New,76,12225.0
20/5/19,OCEANIA,Retail,C3,New,129310,4152692.0
20/5/19,CANADA,Retail,F3,Existing,86602,4909455.0
20/5/19,SOUTH AMERICA,Shopify,F2,Existing,28,5613.0
20/5/19,SOUTH AMERICA,Retail,C1,New,2060,47769.0
20/5/19,CANADA,Shopify,C2,Existing,497,91623.0
20/5/19,AFRICA,Shopify,null,Existing,195,39819.0
20/5/19,ASIA,Retail,null,Existing,26640,1067703.0
20/5/19,USA,Retail,C2,Existing,39058,1936014.0
20/5/19,USA,Shopify,C2,Existing,1065,213308.0
20/5/19,SOUTH AMERICA,Retail,F2,New,374,15430.0
20/5/19,SOUTH AMERICA,Shopify,C1,New,15,2204.0
20/5/19,AFRICA,Retail,null,New,62244,2508520.0
20/5/19,ASIA,Retail,C1,Existing,164051,5522407.0
20/5/19,AFRICA,Shopify,F1,New,145,21980.0
20/5/19,CANADA,Retail,F1,Existing,24857,1377196.0
20/5/19,ASIA,Retail,null,Guest,1954454,48837957.0
20/5/19,OCEANIA,Shopify,C1,New,356,44912.0
20/5/19,AFRICA,Shopify,F1,Existing,1839,342282.0
20/5/19,USA,Retail,F3,Existing,129937,8077600.0
20/5/19,ASIA,Shopify,F2,Existing,1916,361462.0
20/5/19,CANADA,Shopify,C2,New,85,11623.0
20/5/19,SOUTH AMERICA,Retail,null,Guest,394223,15808311.0
20/5/19,OCEANIA,Retail,C2,Existing,148845,5873495.0
20/5/19,USA,Retail,F1,Existing,39148,2303175.0
20/5/19,EUROPE,Shopify,C2,Existing,119,31382.0
20/5/19,OCEANIA,Retail,F2,New,85760,3012349.0
20/5/19,EUROPE,Shopify,F2,New,8,1856.0
20/5/19,USA,Shopify,null,New,144,25075.0
20/5/19,CANADA,Retail,F1,New,6839,263569.0
20/5/19,SOUTH AMERICA,Retail,null,Existing,517,21172.0
20/5/19,CANADA,Retail,C2,Existing,20940,927631.0
20/5/19,CANADA,Shopify,C4,New,12,1219.0
20/5/19,OCEANIA,Retail,F3,New,96382,3260782.0
20/5/19,AFRICA,Retail,C4,Existing,105414,5498455.0
20/5/19,ASIA,Retail,null,New,66151,2322501.0
20/5/19,CANADA,Shopify,F3,Existing,491,96341.0
20/5/19,AFRICA,Shopify,C3,Existing,1856,373005.0
20/5/19,OCEANIA,Shopify,F2,New,374,57682.0
20/5/19,USA,Shopify,null,Existing,115,21801.0
20/5/19,EUROPE,Shopify,F3,New,1,218.0
20/5/19,OCEANIA,Retail,C1,Existing,231743,8517612.0
20/5/19,EUROPE,Shopify,C1,Existing,99,21089.0
20/5/19,ASIA,Shopify,F3,Existing,1202,233025.0
20/5/19,OCEANIA,Shopify,F1,New,263,37461.0
20/5/19,EUROPE,Shopify,C3,Existing,130,38388.0
20/5/19,AFRICA,Shopify,C1,New,186,24363.0
20/5/19,OCEANIA,Shopify,C3,Existing,3347,667340.0
20/5/19,EUROPE,Retail,C2,Existing,9238,439283.0
20/5/19,CANADA,Shopify,C1,New,73,9509.0
20/5/19,CANADA,Retail,F2,Existing,58405,3295143.0
20/5/19,CANADA,Shopify,C1,Existing,357,58469.0
20/5/19,OCEANIA,Retail,F1,Existing,143161,7317748.0
20/5/19,EUROPE,Shopify,F1,Existing,127,29399.0
20/5/19,SOUTH AMERICA,Shopify,F3,New,3,429.0
20/5/19,USA,Retail,C1,New,32448,877361.0
20/5/19,ASIA,Shopify,null,New,227,32303.0
20/5/19,ASIA,Retail,C4,New,45279,1301934.0
20/5/19,EUROPE,Retail,null,Guest,107549,3499613.0
20/5/19,CANADA,Shopify,F3,New,28,3927.0
20/5/19,AFRICA,Retail,C1,Existing,166369,6350295.0
20/5/19,AFRICA,Retail,F3,New,58355,2158907.0
20/5/19,CANADA,Retail,F2,New,17036,632337.0
20/5/19,USA,Shopify,C2,New,180,25805.0
20/5/19,ASIA,Retail,F1,Existing,91040,4454659.0
20/5/19,USA,Shopify,C3,Existing,1172,240721.0
20/5/19,SOUTH AMERICA,Shopify,F1,Existing,58,13276.0
20/5/19,EUROPE,Retail,C3,New,3556,145957.0
20/5/19,SOUTH AMERICA,Retail,C4,New,187,9091.0
20/5/19,SOUTH AMERICA,Shopify,C2,New,43,7272.0
20/5/19,OCEANIA,Retail,C2,New,91473,2496378.0
20/5/19,USA,Retail,F1,New,11397,458961.0
20/5/19,OCEANIA,Shopify,F3,Existing,2703,560410.0
20/5/19,AFRICA,Shopify,null,Guest,3079,541797.0
20/5/19,OCEANIA,Retail,C3,Existing,311723,15329192.0
20/5/19,USA,Retail,C4,New,15806,564051.0
20/5/19,OCEANIA,Shopify,F3,New,173,26801.0
20/5/19,EUROPE,Shopify,C2,New,6,1069.0
20/5/19,EUROPE,Retail,F1,Existing,6664,386810.0
20/5/19,CANADA,Shopify,null,New,85,14219.0
20/5/19,USA,Shopify,C4,New,27,4030.0
20/5/19,CANADA,Shopify,C3,Existing,554,102942.0
20/5/19,AFRICA,Shopify,F2,New,224,35286.0
20/5/19,AFRICA,Retail,F1,Existing,94846,5198620.0
20/5/19,USA,Shopify,C1,New,124,15443.0
20/5/19,ASIA,Shopify,C4,Existing,199,35539.0
20/5/19,OCEANIA,Shopify,C4,New,66,9754.0
20/5/19,CANADA,Retail,F3,New,17093,614999.0
20/5/19,USA,Retail,C2,New,23811,805348.0
20/5/19,ASIA,Retail,C1,New,110131,2390065.0
20/5/19,ASIA,Retail,F1,New,29379,965579.0
20/5/19,ASIA,Retail,C2,New,72817,1921370.0
20/5/19,EUROPE,Retail,F3,New,1582,64241.0
20/5/19,AFRICA,Retail,C2,Existing,101062,4413002.0
20/5/19,AFRICA,Shopify,C4,Existing,303,52872.0
20/5/19,EUROPE,Retail,F1,New,896,34406.0
20/5/19,USA,Shopify,F1,Existing,1204,227255.0
20/5/19,ASIA,Retail,F2,Existing,205552,10323635.0
20/5/19,ASIA,Shopify,C4,New,32,4574.0
20/5/19,AFRICA,Retail,C3,Existing,258358,13368941.0
20/5/19,ASIA,Shopify,C1,New,200,23187.0
20/5/19,ASIA,Shopify,F2,New,194,27759.0
20/5/19,USA,Retail,F2,New,27192,1069622.0
20/5/19,AFRICA,Retail,null,Existing,27513,1220796.0
20/5/19,AFRICA,Retail,C3,New,94309,3341829.0
20/5/19,ASIA,Retail,C3,New,104731,3173771.0
20/5/19,CANADA,Retail,null,New,16418,667358.0
20/5/19,AFRICA,Retail,null,Guest,1593928,45355725.0
20/5/19,SOUTH AMERICA,Retail,C4,Existing,277,13395.0
20/5/19,ASIA,Shopify,F1,Existing,1394,243650.0
20/5/19,ASIA,Shopify,null,Existing,177,30466.0
20/5/19,EUROPE,Retail,C2,New,2457,85920.0
20/5/19,SOUTH AMERICA,Retail,F3,Existing,1018,52824.0
20/5/19,AFRICA,Shopify,F3,Existing,1622,333331.0
20/5/19,ASIA,Retail,C3,Existing,222441,10162950.0
20/5/19,CANADA,Shopify,F2,Existing,913,173246.0
20/5/19,EUROPE,Retail,F2,New,1544,61148.0
20/5/19,EUROPE,Shopify,C1,New,10,1150.0
20/5/19,ASIA,Retail,F3,Existing,364263,18562180.0
20/5/19,OCEANIA,Retail,F1,New,39150,1313097.0
20/5/19,EUROPE,Shopify,F1,New,2,761.0
20/5/19,OCEANIA,Retail,C1,New,141126,3213361.0
20/5/19,EUROPE,Retail,C4,Existing,4411,235493.0
20/5/19,OCEANIA,Retail,null,Existing,37310,1559525.0
20/5/19,USA,Shopify,null,Guest,1589,298931.0
20/5/19,EUROPE,Retail,C1,Existing,14177,614901.0
20/5/19,SOUTH AMERICA,Shopify,C4,New,4,693.0
20/5/19,ASIA,Retail,F2,New,66806,2188303.0
20/5/19,USA,Shopify,F2,Existing,1544,322146.0
20/5/19,EUROPE,Retail,C3,Existing,14283,763224.0
20/5/19,CANADA,Shopify,C4,Existing,61,9967.0
20/5/19,USA,Retail,F3,New,24405,958524.0
20/5/19,EUROPE,Retail,F2,Existing,14153,835598.0
20/5/19,OCEANIA,Retail,null,Guest,2476377,64340543.0
20/5/19,EUROPE,Shopify,null,Guest,220,45260.0
20/5/19,CANADA,Shopify,null,Existing,66,12411.0
20/5/19,CANADA,Retail,C1,Existing,55245,2307851.0
20/5/19,EUROPE,Shopify,C4,New,2,611.0
20/5/19,AFRICA,Retail,F1,New,22046,822276.0
20/5/19,EUROPE,Retail,F3,Existing,17758,1054545.0
20/5/19,AFRICA,Retail,F2,New,59716,2215666.0
20/5/19,USA,Retail,C3,Existing,93606,5296763.0
20/5/19,SOUTH AMERICA,Shopify,null,New,51,8342.0
20/5/19,AFRICA,Retail,C2,New,49934,1547401.0
20/5/19,OCEANIA,Shopify,null,Guest,6416,1130692.0
20/5/19,ASIA,Retail,C2,Existing,112619,4325275.0
20/5/19,EUROPE,Shopify,C3,New,13,2083.0
20/5/19,SOUTH AMERICA,Retail,null,New,2139,69959.0
20/5/19,ASIA,Shopify,F3,New,82,11704.0
20/5/19,USA,Retail,null,Guest,567331,17348953.0
20/5/19,USA,Shopify,C1,Existing,652,119971.0
20/5/19,SOUTH AMERICA,Shopify,C1,Existing,53,9940.0
20/5/19,USA,Retail,C4,Existing,36297,1983386.0
20/5/19,OCEANIA,Shopify,F2,Existing,4640,939368.0
20/5/19,CANADA,Retail,C1,New,29085,746891.0
20/5/19,USA,Retail,F2,Existing,91357,5471678.0
20/5/19,AFRICA,Retail,F3,Existing,367305,21095771.0
20/5/19,SOUTH AMERICA,Retail,F2,Existing,957,48464.0
20/5/19,AFRICA,Shopify,F2,Existing,3135,605674.0
20/5/19,CANADA,Shopify,F1,New,44,6715.0
20/5/19,CANADA,Retail,C4,New,11736,376681.0
20/5/19,SOUTH AMERICA,Shopify,C4,Existing,6,762.0
20/5/19,OCEANIA,Retail,F2,Existing,321261,17472257.0
20/5/19,EUROPE,Retail,null,Existing,2522,114339.0
20/5/19,SOUTH AMERICA,Shopify,C3,New,22,2718.0
20/5/19,OCEANIA,Shopify,null,New,482,80231.0
20/5/19,OCEANIA,Shopify,C4,Existing,526,98467.0
20/5/19,OCEANIA,Retail,F3,Existing,507529,28207017.0
20/5/19,EUROPE,Shopify,F3,Existing,116,30252.0
20/5/19,SOUTH AMERICA,Retail,F3,New,284,10984.0
20/5/19,CANADA,Retail,C2,New,13445,415923.0
20/5/19,SOUTH AMERICA,Shopify,C2,Existing,90,17406.0
13/5/19,CANADA,Shopify,C2,Existing,518,93649.0
13/5/19,EUROPE,Retail,C1,New,3978,115663.0
13/5/19,EUROPE,Shopify,F3,New,1,91.0
13/5/19,SOUTH AMERICA,Retail,C2,Existing,777,32981.0
13/5/19,SOUTH AMERICA,Shopify,F1,New,9,1734.0
13/5/19,CANADA,Shopify,F1,Existing,602,105449.0
13/5/19,USA,Retail,C3,New,41163,1624276.0
13/5/19,EUROPE,Retail,C4,New,1206,49175.0
13/5/19,EUROPE,Retail,C2,New,2337,81866.0
13/5/19,SOUTH AMERICA,Shopify,F2,New,5,735.0
13/5/19,EUROPE,Shopify,C1,Existing,100,20313.0
13/5/19,ASIA,Retail,F1,New,29803,975979.0
13/5/19,CANADA,Retail,null,Existing,5686,279013.0
13/5/19,OCEANIA,Retail,null,Existing,34574,1462692.0
13/5/19,EUROPE,Shopify,null,Existing,15,3615.0
13/5/19,OCEANIA,Retail,F3,Existing,510023,28830259.0
13/5/19,ASIA,Retail,F3,New,79306,2526889.0
13/5/19,ASIA,Retail,F3,Existing,366336,18723379.0
13/5/19,OCEANIA,Retail,F1,New,39715,1392233.0
13/5/19,USA,Shopify,null,Guest,1699,322000.0
13/5/19,ASIA,Retail,C4,Existing,99749,4504455.0
13/5/19,OCEANIA,Retail,C2,New,92767,2571250.0
13/5/19,AFRICA,Retail,C3,New,94857,3400397.0
13/5/19,OCEANIA,Shopify,C2,Existing,3500,665896.0
13/5/19,SOUTH AMERICA,Shopify,null,Guest,991,193524.0
13/5/19,USA,Shopify,F1,Existing,1214,228236.0
13/5/19,EUROPE,Retail,C4,Existing,4321,227528.0
13/5/19,SOUTH AMERICA,Retail,C3,Existing,1198,56867.0
13/5/19,AFRICA,Retail,C1,New,84910,2164306.0
13/5/19,ASIA,Shopify,null,Existing,175,30883.0
13/5/19,CANADA,Retail,null,Guest,437760,12079867.0
13/5/19,AFRICA,Retail,F3,Existing,368631,21526980.0
13/5/19,OCEANIA,Shopify,F1,New,305,46236.0
13/5/19,ASIA,Shopify,F3,Existing,1201,233784.0
13/5/19,SOUTH AMERICA,Retail,F1,New,299,12062.0
13/5/19,EUROPE,Shopify,C2,New,8,1757.0
13/5/19,USA,Shopify,F3,Existing,803,169218.0
13/5/19,SOUTH AMERICA,Retail,C1,Existing,2849,81661.0
13/5/19,AFRICA,Shopify,F3,New,98,14485.0
13/5/19,CANADA,Shopify,F2,New,81,13074.0
13/5/19,OCEANIA,Retail,null,Guest,2485419,65556813.0
13/5/19,OCEANIA,Retail,C2,Existing,150224,6020699.0
13/5/19,USA,Retail,F1,Existing,39882,2413957.0
13/5/19,EUROPE,Shopify,C2,Existing,131,38004.0
13/5/19,AFRICA,Shopify,C2,Existing,1813,347474.0
13/5/19,CANADA,Shopify,C3,Existing,573,107507.0
13/5/19,OCEANIA,Retail,C4,Existing,139491,6989091.0
13/5/19,ASIA,Shopify,C3,New,209,30103.0
13/5/19,EUROPE,Retail,null,New,3357,146510.0
13/5/19,USA,Shopify,F1,New,136,20565.0
13/5/19,USA,Shopify,F2,New,169,29775.0
13/5/19,OCEANIA,Shopify,F1,Existing,3307,612388.0
13/5/19,SOUTH AMERICA,Retail,F1,Existing,683,30513.0
13/5/19,ASIA,Shopify,C2,Existing,1515,266293.0
13/5/19,OCEANIA,Shopify,C3,New,416,67204.0
13/5/19,AFRICA,Shopify,null,Existing,160,34161.0
13/5/19,OCEANIA,Shopify,C3,Existing,3554,708583.0
13/5/19,SOUTH AMERICA,Retail,C2,New,668,22144.0
13/5/19,USA,Retail,C1,Existing,53474,2328791.0
13/5/19,AFRICA,Retail,null,Guest,1598900,46217159.0
13/5/19,USA,Shopify,C1,New,145,20924.0
13/5/19,AFRICA,Retail,F2,New,60250,2282838.0
13/5/19,USA,Retail,C2,Existing,39150,1991203.0
13/5/19,SOUTH AMERICA,Retail,C3,New,834,32335.0
13/5/19,OCEANIA,Shopify,C2,New,593,89633.0
13/5/19,CANADA,Retail,F3,New,16776,620852.0
13/5/19,SOUTH AMERICA,Shopify,F3,Existing,28,6363.0
13/5/19,AFRICA,Shopify,null,Guest,3174,557313.0
13/5/19,CANADA,Retail,F3,Existing,87546,5034690.0
13/5/19,AFRICA,Retail,F1,New,22730,874546.0
13/5/19,AFRICA,Retail,C4,Existing,104630,5461283.0
13/5/19,ASIA,Shopify,F1,New,175,23716.0
13/5/19,ASIA,Retail,C3,New,105376,3222658.0
13/5/19,ASIA,Retail,null,Existing,24940,983329.0
13/5/19,ASIA,Retail,null,Guest,1979350,49454676.0
13/5/19,USA,Retail,F2,New,27447,1122640.0
13/5/19,SOUTH AMERICA,Retail,F2,New,419,16906.0
13/5/19,ASIA,Retail,C3,Existing,223713,10258488.0
13/5/19,CANADA,Retail,F1,Existing,24666,1376234.0
13/5/19,SOUTH AMERICA,Shopify,F3,New,2,483.0
13/5/19,AFRICA,Shopify,F1,Existing,1932,361827.0
13/5/19,USA,Retail,F3,Existing,132408,8429305.0
13/5/19,ASIA,Shopify,F2,Existing,1894,362611.0
13/5/19,AFRICA,Retail,C4,New,37963,1286622.0
13/5/19,EUROPE,Retail,F1,New,897,36543.0
13/5/19,SOUTH AMERICA,Retail,null,Guest,397796,16205383.0
13/5/19,ASIA,Shopify,F2,New,182,25486.0
13/5/19,ASIA,Shopify,C2,New,284,39580.0
13/5/19,OCEANIA,Retail,null,New,84273,3163414.0
13/5/19,OCEANIA,Retail,F2,New,87275,3128057.0
13/5/19,USA,Shopify,null,New,146,21506.0
13/5/19,USA,Retail,null,Existing,9302,476927.0
13/5/19,OCEANIA,Retail,F3,New,97143,3349577.0
13/5/19,USA,Shopify,C2,Existing,1154,239448.0
13/5/19,AFRICA,Shopify,C3,Existing,1970,392733.0
13/5/19,OCEANIA,Shopify,F2,New,382,61690.0
13/5/19,CANADA,Retail,F1,New,6863,265911.0
13/5/19,ASIA,Shopify,C1,Existing,830,137284.0
13/5/19,AFRICA,Shopify,null,New,226,37592.0
13/5/19,CANADA,Retail,C3,Existing,58034,3021281.0
13/5/19,EUROPE,Retail,F3,New,1492,61687.0
13/5/19,AFRICA,Shopify,C3,New,219,34984.0
13/5/19,OCEANIA,Retail,C4,New,54654,1703075.0
13/5/19,CANADA,Shopify,C1,New,81,9698.0
13/5/19,CANADA,Retail,F2,Existing,57992,3316735.0
13/5/19,EUROPE,Shopify,null,Guest,246,55698.0
13/5/19,USA,Shopify,C2,New,194,28580.0
13/5/19,AFRICA,Retail,F3,New,58210,2198917.0
13/5/19,CANADA,Retail,F2,New,16769,635494.0
13/5/19,USA,Shopify,F2,Existing,1644,341384.0
13/5/19,SOUTH AMERICA,Shopify,F2,Existing,29,5532.0
13/5/19,ASIA,Retail,F1,Existing,92049,4535640.0
13/5/19,AFRICA,Retail,C2,Existing,101700,4501016.0
13/5/19,AFRICA,Shopify,C4,New,47,7669.0
13/5/19,EUROPE,Shopify,F1,New,6,1881.0
13/5/19,EUROPE,Retail,C1,Existing,14342,627050.0
13/5/19,SOUTH AMERICA,Shopify,F1,Existing,51,11329.0
13/5/19,SOUTH AMERICA,Retail,C1,New,2184,46176.0
13/5/19,EUROPE,Shopify,null,New,11,2959.0
13/5/19,USA,Retail,C4,New,15623,556347.0
13/5/19,CANADA,Retail,C1,Existing,55696,2349836.0
13/5/19,AFRICA,Retail,null,New,60335,2474936.0
13/5/19,ASIA,Retail,C1,Existing,165247,5562953.0
13/5/19,OCEANIA,Shopify,F3,Existing,2781,583161.0
13/5/19,ASIA,Shopify,F1,Existing,1495,259885.0
13/5/19,AFRICA,Retail,null,Existing,25746,1160265.0
13/5/19,ASIA,Shopify,C3,Existing,1342,256093.0
13/5/19,CANADA,Retail,C4,New,11328,375330.0
13/5/19,SOUTH AMERICA,Shopify,C4,Existing,5,710.0
13/5/19,AFRICA,Shopify,F1,New,164,23448.0
13/5/19,OCEANIA,Shopify,F3,New,154,23082.0
13/5/19,AFRICA,Shopify,C4,Existing,314,55775.0
13/5/19,ASIA,Shopify,null,New,207,33183.0
13/5/19,AFRICA,Retail,C2,New,50557,1589974.0
13/5/19,ASIA,Shopify,null,Guest,2897,468857.0
13/5/19,CANADA,Retail,C1,New,29074,762525.0
13/5/19,USA,Retail,F1,New,11599,487939.0
13/5/19,SOUTH AMERICA,Shopify,C4,New,2,269.0
13/5/19,ASIA,Retail,null,New,65047,2283893.0
13/5/19,EUROPE,Retail,F1,Existing,6756,404702.0
13/5/19,AFRICA,Shopify,F2,New,242,37998.0
13/5/19,AFRICA,Shopify,C1,New,179,22289.0
13/5/19,AFRICA,Shopify,F2,Existing,3334,667416.0
13/5/19,OCEANIA,Shopify,null,Guest,6688,1181342.0
13/5/19,EUROPE,Shopify,C3,Existing,140,36084.0
13/5/19,ASIA,Shopify,C4,Existing,205,36001.0
13/5/19,SOUTH AMERICA,Shopify,C1,Existing,51,9314.0
13/5/19,SOUTH AMERICA,Retail,F2,Existing,932,49044.0
13/5/19,CANADA,Shopify,C4,New,9,1524.0
13/5/19,SOUTH AMERICA,Shopify,null,Existing,24,4000.0
13/5/19,OCEANIA,Shopify,C4,New,76,11774.0
13/5/19,USA,Retail,C2,New,23765,817857.0
13/5/19,CANADA,Shopify,null,Guest,938,156265.0
13/5/19,CANADA,Shopify,null,New,84,14435.0
13/5/19,EUROPE,Shopify,F3,Existing,108,30259.0
13/5/19,USA,Retail,C3,Existing,94682,5451047.0
13/5/19,USA,Retail,C1,New,32314,895721.0
13/5/19,ASIA,Retail,F2,Existing,206488,10402410.0
13/5/19,ASIA,Shopify,C4,New,40,5857.0
13/5/19,AFRICA,Retail,C3,Existing,258584,13546533.0
13/5/19,ASIA,Retail,C4,New,45092,1283287.0
13/5/19,EUROPE,Retail,C3,New,3464,147688.0
13/5/19,OCEANIA,Shopify,C1,New,343,44555.0
13/5/19,EUROPE,Retail,C2,Existing,9153,444109.0
13/5/19,OCEANIA,Shopify,C4,Existing,592,115000.0
13/5/19,CANADA,Shopify,C3,New,70,9482.0
13/5/19,SOUTH AMERICA,Retail,C4,Existing,307,14416.0
13/5/19,CANADA,Shopify,F3,New,29,4349.0
13/5/19,ASIA,Retail,C1,New,112134,2445265.0
13/5/19,EUROPE,Shopify,C1,New,5,707.0
13/5/19,SOUTH AMERICA,Retail,C4,New,220,9872.0
13/5/19,OCEANIA,Shopify,C1,Existing,2114,366066.0
13/5/19,SOUTH AMERICA,Retail,F3,Existing,1106,53864.0
13/5/19,CANADA,Shopify,F2,Existing,939,180407.0
13/5/19,CANADA,Retail,C4,Existing,26956,1351160.0
13/5/19,EUROPE,Retail,F2,New,1553,65634.0
13/5/19,OCEANIA,Retail,C1,New,142546,3298319.0
13/5/19,SOUTH AMERICA,Shopify,C2,New,32,5367.0
13/5/19,EUROPE,Retail,null,Guest,106983,3572228.0
13/5/19,SOUTH AMERICA,Shopify,C3,New,22,4531.0
13/5/19,SOUTH AMERICA,Retail,null,New,2050,72212.0
13/5/19,USA,Shopify,C4,New,19,2100.0
13/5/19,ASIA,Retail,F2,New,67919,2241563.0
13/5/19,OCEANIA,Retail,F2,Existing,325718,18008515.0
13/5/19,EUROPE,Shopify,F2,Existing,178,40256.0
13/5/19,USA,Shopify,F3,New,46,7443.0
13/5/19,USA,Retail,F3,New,24565,989187.0
13/5/19,EUROPE,Retail,F2,Existing,14076,886069.0
13/5/19,AFRICA,Shopify,F3,Existing,1725,357463.0
13/5/19,CANADA,Retail,C3,New,25854,916765.0
13/5/19,SOUTH AMERICA,Shopify,C3,Existing,71,14122.0
13/5/19,EUROPE,Shopify,C4,Existing,12,2981.0
13/5/19,EUROPE,Retail,C3,Existing,14048,774506.0
13/5/19,CANADA,Shopify,null,Existing,58,10667.0
13/5/19,EUROPE,Retail,F3,Existing,17504,1081882.0
13/5/19,SOUTH AMERICA,Shopify,C2,Existing,85,17213.0
13/5/19,CANADA,Shopify,C4,Existing,66,12606.0
13/5/19,CANADA,Shopify,F3,Existing,494,95426.0
13/5/19,CANADA,Retail,null,New,15625,642698.0
13/5/19,CANADA,Shopify,F1,New,69,10099.0
13/5/19,USA,Shopify,null,Existing,118,21848.0
13/5/19,AFRICA,Shopify,C1,Existing,1217,198830.0
13/5/19,AFRICA,Retail,F2,Existing,261356,14941059.0
13/5/19,SOUTH AMERICA,Shopify,null,New,47,7944.0
13/5/19,OCEANIA,Shopify,null,Existing,381,69012.0
13/5/19,OCEANIA,Retail,C3,Existing,311265,15537912.0
13/5/19,ASIA,Retail,C2,Existing,112464,4331005.0
13/5/19,OCEANIA,Retail,C3,New,130545,4280777.0
13/5/19,SOUTH AMERICA,Shopify,C1,New,17,2639.0
13/5/19,USA,Retail,null,New,22062,970980.0
13/5/19,USA,Retail,null,Guest,565849,17753180.0
13/5/19,USA,Shopify,C1,Existing,668,120111.0
13/5/19,ASIA,Shopify,F3,New,74,10853.0
13/5/19,OCEANIA,Shopify,F2,Existing,4808,966886.0
13/5/19,EUROPE,Shopify,F1,Existing,118,26637.0
13/5/19,CANADA,Shopify,C1,Existing,399,66285.0
13/5/19,USA,Retail,F2,Existing,93019,5755168.0
13/5/19,USA,Shopify,C3,Existing,1194,242483.0
13/5/19,ASIA,Shopify,C1,New,192,24297.0
13/5/19,CANADA,Retail,C2,Existing,21138,964500.0
13/5/19,EUROPE,Shopify,F2,New,7,952.0
13/5/19,USA,Shopify,C4,Existing,118,22716.0
13/5/19,AFRICA,Retail,F1,Existing,95137,5355915.0
13/5/19,AFRICA,Shopify,C2,New,269,41746.0
13/5/19,EUROPE,Shopify,C3,New,7,1891.0
13/5/19,OCEANIA,Retail,F1,Existing,144077,7537931.0
13/5/19,EUROPE,Retail,null,Existing,2170,101724.0
13/5/19,OCEANIA,Retail,C1,Existing,233785,8745841.0
13/5/19,USA,Shopify,C3,New,145,25655.0
13/5/19,EUROPE,Shopify,C4,New,2,306.0
13/5/19,OCEANIA,Shopify,null,New,442,72249.0
13/5/19,USA,Retail,C4,Existing,36477,2006959.0
13/5/19,AFRICA,Retail,C1,Existing,166830,6454247.0
13/5/19,CANADA,Shopify,C2,New,77,11898.0
13/5/19,SOUTH AMERICA,Retail,F3,New,332,11988.0
13/5/19,ASIA,Retail,C2,New,74672,1976311.0
13/5/19,SOUTH AMERICA,Retail,null,Existing,465,19736.0
13/5/19,CANADA,Retail,C2,New,13363,411735.0
6/5/19,OCEANIA,Retail,F1,New,41325,1466504.0
6/5/19,CANADA,Retail,C4,New,11735,393395.0
6/5/19,AFRICA,Shopify,null,Guest,3117,549552.0
6/5/19,ASIA,Retail,F2,Existing,208599,10422075.0
6/5/19,AFRICA,Retail,C3,Existing,261845,13651601.0
6/5/19,CANADA,Retail,null,Guest,448658,12329197.0
6/5/19,ASIA,Retail,F1,Existing,93623,4599581.0
6/5/19,EUROPE,Retail,C1,Existing,14589,639631.0
6/5/19,ASIA,Shopify,C3,Existing,1406,271577.0
6/5/19,OCEANIA,Retail,F3,Existing,519642,28787234.0
6/5/19,EUROPE,Shopify,F3,Existing,116,34315.0
6/5/19,AFRICA,Shopify,F2,Existing,3018,596100.0
6/5/19,AFRICA,Retail,F3,Existing,375133,21570865.0
6/5/19,OCEANIA,Retail,null,Guest,2554338,67213310.0
6/5/19,ASIA,Shopify,C1,New,194,23805.0
6/5/19,ASIA,Retail,F2,New,68930,2264128.0
6/5/19,SOUTH AMERICA,Shopify,F1,Existing,53,11198.0
6/5/19,EUROPE,Retail,C2,New,2436,83581.0
6/5/19,ASIA,Retail,F3,Existing,371453,18888007.0
6/5/19,USA,Retail,C3,Existing,95384,5479932.0
6/5/19,USA,Retail,F1,Existing,40355,2410182.0
6/5/19,SOUTH AMERICA,Retail,F1,Existing,648,29766.0
6/5/19,OCEANIA,Shopify,C4,New,62,9162.0
6/5/19,CANADA,Shopify,C4,Existing,66,10557.0
6/5/19,USA,Shopify,C3,Existing,1098,229468.0
6/5/19,USA,Retail,null,Existing,11109,558329.0
6/5/19,OCEANIA,Shopify,F1,Existing,3194,584218.0
6/5/19,SOUTH AMERICA,Retail,C2,Existing,743,30443.0
6/5/19,SOUTH AMERICA,Shopify,C4,New,2,212.0
6/5/19,AFRICA,Retail,F1,Existing,98344,5417523.0
6/5/19,AFRICA,Shopify,F2,New,261,40398.0
6/5/19,USA,Shopify,F1,Existing,1147,219423.0
6/5/19,EUROPE,Retail,C2,Existing,9286,432688.0
6/5/19,ASIA,Retail,F1,New,30606,1037161.0
6/5/19,ASIA,Shopify,C4,New,32,4036.0
6/5/19,SOUTH AMERICA,Shopify,C1,New,14,1853.0
6/5/19,AFRICA,Retail,C3,New,98836,3579374.0
6/5/19,EUROPE,Shopify,F1,New,5,1357.0
6/5/19,USA,Retail,C2,Existing,39177,1964716.0
6/5/19,USA,Shopify,C4,New,20,3171.0
6/5/19,ASIA,Retail,C1,New,115353,2556671.0
6/5/19,EUROPE,Retail,null,Guest,109648,3612715.0
6/5/19,CANADA,Shopify,F3,New,35,4151.0
6/5/19,AFRICA,Retail,C2,Existing,102404,4536766.0
6/5/19,EUROPE,Retail,C3,New,3527,147711.0
6/5/19,EUROPE,Retail,null,Existing,2840,135528.0
6/5/19,EUROPE,Shopify,F1,Existing,137,28437.0
6/5/19,AFRICA,Shopify,C4,Existing,319,57613.0
6/5/19,AFRICA,Retail,F1,New,23536,878673.0
6/5/19,USA,Retail,null,Guest,582516,18055992.0
6/5/19,AFRICA,Retail,F2,Existing,264935,14894736.0
6/5/19,AFRICA,Shopify,C4,New,47,7128.0
6/5/19,SOUTH AMERICA,Retail,C3,Existing,1209,54727.0
6/5/19,SOUTH AMERICA,Shopify,C3,New,17,2819.0
6/5/19,CANADA,Retail,F2,Existing,58824,3313827.0
6/5/19,OCEANIA,Retail,F1,Existing,148715,7713078.0
6/5/19,OCEANIA,Shopify,C3,Existing,3290,652647.0
6/5/19,USA,Retail,F2,New,27746,1117053.0
6/5/19,ASIA,Shopify,null,New,231,37070.0
6/5/19,USA,Retail,C2,New,24255,842858.0
6/5/19,USA,Shopify,F1,New,144,22037.0
6/5/19,OCEANIA,Shopify,C2,New,555,82449.0
6/5/19,EUROPE,Shopify,C2,Existing,143,30984.0
6/5/19,OCEANIA,Shopify,F2,New,376,57485.0
6/5/19,CANADA,Shopify,C1,New,44,5963.0
6/5/19,CANADA,Shopify,C4,New,11,1580.0
6/5/19,AFRICA,Retail,null,Guest,1652095,47471917.0
6/5/19,OCEANIA,Shopify,C4,Existing,529,99549.0
6/5/19,AFRICA,Retail,C4,Existing,105731,5522825.0
6/5/19,CANADA,Retail,null,Existing,6922,329702.0
6/5/19,ASIA,Shopify,C2,Existing,1474,261899.0
6/5/19,OCEANIA,Shopify,C3,New,383,62449.0
6/5/19,OCEANIA,Shopify,F2,Existing,4678,926702.0
6/5/19,SOUTH AMERICA,Shopify,C2,New,32,4916.0
6/5/19,USA,Shopify,C1,Existing,619,110569.0
6/5/19,CANADA,Shopify,C1,Existing,352,58811.0
6/5/19,SOUTH AMERICA,Retail,null,New,2202,73850.0
6/5/19,CANADA,Retail,F3,New,17049,617214.0
6/5/19,SOUTH AMERICA,Shopify,F3,Existing,22,5283.0
6/5/19,ASIA,Shopify,F1,New,183,21669.0
6/5/19,CANADA,Shopify,C2,New,89,13225.0
6/5/19,CANADA,Retail,F3,Existing,88010,5017647.0
6/5/19,OCEANIA,Retail,null,Existing,42786,1836460.0
6/5/19,USA,Shopify,null,Guest,1533,290172.0
6/5/19,ASIA,Retail,null,Guest,2026503,50836911.0
6/5/19,OCEANIA,Shopify,C1,New,331,43386.0
6/5/19,EUROPE,Shopify,F3,New,6,1113.0
6/5/19,CANADA,Shopify,F2,Existing,863,163227.0
6/5/19,ASIA,Shopify,C4,Existing,198,32473.0
6/5/19,SOUTH AMERICA,Retail,C1,Existing,2711,80279.0
6/5/19,AFRICA,Shopify,F3,New,88,15027.0
6/5/19,CANADA,Shopify,C3,Existing,544,104463.0
6/5/19,SOUTH AMERICA,Retail,C1,New,2312,54348.0
6/5/19,EUROPE,Shopify,C1,New,10,1793.0
6/5/19,AFRICA,Shopify,null,Existing,213,42069.0
6/5/19,USA,Retail,C1,Existing,54421,2356850.0
6/5/19,OCEANIA,Retail,C2,Existing,151114,6061007.0
6/5/19,ASIA,Shopify,F3,New,81,12765.0
6/5/19,AFRICA,Shopify,C1,New,223,28606.0
6/5/19,SOUTH AMERICA,Shopify,C4,Existing,6,921.0
6/5/19,OCEANIA,Shopify,null,New,439,69028.0
6/5/19,USA,Retail,F2,Existing,93024,5658787.0
6/5/19,CANADA,Retail,C1,Existing,56147,2376669.0
6/5/19,EUROPE,Shopify,null,Guest,230,44362.0
6/5/19,AFRICA,Shopify,C3,New,235,36854.0
6/5/19,EUROPE,Retail,C4,Existing,4302,229350.0
6/5/19,AFRICA,Shopify,C2,New,260,40401.0
6/5/19,AFRICA,Shopify,null,New,241,40219.0
6/5/19,AFRICA,Shopify,C3,Existing,1829,365300.0
6/5/19,ASIA,Retail,C3,New,108953,3377279.0
6/5/19,CANADA,Retail,C3,Existing,58737,3046354.0
6/5/19,EUROPE,Retail,F1,Existing,6775,386008.0
6/5/19,SOUTH AMERICA,Retail,C4,New,270,10188.0
6/5/19,USA,Shopify,null,New,135,22985.0
6/5/19,SOUTH AMERICA,Shopify,null,New,57,9433.0
6/5/19,CANADA,Retail,F1,Existing,25231,1385890.0
6/5/19,USA,Shopify,C2,New,194,29240.0
6/5/19,ASIA,Shopify,null,Guest,2818,462650.0
6/5/19,OCEANIA,Retail,F2,New,88908,3184265.0
6/5/19,EUROPE,Shopify,F2,New,7,1266.0
6/5/19,EUROPE,Shopify,C3,Existing,128,36240.0
6/5/19,SOUTH AMERICA,Retail,F3,Existing,1090,55625.0
6/5/19,USA,Retail,C4,Existing,36707,2031921.0
6/5/19,SOUTH AMERICA,Shopify,C2,Existing,94,18711.0
6/5/19,ASIA,Retail,C4,Existing,101659,4641890.0
6/5/19,EUROPE,Retail,F2,New,1590,66718.0
6/5/19,EUROPE,Shopify,null,Existing,19,3553.0
6/5/19,SOUTH AMERICA,Retail,C2,New,725,22775.0
6/5/19,CANADA,Shopify,null,New,75,12800.0
6/5/19,OCEANIA,Retail,C1,New,146326,3460392.0
6/5/19,AFRICA,Retail,C1,Existing,170143,6536575.0
6/5/19,ASIA,Retail,null,New,70352,2449418.0
6/5/19,AFRICA,Retail,C4,New,39457,1347888.0
6/5/19,USA,Shopify,F2,Existing,1509,305593.0
6/5/19,EUROPE,Retail,F3,New,1554,62614.0
6/5/19,ASIA,Shopify,F2,Existing,1874,360077.0
6/5/19,CANADA,Shopify,null,Guest,894,155286.0
6/5/19,ASIA,Shopify,F1,Existing,1398,241464.0
6/5/19,SOUTH AMERICA,Retail,F2,Existing,1010,46131.0
6/5/19,USA,Retail,F1,New,11754,482504.0
6/5/19,CANADA,Shopify,F3,Existing,465,92978.0
6/5/19,AFRICA,Retail,null,New,65141,2623633.0
6/5/19,CANADA,Retail,F2,New,17279,654108.0
6/5/19,SOUTH AMERICA,Shopify,F2,Existing,28,6829.0
6/5/19,ASIA,Retail,C1,Existing,166429,5677908.0
6/5/19,OCEANIA,Retail,C4,Existing,142113,7137214.0
6/5/19,EUROPE,Retail,C4,New,1116,43682.0
6/5/19,SOUTH AMERICA,Retail,C3,New,924,35479.0
6/5/19,OCEANIA,Retail,null,New,91355,3326724.0
6/5/19,EUROPE,Shopify,null,New,12,1788.0
6/5/19,OCEANIA,Retail,C4,New,56246,1785234.0
6/5/19,USA,Shopify,C3,New,138,22625.0
6/5/19,EUROPE,Shopify,C4,New,2,305.0
6/5/19,USA,Retail,C1,New,33632,928434.0
6/5/19,USA,Retail,null,New,24010,1048514.0
6/5/19,USA,Shopify,C1,New,134,18036.0
6/5/19,USA,Shopify,F3,Existing,765,160356.0
6/5/19,AFRICA,Shopify,C2,Existing,1738,335393.0
6/5/19,CANADA,Retail,C4,Existing,27344,1393219.0
6/5/19,CANADA,Retail,C3,New,26682,943257.0
6/5/19,USA,Retail,C4,New,15945,575216.0
6/5/19,EUROPE,Retail,C1,New,3994,118709.0
6/5/19,AFRICA,Retail,null,Existing,31268,1408296.0
6/5/19,ASIA,Retail,null,Existing,30074,1226583.0
6/5/19,CANADA,Retail,C1,New,29939,778213.0
6/5/19,SOUTH AMERICA,Shopify,C1,Existing,54,10385.0
6/5/19,OCEANIA,Retail,C3,Existing,317326,15810013.0
6/5/19,CANADA,Shopify,null,Existing,67,11030.0
6/5/19,CANADA,Retail,C2,New,13752,432715.0
6/5/19,USA,Shopify,C2,Existing,1067,217698.0
6/5/19,CANADA,Retail,C2,Existing,21155,960694.0
6/5/19,ASIA,Shopify,C1,Existing,818,133961.0
6/5/19,EUROPE,Shopify,C3,New,11,2514.0
6/5/19,EUROPE,Retail,F1,New,914,36030.0
6/5/19,ASIA,Shopify,null,Existing,190,34495.0
6/5/19,OCEANIA,Shopify,F3,New,163,21611.0
6/5/19,SOUTH AMERICA,Retail,F3,New,359,13779.0
6/5/19,SOUTH AMERICA,Retail,C4,Existing,369,16629.0
6/5/19,OCEANIA,Shopify,C2,Existing,3359,634806.0
6/5/19,CANADA,Retail,null,New,16800,675302.0
6/5/19,USA,Shopify,null,Existing,128,26186.0
6/5/19,OCEANIA,Shopify,F3,Existing,2669,555589.0
6/5/19,CANADA,Retail,F1,New,6887,264773.0
6/5/19,OCEANIA,Retail,C2,New,94445,2650968.0
6/5/19,AFRICA,Shopify,F1,Existing,1742,320933.0
6/5/19,AFRICA,Shopify,F1,New,159,24991.0
6/5/19,EUROPE,Shopify,C1,Existing,98,20816.0
6/5/19,ASIA,Shopify,C2,New,295,41263.0
6/5/19,SOUTH AMERICA,Shopify,null,Existing,23,4066.0
6/5/19,USA,Shopify,F2,New,143,23458.0
6/5/19,SOUTH AMERICA,Shopify,F2,New,8,1163.0
6/5/19,OCEANIA,Shopify,F1,New,315,45051.0
6/5/19,AFRICA,Retail,F2,New,62311,2342989.0
6/5/19,EUROPE,Retail,F3,Existing,17781,1074494.0
6/5/19,USA,Retail,C3,New,42327,1676610.0
6/5/19,USA,Retail,F3,Existing,132880,8263111.0
6/5/19,CANADA,Shopify,F1,Existing,538,98158.0
6/5/19,SOUTH AMERICA,Shopify,null,Guest,946,182918.0
6/5/19,EUROPE,Shopify,F2,Existing,188,41091.0
6/5/19,USA,Shopify,F3,New,47,7583.0
6/5/19,CANADA,Shopify,F2,New,77,11801.0
6/5/19,SOUTH AMERICA,Retail,null,Guest,409988,16277852.0
6/5/19,ASIA,Shopify,F2,New,176,25562.0
6/5/19,ASIA,Retail,C3,Existing,226029,10466916.0
6/5/19,SOUTH AMERICA,Shopify,C3,Existing,77,14788.0
6/5/19,EUROPE,Shopify,C4,Existing,11,2162.0
6/5/19,SOUTH AMERICA,Shopify,F3,New,1,86.0
6/5/19,EUROPE,Retail,C3,Existing,14332,774542.0
6/5/19,ASIA,Retail,F3,New,81878,2628690.0
6/5/19,OCEANIA,Shopify,null,Existing,434,81121.0
6/5/19,USA,Retail,F3,New,25457,1012270.0
6/5/19,EUROPE,Retail,F2,Existing,14409,861516.0
6/5/19,AFRICA,Shopify,F3,Existing,1620,334134.0
6/5/19,CANADA,Shopify,F1,New,51,7062.0
6/5/19,USA,Shopify,C4,Existing,136,26666.0
6/5/19,AFRICA,Shopify,C1,Existing,1140,189737.0
6/5/19,AFRICA,Retail,C1,New,88334,2260201.0
6/5/19,ASIA,Shopify,C3,New,205,29840.0
6/5/19,EUROPE,Retail,null,New,3735,156125.0
6/5/19,CANADA,Shopify,C3,New,70,10951.0
6/5/19,AFRICA,Retail,F3,New,60925,2271184.0
6/5/19,OCEANIA,Retail,F3,New,100336,3456712.0
6/5/19,CANADA,Shopify,C2,Existing,465,86175.0
6/5/19,SOUTH AMERICA,Shopify,F1,New,6,1663.0
6/5/19,ASIA,Retail,C4,New,46434,1360990.0
6/5/19,AFRICA,Retail,C2,New,52685,1678085.0
6/5/19,OCEANIA,Shopify,null,Guest,6333,1101290.0
6/5/19,ASIA,Shopify,F3,Existing,1122,217723.0
6/5/19,ASIA,Retail,C2,New,75439,2030972.0
6/5/19,SOUTH AMERICA,Retail,null,Existing,574,24982.0
6/5/19,SOUTH AMERICA,Retail,F1,New,307,11377.0
6/5/19,EUROPE,Shopify,C2,New,7,1415.0
6/5/19,SOUTH AMERICA,Retail,F2,New,416,16262.0
6/5/19,OCEANIA,Retail,F2,Existing,329226,17844216.0
6/5/19,OCEANIA,Shopify,C1,Existing,2007,346491.0
6/5/19,ASIA,Retail,C2,Existing,113890,4433487.0
6/5/19,OCEANIA,Retail,C3,New,134805,4481804.0
6/5/19,OCEANIA,Retail,C1,Existing,236016,8775447.0
29/4/19,EUROPE,Retail,null,Guest,110192,3726377.0
29/4/19,CANADA,Shopify,F3,New,25,3807.0
29/4/19,ASIA,Retail,C1,New,111729,2477243.0
29/4/19,OCEANIA,Shopify,null,New,417,70427.0
29/4/19,USA,Retail,F2,Existing,91713,5696656.0
29/4/19,OCEANIA,Retail,C4,Existing,136897,6984759.0
29/4/19,CANADA,Shopify,C1,Existing,381,66034.0
29/4/19,ASIA,Shopify,C3,New,191,26794.0
29/4/19,USA,Shopify,C2,New,159,23339.0
29/4/19,AFRICA,Shopify,null,New,230,38826.0
29/4/19,EUROPE,Shopify,F1,Existing,126,26124.0
29/4/19,ASIA,Shopify,null,New,212,33101.0
29/4/19,AFRICA,Retail,F2,Existing,257851,14986917.0
29/4/19,EUROPE,Retail,C2,Existing,9306,448207.0
29/4/19,SOUTH AMERICA,Shopify,C3,New,22,3159.0
29/4/19,EUROPE,Shopify,C4,New,2,283.0
29/4/19,ASIA,Shopify,C4,Existing,195,35133.0
29/4/19,AFRICA,Shopify,null,Existing,212,39090.0
29/4/19,ASIA,Retail,null,New,67817,2389983.0
29/4/19,EUROPE,Retail,F1,Existing,6907,430860.0
29/4/19,CANADA,Shopify,C2,Existing,458,80206.0
29/4/19,ASIA,Retail,F2,Existing,202232,10323813.0
29/4/19,CANADA,Retail,C4,Existing,26727,1372959.0
29/4/19,AFRICA,Retail,C4,Existing,103074,5456842.0
29/4/19,AFRICA,Shopify,C1,Existing,1202,198561.0
29/4/19,ASIA,Retail,F3,New,79867,2573337.0
29/4/19,USA,Shopify,F3,Existing,787,166701.0
29/4/19,CANADA,Shopify,null,Existing,80,13249.0
29/4/19,SOUTH AMERICA,Retail,C1,New,2223,49681.0
29/4/19,OCEANIA,Shopify,C1,New,334,41770.0
29/4/19,CANADA,Shopify,C3,Existing,542,105495.0
29/4/19,CANADA,Retail,null,Existing,6865,344147.0
29/4/19,OCEANIA,Shopify,C3,New,414,66081.0
29/4/19,SOUTH AMERICA,Shopify,F3,New,2,326.0
29/4/19,CANADA,Shopify,C2,New,78,11000.0
29/4/19,USA,Retail,C1,Existing,53323,2356470.0
29/4/19,USA,Retail,C2,New,23713,843734.0
29/4/19,EUROPE,Retail,F2,New,1569,72721.0
29/4/19,ASIA,Shopify,F2,Existing,1759,336148.0
29/4/19,AFRICA,Retail,C1,New,85989,2245605.0
29/4/19,SOUTH AMERICA,Shopify,F2,New,12,2124.0
29/4/19,CANADA,Retail,F3,New,16629,616037.0
29/4/19,USA,Shopify,C3,New,130,23901.0
29/4/19,ASIA,Shopify,C1,New,167,20055.0
29/4/19,ASIA,Shopify,F1,New,154,19612.0
29/4/19,ASIA,Shopify,C1,Existing,762,123380.0
29/4/19,EUROPE,Shopify,C1,New,10,1722.0
29/4/19,AFRICA,Shopify,F2,Existing,3207,631557.0
29/4/19,ASIA,Shopify,null,Existing,216,38134.0
29/4/19,SOUTH AMERICA,Retail,null,New,2273,76310.0
29/4/19,AFRICA,Shopify,C3,New,240,40225.0
29/4/19,EUROPE,Shopify,F2,Existing,187,41074.0
29/4/19,EUROPE,Retail,C3,Existing,14365,797441.0
29/4/19,ASIA,Retail,C2,Existing,110474,4348549.0
29/4/19,USA,Shopify,null,Guest,1571,298194.0
29/4/19,EUROPE,Shopify,C3,New,12,1713.0
29/4/19,OCEANIA,Retail,C4,New,55587,1760886.0
29/4/19,CANADA,Shopify,C3,New,68,9965.0
29/4/19,ASIA,Retail,C4,Existing,98577,4569742.0
29/4/19,SOUTH AMERICA,Retail,C1,Existing,2773,77065.0
29/4/19,AFRICA,Shopify,F3,New,95,16027.0
29/4/19,AFRICA,Shopify,F3,Existing,1717,356889.0
29/4/19,CANADA,Shopify,F2,Existing,883,171396.0
29/4/19,USA,Shopify,C1,New,120,17128.0
29/4/19,CANADA,Retail,null,New,16421,671311.0
29/4/19,USA,Retail,null,New,23604,1046692.0
29/4/19,OCEANIA,Shopify,C2,New,532,79869.0
29/4/19,USA,Shopify,F1,New,112,17576.0
29/4/19,SOUTH AMERICA,Shopify,F1,New,5,782.0
29/4/19,OCEANIA,Shopify,C4,Existing,539,97827.0
29/4/19,CANADA,Retail,C1,Existing,54196,2343902.0
29/4/19,ASIA,Shopify,F3,New,81,12087.0
29/4/19,AFRICA,Retail,null,Existing,31181,1418462.0
29/4/19,EUROPE,Retail,C1,Existing,14438,655048.0
29/4/19,OCEANIA,Shopify,F3,Existing,2635,556245.0
29/4/19,EUROPE,Retail,C2,New,2456,90238.0
29/4/19,OCEANIA,Retail,F3,Existing,504688,28664554.0
29/4/19,EUROPE,Shopify,F3,Existing,96,26533.0
29/4/19,AFRICA,Shopify,F2,New,258,41420.0
29/4/19,USA,Retail,null,Existing,11417,584235.0
29/4/19,CANADA,Retail,null,Guest,443538,12323669.0
29/4/19,AFRICA,Retail,F3,Existing,367329,21652231.0
29/4/19,AFRICA,Shopify,F1,Existing,1910,356318.0
29/4/19,SOUTH AMERICA,Retail,C3,New,886,32775.0
29/4/19,EUROPE,Retail,C4,New,1125,45172.0
29/4/19,OCEANIA,Retail,null,New,89144,3324760.0
29/4/19,EUROPE,Shopify,null,New,6,1380.0
29/4/19,CANADA,Retail,C4,New,11374,383366.0
29/4/19,SOUTH AMERICA,Shopify,C4,Existing,6,924.0
29/4/19,USA,Retail,C4,Existing,36165,1997534.0
29/4/19,CANADA,Shopify,null,Guest,875,145872.0
29/4/19,ASIA,Retail,C4,New,45531,1342586.0
29/4/19,OCEANIA,Shopify,C2,Existing,3370,648163.0
29/4/19,CANADA,Retail,F1,New,6745,265404.0
29/4/19,USA,Shopify,F1,Existing,1154,217571.0
29/4/19,SOUTH AMERICA,Retail,C2,Existing,724,30734.0
29/4/19,SOUTH AMERICA,Shopify,C4,New,6,731.0
29/4/19,AFRICA,Shopify,C2,New,284,41061.0
29/4/19,ASIA,Retail,C1,Existing,161993,5597193.0
29/4/19,AFRICA,Retail,null,New,63879,2603239.0
29/4/19,AFRICA,Shopify,C1,New,223,29368.0
29/4/19,OCEANIA,Shopify,C4,New,75,11703.0
29/4/19,EUROPE,Retail,C1,New,3851,118964.0
29/4/19,CANADA,Shopify,C4,New,11,1403.0
29/4/19,CANADA,Retail,C3,Existing,56712,3008374.0
29/4/19,OCEANIA,Shopify,F2,New,344,53149.0
29/4/19,CANADA,Retail,C3,New,25914,923511.0
29/4/19,SOUTH AMERICA,Shopify,C3,Existing,72,13596.0
29/4/19,EUROPE,Shopify,C4,Existing,13,3356.0
29/4/19,ASIA,Retail,null,Existing,30400,1247640.0
29/4/19,EUROPE,Retail,F3,New,1630,66110.0
29/4/19,SOUTH AMERICA,Shopify,C2,New,36,6528.0
29/4/19,SOUTH AMERICA,Retail,F3,Existing,1121,55689.0
29/4/19,CANADA,Retail,C2,New,13076,407983.0
29/4/19,USA,Shopify,C2,Existing,1074,216210.0
29/4/19,CANADA,Shopify,F1,Existing,560,103000.0
29/4/19,OCEANIA,Shopify,null,Existing,438,82093.0
29/4/19,USA,Shopify,C4,Existing,118,23741.0
29/4/19,ASIA,Shopify,C3,Existing,1297,248962.0
29/4/19,EUROPE,Retail,C3,New,3548,139969.0
29/4/19,SOUTH AMERICA,Shopify,null,New,58,9923.0
29/4/19,CANADA,Retail,F3,Existing,85373,4978272.0
29/4/19,AFRICA,Shopify,C2,Existing,1804,344461.0
29/4/19,USA,Shopify,C4,New,19,2629.0
29/4/19,EUROPE,Shopify,C2,Existing,146,40531.0
29/4/19,SOUTH AMERICA,Retail,C4,New,287,12060.0
29/4/19,SOUTH AMERICA,Retail,C4,Existing,343,16525.0
29/4/19,USA,Retail,C3,New,40972,1600210.0
29/4/19,SOUTH AMERICA,Retail,F1,New,295,11666.0
29/4/19,USA,Retail,C1,New,32696,910766.0
29/4/19,EUROPE,Retail,null,New,3640,155530.0
29/4/19,CANADA,Shopify,null,New,74,12284.0
29/4/19,AFRICA,Retail,C4,New,39159,1346572.0
29/4/19,ASIA,Shopify,C2,New,256,33637.0
29/4/19,SOUTH AMERICA,Shopify,null,Existing,21,3852.0
29/4/19,USA,Shopify,F3,New,34,5422.0
29/4/19,CANADA,Shopify,C4,Existing,73,13746.0
29/4/19,SOUTH AMERICA,Shopify,F1,Existing,59,14235.0
29/4/19,USA,Retail,null,Guest,574034,18008549.0
29/4/19,ASIA,Shopify,F2,New,152,22780.0
29/4/19,OCEANIA,Retail,C3,New,129984,4298423.0
29/4/19,OCEANIA,Shopify,F1,New,310,44600.0
29/4/19,ASIA,Shopify,F3,Existing,1119,218622.0
29/4/19,SOUTH AMERICA,Shopify,C2,Existing,86,17037.0
29/4/19,SOUTH AMERICA,Retail,F3,New,348,13944.0
29/4/19,CANADA,Retail,F2,Existing,56709,3256686.0
29/4/19,OCEANIA,Shopify,F3,New,156,24520.0
29/4/19,EUROPE,Shopify,null,Existing,20,5435.0
29/4/19,SOUTH AMERICA,Shopify,F3,Existing,21,4908.0
29/4/19,SOUTH AMERICA,Retail,C2,New,703,21567.0
29/4/19,AFRICA,Retail,C3,New,96054,3526020.0
29/4/19,OCEANIA,Retail,F3,New,97685,3361664.0
29/4/19,USA,Shopify,null,Existing,125,25109.0
29/4/19,USA,Retail,F3,Existing,130634,8292954.0
29/4/19,CANADA,Shopify,F3,Existing,448,89897.0
29/4/19,EUROPE,Retail,F2,Existing,14545,920529.0
29/4/19,OCEANIA,Retail,C1,Existing,228140,8662406.0
29/4/19,EUROPE,Shopify,C1,Existing,110,22656.0
29/4/19,AFRICA,Retail,F1,Existing,96068,5547353.0
29/4/19,OCEANIA,Retail,F2,Existing,320050,18043121.0
29/4/19,OCEANIA,Shopify,C1,Existing,2090,356222.0
29/4/19,USA,Shopify,null,New,149,20294.0
29/4/19,ASIA,Retail,C2,New,73279,1990081.0
29/4/19,SOUTH AMERICA,Retail,null,Existing,578,25073.0
29/4/19,OCEANIA,Retail,F1,Existing,143420,7685567.0
29/4/19,USA,Retail,C3,Existing,93453,5432512.0
29/4/19,EUROPE,Retail,C4,Existing,4077,216088.0
29/4/19,SOUTH AMERICA,Retail,C3,Existing,1216,57305.0
29/4/19,USA,Retail,C2,Existing,38119,1945048.0
29/4/19,ASIA,Retail,null,Guest,1999695,50570306.0
29/4/19,OCEANIA,Retail,C2,Existing,146534,6023628.0
29/4/19,AFRICA,Shopify,null,Guest,3275,592561.0
29/4/19,CANADA,Shopify,F2,New,57,9340.0
29/4/19,OCEANIA,Retail,null,Guest,2531645,67067216.0
29/4/19,EUROPE,Shopify,null,Guest,215,46097.0
29/4/19,SOUTH AMERICA,Retail,F2,New,416,17484.0
29/4/19,USA,Retail,F1,New,11654,500522.0
29/4/19,OCEANIA,Retail,C2,New,91565,2624707.0
29/4/19,EUROPE,Shopify,C2,New,8,1636.0
29/4/19,ASIA,Retail,F1,New,29805,1031533.0
29/4/19,ASIA,Shopify,F1,Existing,1398,239679.0
29/4/19,CANADA,Retail,C2,Existing,20482,942625.0
29/4/19,OCEANIA,Retail,F2,New,86360,3154976.0
29/4/19,ASIA,Retail,C3,Existing,219558,10215860.0
29/4/19,CANADA,Shopify,F1,New,54,8562.0
29/4/19,AFRICA,Shopify,F1,New,189,27653.0
29/4/19,SOUTH AMERICA,Retail,null,Guest,401234,16388489.0
29/4/19,ASIA,Shopify,null,Guest,2802,456237.0
29/4/19,AFRICA,Retail,F3,New,60556,2299508.0
29/4/19,EUROPE,Retail,null,Existing,2895,141689.0
29/4/19,SOUTH AMERICA,Shopify,null,Guest,917,178212.0
29/4/19,EUROPE,Shopify,F2,New,6,1404.0
29/4/19,AFRICA,Shopify,C3,Existing,1936,393196.0
29/4/19,CANADA,Retail,F2,New,16531,644345.0
29/4/19,CANADA,Shopify,C1,New,58,8205.0
29/4/19,SOUTH AMERICA,Shopify,F2,Existing,22,4898.0
29/4/19,OCEANIA,Shopify,C3,Existing,3338,663068.0
29/4/19,OCEANIA,Retail,null,Existing,42315,1845304.0
29/4/19,AFRICA,Retail,F1,New,22972,900782.0
29/4/19,EUROPE,Shopify,F3,New,2,392.0
29/4/19,CANADA,Retail,F1,Existing,24434,1382253.0
29/4/19,OCEANIA,Shopify,F1,Existing,3180,587633.0
29/4/19,ASIA,Shopify,C4,New,24,3402.0
29/4/19,USA,Retail,F1,Existing,40047,2516062.0
29/4/19,USA,Shopify,F2,New,156,25773.0
29/4/19,USA,Shopify,F2,Existing,1516,313643.0
29/4/19,AFRICA,Retail,F2,New,61080,2330810.0
29/4/19,USA,Retail,F3,New,24615,982848.0
29/4/19,USA,Retail,C4,New,15656,562705.0
29/4/19,AFRICA,Shopify,C4,Existing,307,56018.0
29/4/19,AFRICA,Retail,C1,Existing,166587,6529555.0
29/4/19,OCEANIA,Retail,C3,Existing,307432,15475567.0
29/4/19,EUROPE,Shopify,C3,Existing,129,42107.0
29/4/19,CANADA,Retail,C1,New,28635,755030.0
29/4/19,USA,Shopify,C1,Existing,635,116957.0
29/4/19,SOUTH AMERICA,Shopify,C1,Existing,52,9262.0
29/4/19,USA,Shopify,C3,Existing,1129,228099.0
29/4/19,ASIA,Retail,F2,New,66571,2228486.0
29/4/19,SOUTH AMERICA,Retail,F2,Existing,1010,49580.0
29/4/19,USA,Retail,F2,New,27145,1113814.0
29/4/19,SOUTH AMERICA,Retail,F1,Existing,647,29005.0
29/4/19,AFRICA,Retail,C3,Existing,256766,13535586.0
29/4/19,ASIA,Retail,F3,Existing,361099,18698221.0
29/4/19,OCEANIA,Retail,F1,New,40151,1450009.0
29/4/19,EUROPE,Shopify,F1,New,5,770.0
29/4/19,AFRICA,Retail,C2,Existing,99914,4533584.0
29/4/19,ASIA,Shopify,C2,Existing,1479,272502.0
29/4/19,SOUTH AMERICA,Shopify,C1,New,17,2428.0
29/4/19,ASIA,Retail,C3,New,105275,3269715.0
29/4/19,AFRICA,Retail,C2,New,50837,1632439.0
29/4/19,OCEANIA,Shopify,null,Guest,6335,1118988.0
29/4/19,AFRICA,Retail,null,Guest,1647158,47960129.0
29/4/19,EUROPE,Retail,F1,New,903,39266.0
29/4/19,AFRICA,Shopify,C4,New,53,7879.0
29/4/19,ASIA,Retail,F1,Existing,90889,4651522.0
29/4/19,OCEANIA,Shopify,F2,Existing,4565,924112.0
29/4/19,OCEANIA,Retail,C1,New,141274,3369407.0
29/4/19,EUROPE,Retail,F3,Existing,18221,1132725.0
22/4/19,EUROPE,Retail,null,Existing,2638,129138.0
22/4/19,SOUTH AMERICA,Retail,F2,New,399,15986.0
22/4/19,OCEANIA,Retail,C2,New,92786,2540545.0
22/4/19,SOUTH AMERICA,Shopify,C4,New,4,668.0
22/4/19,ASIA,Shopify,C3,Existing,1414,279380.0
22/4/19,ASIA,Retail,F3,Existing,367848,18803321.0
22/4/19,OCEANIA,Retail,F1,New,39947,1374152.0
22/4/19,EUROPE,Shopify,null,Existing,12,2612.0
22/4/19,USA,Retail,null,Guest,585115,18335282.0
22/4/19,CANADA,Shopify,F2,Existing,920,174318.0
22/4/19,EUROPE,Shopify,F3,New,1,174.0
22/4/19,SOUTH AMERICA,Shopify,F2,Existing,21,4331.0
22/4/19,EUROPE,Retail,C3,New,3348,136073.0
22/4/19,OCEANIA,Retail,F1,Existing,143962,7497233.0
22/4/19,OCEANIA,Retail,C3,Existing,314991,15641954.0
22/4/19,EUROPE,Retail,C2,New,2415,85635.0
22/4/19,CANADA,Shopify,C1,Existing,412,65603.0
22/4/19,AFRICA,Shopify,F2,New,233,38505.0
22/4/19,SOUTH AMERICA,Retail,C3,Existing,1235,60000.0
22/4/19,AFRICA,Retail,null,Existing,27343,1322414.0
22/4/19,USA,Shopify,F1,Existing,1212,228831.0
22/4/19,AFRICA,Shopify,C3,Existing,1769,351771.0
22/4/19,OCEANIA,Retail,F3,Existing,515771,28893581.0
22/4/19,EUROPE,Shopify,F3,Existing,101,30855.0
22/4/19,ASIA,Retail,F1,Existing,90017,4483096.0
22/4/19,ASIA,Shopify,F1,Existing,1435,245571.0
22/4/19,OCEANIA,Shopify,F3,Existing,2758,572466.0
22/4/19,OCEANIA,Shopify,C3,Existing,3500,686987.0
22/4/19,AFRICA,Shopify,F1,Existing,1661,302001.0
22/4/19,OCEANIA,Retail,null,Guest,2516160,66063653.0
22/4/19,AFRICA,Retail,F3,Existing,351395,21511197.0
22/4/19,CANADA,Retail,F2,Existing,56976,3389171.0
22/4/19,OCEANIA,Retail,C3,New,131635,4277257.0
22/4/19,ASIA,Retail,C2,Existing,111048,4328658.0
22/4/19,ASIA,Retail,F1,New,28984,971791.0
22/4/19,CANADA,Shopify,F2,New,78,12247.0
22/4/19,USA,Retail,F1,Existing,40456,2477421.0
22/4/19,OCEANIA,Shopify,C4,New,55,7416.0
22/4/19,EUROPE,Retail,null,New,3546,151154.0
22/4/19,EUROPE,Shopify,F1,New,7,1254.0
22/4/19,SOUTH AMERICA,Retail,C4,New,273,11401.0
22/4/19,OCEANIA,Retail,F2,Existing,321905,17887396.0
22/4/19,EUROPE,Shopify,C2,Existing,110,29301.0
22/4/19,USA,Shopify,C3,Existing,1182,246645.0
22/4/19,CANADA,Shopify,C4,Existing,66,12358.0
22/4/19,AFRICA,Retail,null,Guest,1504839,45253522.0
22/4/19,SOUTH AMERICA,Retail,C4,Existing,379,17579.0
22/4/19,AFRICA,Retail,C2,Existing,93854,4362159.0
22/4/19,OCEANIA,Shopify,F2,New,355,57578.0
22/4/19,CANADA,Shopify,C1,New,71,9701.0
22/4/19,CANADA,Retail,F1,Existing,24955,1435235.0
22/4/19,USA,Retail,F2,New,28517,1170907.0
22/4/19,USA,Shopify,C1,New,133,16903.0
22/4/19,AFRICA,Retail,C3,New,91693,3412997.0
22/4/19,ASIA,Shopify,F3,New,81,12410.0
22/4/19,USA,Shopify,C1,Existing,665,121071.0
22/4/19,AFRICA,Retail,F2,Existing,241945,14610308.0
22/4/19,USA,Retail,F3,Existing,134439,8569482.0
22/4/19,USA,Shopify,C4,New,24,2964.0
22/4/19,AFRICA,Retail,F1,Existing,90924,5326396.0
22/4/19,OCEANIA,Retail,F2,New,87387,3128221.0
22/4/19,OCEANIA,Shopify,C1,New,368,45374.0
22/4/19,EUROPE,Shopify,F2,New,7,1413.0
22/4/19,SOUTH AMERICA,Shopify,C3,New,21,4320.0
22/4/19,ASIA,Retail,F2,New,67716,2222435.0
22/4/19,CANADA,Shopify,C3,Existing,596,114512.0
22/4/19,AFRICA,Shopify,C4,New,42,6417.0
22/4/19,CANADA,Retail,F3,New,17428,641056.0
22/4/19,AFRICA,Retail,F2,New,58662,2314187.0
22/4/19,EUROPE,Retail,F3,Existing,18097,1132146.0
22/4/19,EUROPE,Retail,C1,Existing,14628,665043.0
22/4/19,CANADA,Retail,F1,New,7067,273933.0
22/4/19,SOUTH AMERICA,Retail,C3,New,956,37317.0
22/4/19,EUROPE,Retail,C4,New,1091,40926.0
22/4/19,CANADA,Retail,null,Existing,6593,326339.0
22/4/19,OCEANIA,Shopify,C3,New,417,66505.0
22/4/19,USA,Retail,C2,New,24450,865836.0
22/4/19,USA,Retail,C1,Existing,55303,2396706.0
22/4/19,SOUTH AMERICA,Retail,null,New,2136,73869.0
22/4/19,USA,Shopify,null,New,167,26608.0
22/4/19,USA,Shopify,C2,Existing,1107,227043.0
22/4/19,SOUTH AMERICA,Shopify,null,New,51,8022.0
22/4/19,USA,Retail,null,Existing,10614,543491.0
22/4/19,EUROPE,Retail,F3,New,1580,64633.0
22/4/19,AFRICA,Retail,F1,New,21760,859654.0
22/4/19,AFRICA,Shopify,null,New,215,36572.0
22/4/19,SOUTH AMERICA,Retail,C1,New,2269,51476.0
22/4/19,EUROPE,Retail,C2,Existing,9244,451818.0
22/4/19,CANADA,Retail,F2,New,17233,678644.0
22/4/19,USA,Shopify,F2,Existing,1637,331446.0
22/4/19,EUROPE,Shopify,null,Guest,206,43017.0
22/4/19,CANADA,Shopify,null,Existing,75,12148.0
22/4/19,CANADA,Retail,C4,Existing,28070,1428148.0
22/4/19,OCEANIA,Retail,C4,Existing,143668,7243536.0
22/4/19,AFRICA,Retail,C4,New,38145,1331623.0
22/4/19,AFRICA,Shopify,F1,New,151,23672.0
22/4/19,ASIA,Retail,C3,Existing,223910,10295059.0
22/4/19,CANADA,Retail,C2,New,13628,436962.0
22/4/19,ASIA,Shopify,F2,Existing,1865,354369.0
22/4/19,EUROPE,Shopify,C1,New,10,1570.0
22/4/19,USA,Retail,C4,New,16683,593493.0
22/4/19,SOUTH AMERICA,Shopify,F1,Existing,61,12735.0
22/4/19,ASIA,Shopify,C2,Existing,1565,278441.0
22/4/19,OCEANIA,Retail,null,New,87865,3261873.0
22/4/19,EUROPE,Shopify,null,New,15,2957.0
22/4/19,OCEANIA,Retail,null,Existing,39876,1725173.0
22/4/19,USA,Shopify,null,Guest,1687,313039.0
22/4/19,ASIA,Retail,F2,Existing,204052,10360118.0
22/4/19,CANADA,Shopify,C4,New,9,1178.0
22/4/19,SOUTH AMERICA,Shopify,F1,New,5,882.0
22/4/19,CANADA,Shopify,F3,Existing,472,91737.0
22/4/19,AFRICA,Retail,null,New,59827,2558298.0
22/4/19,AFRICA,Retail,C3,Existing,245455,13442862.0
22/4/19,SOUTH AMERICA,Retail,null,Guest,403773,16273570.0
22/4/19,ASIA,Shopify,F2,New,201,28510.0
22/4/19,CANADA,Retail,C1,New,30475,807909.0
22/4/19,ASIA,Retail,C1,Existing,164033,5615671.0
22/4/19,ASIA,Retail,null,Guest,1970546,49636997.0
22/4/19,CANADA,Retail,null,New,16488,682267.0
22/4/19,ASIA,Shopify,F1,New,151,19726.0
22/4/19,ASIA,Retail,null,New,66452,2358950.0
22/4/19,AFRICA,Retail,C4,Existing,102012,5602598.0
22/4/19,CANADA,Retail,C1,Existing,56344,2437645.0
22/4/19,SOUTH AMERICA,Shopify,C4,Existing,9,1898.0
22/4/19,ASIA,Shopify,C1,Existing,875,139192.0
22/4/19,CANADA,Retail,C4,New,12091,401713.0
22/4/19,AFRICA,Shopify,null,Guest,2793,485122.0
22/4/19,CANADA,Shopify,C2,New,98,15043.0
22/4/19,SOUTH AMERICA,Shopify,F3,Existing,16,3186.0
22/4/19,ASIA,Retail,C1,New,112740,2495508.0
22/4/19,ASIA,Shopify,C4,Existing,219,36832.0
22/4/19,EUROPE,Shopify,C1,Existing,95,19625.0
22/4/19,SOUTH AMERICA,Retail,C2,New,712,22384.0
22/4/19,ASIA,Shopify,C2,New,257,32965.0
22/4/19,ASIA,Shopify,C1,New,201,23514.0
22/4/19,CANADA,Shopify,null,Guest,940,161017.0
22/4/19,USA,Shopify,C2,New,199,29726.0
22/4/19,CANADA,Shopify,null,New,73,11731.0
22/4/19,EUROPE,Retail,C4,Existing,4031,220790.0
22/4/19,USA,Retail,C1,New,34544,970620.0
22/4/19,AFRICA,Shopify,C2,Existing,1596,300652.0
22/4/19,CANADA,Retail,null,Guest,444061,12425620.0
22/4/19,USA,Shopify,F3,Existing,784,167840.0
22/4/19,SOUTH AMERICA,Retail,F3,New,373,13937.0
22/4/19,AFRICA,Shopify,F2,Existing,2913,561773.0
22/4/19,OCEANIA,Shopify,C2,Existing,3608,684769.0
22/4/19,CANADA,Shopify,C2,Existing,467,87733.0
22/4/19,SOUTH AMERICA,Shopify,C2,New,36,6064.0
22/4/19,EUROPE,Retail,C1,New,4047,127498.0
22/4/19,AFRICA,Retail,C1,New,82746,2182100.0
22/4/19,ASIA,Shopify,null,Existing,194,33097.0
22/4/19,EUROPE,Retail,C3,Existing,14166,779419.0
22/4/19,ASIA,Retail,C4,New,46888,1362376.0
22/4/19,USA,Shopify,C3,New,133,21808.0
22/4/19,OCEANIA,Retail,C4,New,57385,1790167.0
22/4/19,EUROPE,Shopify,C4,New,4,555.0
22/4/19,CANADA,Shopify,F3,New,28,4061.0
22/4/19,SOUTH AMERICA,Shopify,null,Existing,19,2677.0
22/4/19,AFRICA,Shopify,C1,New,192,24492.0
22/4/19,EUROPE,Shopify,C3,Existing,149,45742.0
22/4/19,SOUTH AMERICA,Retail,C2,Existing,729,30787.0
22/4/19,CANADA,Shopify,C3,New,75,10779.0
22/4/19,ASIA,Retail,F3,New,81793,2607623.0
22/4/19,EUROPE,Retail,F1,New,943,38529.0
22/4/19,AFRICA,Shopify,C1,Existing,1038,167836.0
22/4/19,SOUTH AMERICA,Retail,F1,Existing,617,28416.0
22/4/19,OCEANIA,Shopify,C1,Existing,2274,379539.0
22/4/19,OCEANIA,Shopify,F2,Existing,4876,965120.0
22/4/19,EUROPE,Retail,F1,Existing,6762,419796.0
22/4/19,ASIA,Shopify,F3,Existing,1162,225982.0
22/4/19,OCEANIA,Shopify,F1,New,303,42185.0
22/4/19,EUROPE,Shopify,C3,New,10,2214.0
22/4/19,OCEANIA,Shopify,C4,Existing,567,100443.0
22/4/19,USA,Retail,C3,Existing,96179,5509290.0
22/4/19,CANADA,Shopify,F1,New,55,8386.0
22/4/19,USA,Shopify,F2,New,167,26513.0
22/4/19,SOUTH AMERICA,Shopify,F2,New,7,1158.0
22/4/19,OCEANIA,Retail,C1,New,145163,3412824.0
22/4/19,AFRICA,Retail,F3,New,58330,2265665.0
22/4/19,ASIA,Shopify,C3,New,216,34180.0
22/4/19,SOUTH AMERICA,Retail,C1,Existing,2707,80779.0
22/4/19,EUROPE,Retail,F2,Existing,14220,896124.0
22/4/19,USA,Retail,F3,New,26177,1044043.0
22/4/19,AFRICA,Shopify,F3,Existing,1507,307640.0
22/4/19,EUROPE,Shopify,F2,Existing,180,41047.0
22/4/19,USA,Shopify,F3,New,51,6950.0
22/4/19,OCEANIA,Shopify,F3,New,152,23121.0
22/4/19,AFRICA,Shopify,C4,Existing,303,52048.0
22/4/19,EUROPE,Shopify,F1,Existing,103,22977.0
22/4/19,ASIA,Shopify,null,New,226,33213.0
22/4/19,OCEANIA,Shopify,null,Guest,6739,1183057.0
22/4/19,AFRICA,Retail,C2,New,47898,1586029.0
22/4/19,SOUTH AMERICA,Shopify,C2,Existing,85,17013.0
22/4/19,ASIA,Retail,C4,Existing,102378,4673559.0
22/4/19,USA,Retail,F1,New,11924,488222.0
22/4/19,SOUTH AMERICA,Retail,F1,New,310,11988.0
22/4/19,EUROPE,Shopify,C2,New,9,1522.0
22/4/19,CANADA,Retail,C3,Existing,58989,3059748.0
22/4/19,USA,Retail,null,New,23766,1047250.0
22/4/19,AFRICA,Shopify,C3,New,216,33463.0
22/4/19,OCEANIA,Shopify,null,New,478,76622.0
22/4/19,OCEANIA,Retail,F3,New,100328,3420419.0
22/4/19,USA,Shopify,null,Existing,109,20674.0
22/4/19,ASIA,Retail,null,Existing,28304,1170186.0
22/4/19,USA,Retail,C2,Existing,39125,1981599.0
22/4/19,SOUTH AMERICA,Shopify,null,Guest,952,185018.0
22/4/19,AFRICA,Shopify,F3,New,94,15495.0
22/4/19,CANADA,Retail,C3,New,26536,925907.0
22/4/19,SOUTH AMERICA,Shopify,C3,Existing,79,15124.0
22/4/19,EUROPE,Shopify,C4,Existing,7,1678.0
22/4/19,AFRICA,Retail,C1,Existing,156514,6337557.0
22/4/19,SOUTH AMERICA,Shopify,C1,Existing,59,11143.0
22/4/19,SOUTH AMERICA,Shopify,C1,New,22,3245.0
22/4/19,SOUTH AMERICA,Retail,F2,Existing,990,49580.0
22/4/19,EUROPE,Retail,null,Guest,108614,3667307.0
22/4/19,EUROPE,Retail,F2,New,1533,69374.0
22/4/19,USA,Retail,C3,New,42098,1645309.0
22/4/19,CANADA,Shopify,F1,Existing,568,99525.0
22/4/19,AFRICA,Shopify,null,Existing,171,30381.0
22/4/19,ASIA,Retail,C3,New,106313,3233446.0
22/4/19,CANADA,Retail,C2,Existing,20894,958085.0
22/4/19,OCEANIA,Shopify,C2,New,626,93683.0
22/4/19,USA,Shopify,F1,New,105,14999.0
22/4/19,CANADA,Retail,F3,Existing,88151,5089867.0
22/4/19,USA,Shopify,C4,Existing,125,25734.0
22/4/19,ASIA,Retail,C2,New,73102,1951124.0
22/4/19,SOUTH AMERICA,Retail,null,Existing,536,22417.0
22/4/19,AFRICA,Shopify,C2,New,262,40185.0
22/4/19,ASIA,Shopify,C4,New,43,6132.0
22/4/19,OCEANIA,Retail,C1,Existing,233226,8761711.0
22/4/19,SOUTH AMERICA,Retail,F3,Existing,1120,61746.0
22/4/19,USA,Retail,F2,Existing,94352,5916185.0
22/4/19,OCEANIA,Shopify,null,Existing,461,85899.0
22/4/19,USA,Retail,C4,Existing,38125,2113487.0
22/4/19,ASIA,Shopify,null,Guest,2820,464655.0
22/4/19,OCEANIA,Retail,C2,Existing,148068,5977548.0
22/4/19,OCEANIA,Shopify,F1,Existing,3326,611187.0
15/4/19,EUROPE,Retail,C1,New,4116,127603.0
15/4/19,ASIA,Retail,F3,New,79370,2574991.0
15/4/19,AFRICA,Shopify,F3,Existing,1394,288490.0
15/4/19,USA,Retail,null,Guest,497974,15916210.0
15/4/19,EUROPE,Shopify,F3,New,2,296.0
15/4/19,EUROPE,Shopify,F3,Existing,96,25394.0
15/4/19,USA,Retail,C2,Existing,33662,1787252.0
15/4/19,AFRICA,Retail,C1,Existing,149488,5928510.0
15/4/19,ASIA,Shopify,C3,Existing,1164,221480.0
15/4/19,EUROPE,Retail,C3,New,3469,143891.0
15/4/19,AFRICA,Retail,C2,New,46062,1507147.0
15/4/19,OCEANIA,Retail,null,Guest,2391057,64882264.0
15/4/19,OCEANIA,Retail,F3,Existing,488109,28301548.0
15/4/19,ASIA,Retail,null,Existing,25808,1074808.0
15/4/19,AFRICA,Retail,F3,Existing,334556,20078905.0
15/4/19,AFRICA,Retail,F1,New,20949,819852.0
15/4/19,OCEANIA,Shopify,C2,Existing,2828,546573.0
15/4/19,USA,Shopify,F1,Existing,997,190331.0
15/4/19,CANADA,Retail,null,Guest,398655,11411987.0
15/4/19,ASIA,Retail,F1,Existing,89463,4511255.0
15/4/19,CANADA,Retail,F1,New,6442,264466.0
15/4/19,USA,Retail,F1,New,10234,441269.0
15/4/19,SOUTH AMERICA,Shopify,C4,New,1,0.0
15/4/19,AFRICA,Shopify,C3,Existing,1614,335630.0
15/4/19,EUROPE,Retail,C2,New,2525,94918.0
15/4/19,OCEANIA,Shopify,F1,Existing,2831,535781.0
15/4/19,SOUTH AMERICA,Retail,C4,New,299,12150.0
15/4/19,CANADA,Retail,C2,Existing,18800,902478.0
15/4/19,AFRICA,Retail,F1,Existing,85262,4922944.0
15/4/19,OCEANIA,Shopify,C4,New,58,8281.0
15/4/19,EUROPE,Shopify,C2,Existing,117,33613.0
15/4/19,ASIA,Shopify,F1,Existing,1099,198565.0
15/4/19,AFRICA,Shopify,F2,New,185,30489.0
15/4/19,ASIA,Retail,F2,New,65431,2199118.0
15/4/19,USA,Shopify,F2,Existing,1342,283462.0
15/4/19,ASIA,Retail,C3,Existing,218034,10176655.0
15/4/19,ASIA,Retail,F1,New,29236,1012264.0
15/4/19,AFRICA,Retail,C3,New,88131,3267487.0
15/4/19,CANADA,Shopify,F2,Existing,762,147790.0
15/4/19,SOUTH AMERICA,Retail,C2,Existing,781,32449.0
15/4/19,USA,Shopify,C4,New,17,2427.0
15/4/19,USA,Retail,C3,Existing,83004,5000579.0
15/4/19,SOUTH AMERICA,Retail,F1,Existing,636,31121.0
15/4/19,EUROPE,Shopify,F1,New,3,943.0
15/4/19,CANADA,Retail,F3,Existing,79149,4686008.0
15/4/19,AFRICA,Shopify,C4,New,42,6073.0
15/4/19,AFRICA,Retail,C2,Existing,90169,4140820.0
15/4/19,ASIA,Shopify,C2,Existing,1255,226998.0
15/4/19,SOUTH AMERICA,Shopify,C3,New,16,2472.0
15/4/19,EUROPE,Shopify,null,Guest,205,38809.0
15/4/19,ASIA,Retail,C1,New,111174,2492817.0
15/4/19,AFRICA,Shopify,F1,Existing,1491,283928.0
15/4/19,OCEANIA,Retail,F3,New,96384,3409364.0
15/4/19,ASIA,Shopify,F2,Existing,1467,281893.0
15/4/19,EUROPE,Shopify,null,Existing,15,4350.0
15/4/19,EUROPE,Retail,C4,Existing,3776,202956.0
15/4/19,SOUTH AMERICA,Retail,C3,Existing,1317,62620.0
15/4/19,AFRICA,Shopify,C4,Existing,275,49608.0
15/4/19,SOUTH AMERICA,Retail,null,New,2109,74081.0
15/4/19,ASIA,Retail,null,Guest,1921050,49132703.0
15/4/19,OCEANIA,Shopify,C3,Existing,2831,560190.0
15/4/19,OCEANIA,Shopify,F2,New,307,51872.0
15/4/19,OCEANIA,Retail,null,Existing,34713,1631871.0
15/4/19,CANADA,Retail,F1,Existing,22269,1306952.0
15/4/19,USA,Shopify,C2,New,162,27329.0
15/4/19,OCEANIA,Shopify,C1,New,317,42333.0
15/4/19,CANADA,Retail,C4,Existing,25737,1336762.0
15/4/19,OCEANIA,Retail,F1,Existing,139581,7586931.0
15/4/19,CANADA,Shopify,null,Existing,60,10051.0
15/4/19,SOUTH AMERICA,Shopify,F3,Existing,24,4736.0
15/4/19,OCEANIA,Shopify,C2,New,472,76591.0
15/4/19,USA,Shopify,F1,New,104,18859.0
15/4/19,CANADA,Retail,F3,New,15769,599215.0
15/4/19,USA,Retail,F2,New,23254,996795.0
15/4/19,SOUTH AMERICA,Retail,F2,New,469,19425.0
15/4/19,EUROPE,Shopify,F2,New,13,2607.0
15/4/19,AFRICA,Retail,null,Guest,1434436,42306121.0
15/4/19,USA,Shopify,C1,New,107,16791.0
15/4/19,EUROPE,Retail,C4,New,1048,38731.0
15/4/19,SOUTH AMERICA,Retail,C3,New,1024,40013.0
15/4/19,ASIA,Shopify,C4,Existing,191,33887.0
15/4/19,ASIA,Shopify,C3,New,172,25797.0
15/4/19,USA,Retail,C1,Existing,46954,2106369.0
15/4/19,AFRICA,Shopify,C1,New,151,22858.0
15/4/19,CANADA,Shopify,C1,New,58,7937.0
15/4/19,SOUTH AMERICA,Shopify,C4,Existing,5,565.0
15/4/19,ASIA,Shopify,F1,New,129,20585.0
15/4/19,CANADA,Retail,C1,Existing,50635,2222116.0
15/4/19,ASIA,Shopify,C1,Existing,649,104119.0
15/4/19,CANADA,Shopify,C2,New,73,11317.0
15/4/19,EUROPE,Retail,C1,Existing,14567,668556.0
15/4/19,AFRICA,Shopify,null,Existing,130,23898.0
15/4/19,SOUTH AMERICA,Shopify,F1,Existing,52,11388.0
15/4/19,EUROPE,Retail,F1,New,919,41046.0
15/4/19,SOUTH AMERICA,Shopify,C2,Existing,67,13076.0
15/4/19,CANADA,Shopify,F3,Existing,382,75820.0
15/4/19,ASIA,Retail,C4,New,45153,1317722.0
15/4/19,SOUTH AMERICA,Retail,C1,New,2474,55646.0
15/4/19,OCEANIA,Retail,null,New,81464,3127062.0
15/4/19,EUROPE,Shopify,null,New,7,941.0
15/4/19,USA,Shopify,F2,New,112,18671.0
15/4/19,CANADA,Shopify,null,New,76,13296.0
15/4/19,CANADA,Shopify,C4,Existing,61,11762.0
15/4/19,USA,Retail,null,New,19665,901863.0
15/4/19,ASIA,Retail,null,New,63219,2263103.0
15/4/19,AFRICA,Retail,C4,Existing,94827,5077703.0
15/4/19,EUROPE,Retail,F1,Existing,6993,441279.0
15/4/19,SOUTH AMERICA,Retail,F3,New,396,14790.0
15/4/19,USA,Shopify,null,Guest,1298,248830.0
15/4/19,ASIA,Shopify,null,Existing,142,25932.0
15/4/19,OCEANIA,Retail,F2,New,83053,3114215.0
15/4/19,CANADA,Retail,C1,New,27520,757224.0
15/4/19,ASIA,Shopify,null,Guest,2218,366881.0
15/4/19,OCEANIA,Retail,C3,Existing,300264,15396955.0
15/4/19,SOUTH AMERICA,Shopify,C1,Existing,41,7805.0
15/4/19,SOUTH AMERICA,Shopify,null,New,47,8289.0
15/4/19,CANADA,Retail,F2,Existing,49645,2958892.0
15/4/19,CANADA,Shopify,C4,New,14,1793.0
15/4/19,AFRICA,Shopify,null,Guest,2595,459413.0
15/4/19,CANADA,Retail,F2,New,15230,606707.0
15/4/19,SOUTH AMERICA,Shopify,F2,Existing,23,5271.0
15/4/19,SOUTH AMERICA,Retail,F2,Existing,1036,48731.0
15/4/19,CANADA,Retail,C2,New,12746,419060.0
15/4/19,AFRICA,Retail,null,New,55164,2330030.0
15/4/19,USA,Shopify,null,Existing,84,17404.0
15/4/19,OCEANIA,Shopify,C3,New,353,56182.0
15/4/19,ASIA,Retail,F3,Existing,357799,18519542.0
15/4/19,OCEANIA,Retail,F1,New,39541,1426978.0
15/4/19,CANADA,Shopify,C3,Existing,486,92754.0
15/4/19,EUROPE,Retail,F2,New,1537,69550.0
15/4/19,USA,Shopify,C3,New,129,22617.0
15/4/19,SOUTH AMERICA,Retail,C2,New,809,27128.0
15/4/19,OCEANIA,Retail,C1,New,140807,3426527.0
15/4/19,OCEANIA,Shopify,null,New,394,66316.0
15/4/19,SOUTH AMERICA,Shopify,C2,New,25,4604.0
15/4/19,EUROPE,Retail,C2,Existing,9404,475065.0
15/4/19,OCEANIA,Retail,C4,New,54800,1733998.0
15/4/19,EUROPE,Shopify,C4,New,2,359.0
15/4/19,USA,Shopify,C3,Existing,948,193584.0
15/4/19,USA,Shopify,C1,Existing,545,100354.0
15/4/19,AFRICA,Retail,F2,New,56256,2187173.0
15/4/19,EUROPE,Retail,F3,Existing,18124,1145954.0
15/4/19,OCEANIA,Retail,C2,Existing,141953,5907114.0
15/4/19,AFRICA,Shopify,C3,New,176,29140.0
15/4/19,ASIA,Retail,F2,Existing,198556,10208047.0
15/4/19,AFRICA,Shopify,null,New,174,28152.0
15/4/19,EUROPE,Retail,F3,New,1628,68512.0
15/4/19,AFRICA,Retail,C4,New,35633,1238717.0
15/4/19,OCEANIA,Retail,F2,Existing,303220,17779772.0
15/4/19,OCEANIA,Retail,C2,New,90401,2623905.0
15/4/19,EUROPE,Shopify,C3,Existing,123,35527.0
15/4/19,ASIA,Retail,C1,Existing,160332,5528192.0
15/4/19,OCEANIA,Shopify,F3,New,128,20694.0
15/4/19,ASIA,Retail,C4,Existing,97401,4492197.0
15/4/19,CANADA,Retail,null,New,14731,624485.0
15/4/19,SOUTH AMERICA,Shopify,null,Existing,13,2230.0
15/4/19,CANADA,Shopify,F1,New,46,7822.0
15/4/19,OCEANIA,Shopify,F2,Existing,3955,825385.0
15/4/19,CANADA,Shopify,C1,Existing,331,55138.0
15/4/19,OCEANIA,Shopify,C4,Existing,478,87852.0
15/4/19,AFRICA,Shopify,C1,Existing,968,162602.0
15/4/19,SOUTH AMERICA,Shopify,F3,New,2,422.0
15/4/19,CANADA,Retail,C4,New,10861,371746.0
15/4/19,USA,Shopify,C4,Existing,112,21407.0
15/4/19,ASIA,Shopify,C2,New,229,31412.0
15/4/19,EUROPE,Retail,null,Guest,107507,3648786.0
15/4/19,USA,Retail,C2,New,21012,767802.0
15/4/19,USA,Shopify,F3,Existing,641,140909.0
15/4/19,SOUTH AMERICA,Shopify,F2,New,4,747.0
15/4/19,CANADA,Retail,null,Existing,5460,278099.0
15/4/19,CANADA,Shopify,F1,Existing,490,90539.0
15/4/19,USA,Retail,C3,New,36559,1491438.0
15/4/19,USA,Shopify,null,New,100,16827.0
15/4/19,OCEANIA,Shopify,F3,Existing,2184,459937.0
15/4/19,SOUTH AMERICA,Shopify,null,Guest,751,146119.0
15/4/19,EUROPE,Shopify,F2,Existing,167,39454.0
15/4/19,USA,Shopify,F3,New,39,6423.0
15/4/19,AFRICA,Retail,C3,Existing,234251,12583645.0
15/4/19,AFRICA,Retail,null,Existing,24091,1120165.0
15/4/19,EUROPE,Shopify,C1,New,7,1420.0
15/4/19,SOUTH AMERICA,Shopify,C1,New,18,2717.0
15/4/19,EUROPE,Retail,null,Existing,2434,117286.0
15/4/19,EUROPE,Shopify,F1,Existing,110,23183.0
15/4/19,ASIA,Shopify,C4,New,22,3344.0
15/4/19,CANADA,Retail,C3,New,24673,905130.0
15/4/19,SOUTH AMERICA,Shopify,C3,Existing,67,14161.0
15/4/19,AFRICA,Retail,C1,New,78636,2061933.0
15/4/19,EUROPE,Retail,C3,Existing,14043,786267.0
15/4/19,USA,Retail,F2,Existing,76042,4954694.0
15/4/19,SOUTH AMERICA,Retail,C4,Existing,386,18242.0
15/4/19,SOUTH AMERICA,Retail,null,Guest,390138,15887697.0
15/4/19,ASIA,Shopify,F2,New,145,23648.0
15/4/19,AFRICA,Retail,F2,Existing,230311,13610190.0
15/4/19,USA,Retail,F3,Existing,113877,7527960.0
15/4/19,SOUTH AMERICA,Retail,F3,Existing,1189,60532.0
15/4/19,CANADA,Shopify,null,Guest,758,129266.0
15/4/19,CANADA,Shopify,C3,New,64,9389.0
15/4/19,OCEANIA,Shopify,null,Guest,5381,959296.0
15/4/19,USA,Retail,C1,New,29352,839836.0
15/4/19,SOUTH AMERICA,Shopify,F1,New,6,929.0
15/4/19,OCEANIA,Shopify,C1,Existing,1745,313757.0
15/4/19,CANADA,Retail,C3,Existing,54202,2921432.0
15/4/19,EUROPE,Shopify,C1,Existing,77,15132.0
15/4/19,USA,Retail,F1,Existing,33982,2164031.0
15/4/19,USA,Retail,C4,New,14258,526628.0
15/4/19,AFRICA,Shopify,F1,New,131,22073.0
15/4/19,ASIA,Retail,C3,New,104312,3260867.0
15/4/19,ASIA,Shopify,C1,New,144,18922.0
15/4/19,ASIA,Retail,C2,New,72539,1993630.0
15/4/19,SOUTH AMERICA,Retail,null,Existing,476,21177.0
15/4/19,OCEANIA,Shopify,null,Existing,311,56518.0
15/4/19,AFRICA,Shopify,F2,Existing,2513,502986.0
15/4/19,OCEANIA,Retail,C4,Existing,134790,6882931.0
15/4/19,EUROPE,Shopify,C4,Existing,6,1346.0
15/4/19,CANADA,Shopify,C2,Existing,405,72871.0
15/4/19,USA,Retail,null,Existing,8192,436696.0
15/4/19,AFRICA,Shopify,C2,New,228,33711.0
15/4/19,ASIA,Shopify,F3,New,61,10020.0
15/4/19,USA,Retail,C4,Existing,32389,1845300.0
15/4/19,OCEANIA,Retail,C1,Existing,223315,8546911.0
15/4/19,CANADA,Shopify,F3,New,28,4534.0
15/4/19,ASIA,Shopify,null,New,167,25293.0
15/4/19,EUROPE,Retail,F2,Existing,14633,945134.0
15/4/19,USA,Retail,F3,New,22070,909934.0
15/4/19,OCEANIA,Shopify,F1,New,242,36079.0
15/4/19,AFRICA,Shopify,C2,Existing,1465,277997.0
15/4/19,ASIA,Shopify,F3,Existing,925,178233.0
15/4/19,SOUTH AMERICA,Retail,F1,New,330,12869.0
15/4/19,EUROPE,Shopify,C2,New,13,2472.0
15/4/19,ASIA,Retail,C2,Existing,109191,4321777.0
15/4/19,OCEANIA,Retail,C3,New,129175,4335596.0
15/4/19,EUROPE,Shopify,C3,New,11,2254.0
15/4/19,EUROPE,Retail,null,New,3505,155316.0
15/4/19,SOUTH AMERICA,Retail,C1,Existing,2871,81578.0
15/4/19,AFRICA,Shopify,F3,New,73,11536.0
15/4/19,CANADA,Shopify,F2,New,67,10383.0
15/4/19,USA,Shopify,C2,Existing,913,186826.0
15/4/19,AFRICA,Retail,F3,New,55491,2147652.0
8/4/19,OCEANIA,Retail,null,Existing,37039,1849409.0
8/4/19,ASIA,Retail,F2,New,68310,2490041.0
8/4/19,ASIA,Shopify,C4,New,35,4720.0
8/4/19,ASIA,Retail,C2,Existing,106503,4638824.0
8/4/19,EUROPE,Shopify,C3,New,17,2965.0
8/4/19,EUROPE,Shopify,F3,Existing,83,23912.0
8/4/19,AFRICA,Retail,null,Guest,1527993,49462741.0
8/4/19,USA,Shopify,F2,Existing,1141,240988.0
8/4/19,AFRICA,Retail,F1,New,23027,967739.0
8/4/19,OCEANIA,Shopify,F1,Existing,2219,431670.0
8/4/19,OCEANIA,Retail,null,Guest,2224996,67537025.0
8/4/19,USA,Retail,C3,Existing,89355,5672235.0
8/4/19,EUROPE,Retail,C4,Existing,3629,209992.0
8/4/19,EUROPE,Retail,null,Guest,98784,3595123.0
8/4/19,EUROPE,Retail,F3,Existing,17278,1179347.0
8/4/19,CANADA,Retail,C3,Existing,53184,3205618.0
8/4/19,OCEANIA,Shopify,F2,New,260,43905.0
8/4/19,SOUTH AMERICA,Retail,F1,Existing,658,32289.0
8/4/19,EUROPE,Shopify,C2,Existing,88,24666.0
8/4/19,CANADA,Shopify,null,New,61,10131.0
8/4/19,USA,Retail,F1,Existing,36115,2346593.0
8/4/19,SOUTH AMERICA,Shopify,C4,Existing,6,823.0
8/4/19,AFRICA,Shopify,C4,New,32,4786.0
8/4/19,AFRICA,Shopify,F1,Existing,1350,258457.0
8/4/19,ASIA,Shopify,null,New,153,24762.0
8/4/19,EUROPE,Shopify,F1,Existing,72,15675.0
8/4/19,SOUTH AMERICA,Retail,F2,New,494,21482.0
8/4/19,USA,Shopify,C1,New,110,17568.0
8/4/19,SOUTH AMERICA,Shopify,C1,New,15,2565.0
8/4/19,USA,Retail,null,Guest,525600,17888307.0
8/4/19,EUROPE,Retail,null,Existing,2619,136755.0
8/4/19,USA,Retail,F2,Existing,79270,5290456.0
8/4/19,SOUTH AMERICA,Retail,F2,Existing,1197,65778.0
8/4/19,SOUTH AMERICA,Shopify,C4,New,1,123.0
8/4/19,SOUTH AMERICA,Retail,C4,New,303,13559.0
8/4/19,CANADA,Shopify,F2,Existing,660,128147.0
8/4/19,USA,Shopify,F2,New,144,23811.0
8/4/19,OCEANIA,Shopify,F2,Existing,3151,659003.0
8/4/19,CANADA,Shopify,C4,New,10,1185.0
8/4/19,AFRICA,Retail,F3,Existing,359508,23460009.0
8/4/19,EUROPE,Retail,F3,New,1587,71103.0
8/4/19,ASIA,Retail,C3,Existing,219276,11308198.0
8/4/19,CANADA,Shopify,C1,Existing,258,43890.0
8/4/19,ASIA,Shopify,F2,New,143,23458.0
8/4/19,AFRICA,Shopify,C1,New,164,23317.0
8/4/19,AFRICA,Shopify,F2,Existing,2470,506794.0
8/4/19,CANADA,Retail,F3,New,16968,737485.0
8/4/19,SOUTH AMERICA,Retail,null,Guest,387031,16761991.0
8/4/19,OCEANIA,Retail,C2,Existing,133572,6427538.0
8/4/19,OCEANIA,Shopify,C4,New,47,6676.0
8/4/19,EUROPE,Shopify,C1,Existing,66,13314.0
8/4/19,OCEANIA,Shopify,C2,New,412,68965.0
8/4/19,CANADA,Shopify,C4,Existing,51,9035.0
8/4/19,SOUTH AMERICA,Retail,C2,New,866,32347.0
8/4/19,ASIA,Retail,null,New,67322,2642965.0
8/4/19,EUROPE,Retail,F1,Existing,6750,453453.0
8/4/19,USA,Retail,F3,Existing,120281,8231580.0
8/4/19,OCEANIA,Retail,C1,Existing,210504,9030890.0
8/4/19,CANADA,Shopify,F1,New,42,7002.0
8/4/19,CANADA,Shopify,null,Existing,51,8992.0
8/4/19,SOUTH AMERICA,Shopify,C3,New,15,2524.0
8/4/19,EUROPE,Shopify,C4,New,2,288.0
8/4/19,EUROPE,Shopify,F1,New,2,395.0
8/4/19,AFRICA,Retail,C2,Existing,96965,4869017.0
8/4/19,CANADA,Retail,C4,Existing,25326,1449965.0
8/4/19,ASIA,Shopify,F2,Existing,1361,267215.0
8/4/19,AFRICA,Shopify,C2,Existing,1386,274071.0
8/4/19,SOUTH AMERICA,Retail,C1,New,2564,63516.0
8/4/19,EUROPE,Shopify,F2,New,2,596.0
8/4/19,SOUTH AMERICA,Retail,C1,Existing,2808,91392.0
8/4/19,CANADA,Retail,F2,Existing,50062,3233934.0
8/4/19,EUROPE,Retail,F2,Existing,13458,944391.0
8/4/19,SOUTH AMERICA,Retail,null,New,2293,87684.0
8/4/19,SOUTH AMERICA,Shopify,F1,New,5,717.0
8/4/19,CANADA,Retail,C1,New,27505,857696.0
8/4/19,AFRICA,Retail,F1,Existing,91201,5585271.0
8/4/19,CANADA,Retail,C2,New,12862,488157.0
8/4/19,SOUTH AMERICA,Shopify,C2,Existing,66,13459.0
8/4/19,AFRICA,Shopify,C2,New,212,33375.0
8/4/19,USA,Retail,F3,New,25042,1094608.0
8/4/19,ASIA,Retail,C3,New,114134,4028906.0
8/4/19,AFRICA,Retail,null,Existing,30003,1549739.0
8/4/19,ASIA,Retail,C1,New,111594,2774907.0
8/4/19,SOUTH AMERICA,Shopify,F3,New,2,372.0
8/4/19,ASIA,Retail,F3,New,85067,3031012.0
8/4/19,AFRICA,Retail,C2,New,51959,1910920.0
8/4/19,AFRICA,Retail,F2,New,62461,2679071.0
8/4/19,AFRICA,Shopify,C3,New,212,36605.0
8/4/19,USA,Shopify,null,Existing,94,16738.0
8/4/19,USA,Retail,C4,Existing,34833,2086316.0
8/4/19,CANADA,Retail,C2,Existing,18267,961817.0
8/4/19,AFRICA,Retail,C1,New,85639,2485941.0
8/4/19,CANADA,Shopify,null,Guest,623,110549.0
8/4/19,CANADA,Shopify,C2,New,63,10009.0
8/4/19,OCEANIA,Shopify,null,New,333,58292.0
8/4/19,AFRICA,Retail,C4,New,40192,1558062.0
8/4/19,ASIA,Retail,C4,New,49468,1637715.0
8/4/19,EUROPE,Retail,C3,New,3433,152860.0
8/4/19,USA,Retail,F2,New,25605,1134401.0
8/4/19,OCEANIA,Shopify,C3,Existing,2567,529239.0
8/4/19,AFRICA,Shopify,null,New,179,31620.0
8/4/19,OCEANIA,Retail,F2,New,81714,3343688.0
8/4/19,USA,Retail,F1,New,10854,485630.0
8/4/19,EUROPE,Shopify,C2,New,19,3677.0
8/4/19,USA,Retail,null,Existing,10101,575718.0
8/4/19,SOUTH AMERICA,Retail,null,Existing,616,27935.0
8/4/19,EUROPE,Retail,C1,New,4017,139265.0
8/4/19,AFRICA,Retail,C1,Existing,158365,6832661.0
8/4/19,AFRICA,Shopify,null,Guest,2427,429050.0
8/4/19,EUROPE,Retail,C3,Existing,13135,795822.0
8/4/19,EUROPE,Retail,F1,New,908,41494.0
8/4/19,USA,Retail,C4,New,15973,648723.0
8/4/19,USA,Retail,C1,Existing,49441,2339367.0
8/4/19,OCEANIA,Retail,C4,New,57598,2148674.0
8/4/19,CANADA,Shopify,C1,New,50,7856.0
8/4/19,AFRICA,Shopify,F3,Existing,1321,282135.0
8/4/19,CANADA,Retail,F1,New,6740,294912.0
8/4/19,SOUTH AMERICA,Retail,C3,New,1091,53610.0
8/4/19,SOUTH AMERICA,Shopify,F1,Existing,43,9427.0
8/4/19,USA,Shopify,null,New,107,19547.0
8/4/19,CANADA,Shopify,F3,New,24,3763.0
8/4/19,ASIA,Shopify,C4,Existing,169,28992.0
8/4/19,OCEANIA,Shopify,null,Guest,4706,856386.0
8/4/19,ASIA,Shopify,C1,Existing,628,102658.0
8/4/19,SOUTH AMERICA,Shopify,C1,Existing,42,7691.0
8/4/19,SOUTH AMERICA,Retail,C3,Existing,1345,72525.0
8/4/19,USA,Shopify,null,Guest,1210,226867.0
8/4/19,SOUTH AMERICA,Shopify,null,New,36,6074.0
8/4/19,OCEANIA,Retail,F1,Existing,132485,7783392.0
8/4/19,OCEANIA,Shopify,null,Existing,302,60125.0
8/4/19,OCEANIA,Retail,C2,New,87086,2874476.0
8/4/19,USA,Retail,C1,New,31984,991976.0
8/4/19,USA,Shopify,C4,New,22,3391.0
8/4/19,ASIA,Shopify,F3,New,70,10930.0
8/4/19,SOUTH AMERICA,Retail,F3,New,438,20190.0
8/4/19,OCEANIA,Retail,C3,Existing,296336,17266719.0
8/4/19,EUROPE,Shopify,C3,Existing,101,33749.0
8/4/19,EUROPE,Shopify,null,Existing,9,2557.0
8/4/19,EUROPE,Retail,C2,New,2515,100636.0
8/4/19,OCEANIA,Retail,F2,Existing,283983,17705814.0
8/4/19,CANADA,Retail,C1,Existing,48794,2381638.0
8/4/19,ASIA,Shopify,C3,Existing,1094,210876.0
8/4/19,CANADA,Shopify,C3,Existing,398,78613.0
8/4/19,EUROPE,Shopify,null,Guest,167,30598.0
8/4/19,ASIA,Retail,F1,Existing,87465,4695413.0
8/4/19,ASIA,Retail,F2,Existing,193558,11009223.0
8/4/19,EUROPE,Retail,F2,New,1573,77869.0
8/4/19,OCEANIA,Shopify,F3,Existing,1915,409983.0
8/4/19,ASIA,Shopify,null,Existing,144,26061.0
8/4/19,AFRICA,Shopify,F3,New,85,15106.0
8/4/19,EUROPE,Retail,C4,New,1014,42474.0
8/4/19,OCEANIA,Retail,C1,New,133109,3695475.0
8/4/19,EUROPE,Shopify,C1,New,13,1723.0
8/4/19,CANADA,Shopify,F3,Existing,329,66672.0
8/4/19,USA,Shopify,F3,New,41,7119.0
8/4/19,EUROPE,Shopify,F2,Existing,119,29455.0
8/4/19,USA,Shopify,C3,New,135,24154.0
8/4/19,SOUTH AMERICA,Retail,F3,Existing,1355,78800.0
8/4/19,CANADA,Shopify,C2,Existing,324,61407.0
8/4/19,ASIA,Retail,C4,Existing,99695,4961374.0
8/4/19,OCEANIA,Shopify,F3,New,126,21887.0
8/4/19,OCEANIA,Shopify,C3,New,333,56383.0
8/4/19,CANADA,Shopify,F1,Existing,389,72469.0
8/4/19,ASIA,Shopify,C1,New,129,15915.0
8/4/19,OCEANIA,Shopify,C1,New,235,32399.0
8/4/19,ASIA,Retail,F3,Existing,356445,20089730.0
8/4/19,OCEANIA,Retail,F1,New,38238,1528053.0
8/4/19,SOUTH AMERICA,Shopify,F2,New,7,1132.0
8/4/19,AFRICA,Retail,C3,Existing,252820,14855200.0
8/4/19,CANADA,Retail,C4,New,11386,445194.0
8/4/19,USA,Shopify,C4,Existing,109,23281.0
8/4/19,ASIA,Retail,F1,New,29939,1083630.0
8/4/19,SOUTH AMERICA,Shopify,null,Guest,727,139023.0
8/4/19,USA,Shopify,F1,New,92,15001.0
8/4/19,CANADA,Retail,null,Existing,6010,340290.0
8/4/19,ASIA,Shopify,F1,New,100,15288.0
8/4/19,AFRICA,Shopify,C1,Existing,886,152626.0
8/4/19,CANADA,Retail,C3,New,26592,1140304.0
8/4/19,OCEANIA,Retail,C4,Existing,136091,7759132.0
8/4/19,EUROPE,Shopify,C4,Existing,6,2163.0
8/4/19,SOUTH AMERICA,Shopify,F2,Existing,24,7168.0
8/4/19,CANADA,Shopify,F2,New,65,11149.0
8/4/19,OCEANIA,Retail,C3,New,133341,5289795.0
8/4/19,AFRICA,Retail,F3,New,62941,2699633.0
8/4/19,CANADA,Retail,F2,New,16232,702299.0
8/4/19,USA,Retail,C3,New,41199,1854247.0
8/4/19,SOUTH AMERICA,Shopify,C3,Existing,61,12052.0
8/4/19,OCEANIA,Retail,F3,New,98929,3966670.0
8/4/19,EUROPE,Shopify,F3,New,3,541.0
8/4/19,AFRICA,Retail,null,New,62745,2881307.0
8/4/19,AFRICA,Shopify,F1,New,111,18735.0
8/4/19,ASIA,Shopify,null,Guest,2188,358678.0
8/4/19,ASIA,Retail,C1,Existing,155480,5869112.0
8/4/19,CANADA,Retail,null,Guest,386451,12309306.0
8/4/19,USA,Shopify,F3,Existing,538,113534.0
8/4/19,USA,Retail,null,New,22351,1077216.0
8/4/19,ASIA,Shopify,C2,New,217,30245.0
8/4/19,ASIA,Shopify,C2,Existing,1221,221543.0
8/4/19,EUROPE,Retail,C2,Existing,8903,475379.0
8/4/19,SOUTH AMERICA,Retail,C2,Existing,822,37862.0
8/4/19,EUROPE,Retail,null,New,3486,163632.0
8/4/19,USA,Shopify,C2,New,151,27312.0
8/4/19,ASIA,Shopify,F1,Existing,973,176915.0
8/4/19,OCEANIA,Shopify,C4,Existing,450,84778.0
8/4/19,CANADA,Shopify,C3,New,62,9913.0
8/4/19,SOUTH AMERICA,Retail,C4,Existing,426,23071.0
8/4/19,SOUTH AMERICA,Shopify,C2,New,21,2995.0
8/4/19,AFRICA,Retail,C4,Existing,102687,5874369.0
8/4/19,CANADA,Retail,F1,Existing,22058,1388454.0
8/4/19,SOUTH AMERICA,Shopify,F3,Existing,18,4619.0
8/4/19,USA,Shopify,C1,Existing,476,87271.0
8/4/19,USA,Shopify,C2,Existing,847,167274.0
8/4/19,CANADA,Retail,F3,Existing,79253,5189812.0
8/4/19,ASIA,Shopify,C3,New,179,28937.0
8/4/19,USA,Retail,C2,New,23163,924562.0
8/4/19,AFRICA,Retail,C3,New,100798,4247355.0
8/4/19,OCEANIA,Shopify,C2,Existing,2477,507756.0
8/4/19,USA,Shopify,F1,Existing,840,160534.0
8/4/19,USA,Shopify,C3,Existing,965,201203.0
8/4/19,AFRICA,Retail,F2,Existing,246959,16105648.0
8/4/19,OCEANIA,Retail,null,New,82370,3661419.0
8/4/19,AFRICA,Shopify,C3,Existing,1563,325658.0
8/4/19,ASIA,Retail,C2,New,74939,2253451.0
8/4/19,USA,Retail,C2,Existing,35472,1970240.0
8/4/19,ASIA,Shopify,F3,Existing,866,173177.0
8/4/19,OCEANIA,Shopify,F1,New,194,31268.0
8/4/19,SOUTH AMERICA,Retail,F1,New,351,15010.0
8/4/19,EUROPE,Retail,C1,Existing,13946,689405.0
8/4/19,AFRICA,Shopify,null,Existing,139,25753.0
8/4/19,AFRICA,Shopify,C4,Existing,263,48292.0
8/4/19,ASIA,Retail,null,Guest,1896717,52823326.0
8/4/19,EUROPE,Shopify,null,New,7,1101.0
8/4/19,OCEANIA,Shopify,C1,Existing,1522,267751.0
8/4/19,SOUTH AMERICA,Shopify,null,Existing,14,2637.0
8/4/19,CANADA,Retail,null,New,15670,738999.0
8/4/19,OCEANIA,Retail,F3,Existing,474647,30060350.0
8/4/19,ASIA,Retail,null,Existing,27966,1281242.0
8/4/19,AFRICA,Shopify,F2,New,188,29734.0
1/4/19,USA,Shopify,C2,New,160,27259.0
1/4/19,SOUTH AMERICA,Retail,null,New,2327,83196.0
1/4/19,ASIA,Retail,C2,New,76117,2039638.0
1/4/19,SOUTH AMERICA,Retail,null,Existing,668,29789.0
1/4/19,OCEANIA,Retail,C2,New,96192,2740509.0
1/4/19,ASIA,Retail,F1,New,30023,986441.0
1/4/19,OCEANIA,Shopify,F3,New,171,27539.0
1/4/19,ASIA,Shopify,null,New,176,30921.0
1/4/19,AFRICA,Shopify,C4,Existing,337,58352.0
1/4/19,OCEANIA,Shopify,null,Existing,401,74834.0
1/4/19,AFRICA,Retail,C1,Existing,169120,6545501.0
1/4/19,ASIA,Shopify,F3,Existing,1003,194751.0
1/4/19,EUROPE,Retail,F2,Existing,14145,889177.0
1/4/19,USA,Retail,F3,New,26469,1093430.0
1/4/19,ASIA,Retail,F3,Existing,363357,18905748.0
1/4/19,OCEANIA,Retail,F1,New,40894,1411874.0
1/4/19,EUROPE,Shopify,null,Existing,19,4387.0
1/4/19,USA,Shopify,F3,Existing,738,166927.0
1/4/19,SOUTH AMERICA,Shopify,F1,Existing,55,13428.0
1/4/19,ASIA,Shopify,C2,Existing,1413,261385.0
1/4/19,CANADA,Retail,null,Existing,7394,367416.0
1/4/19,OCEANIA,Shopify,C3,New,424,70214.0
1/4/19,AFRICA,Shopify,null,Guest,2819,503466.0
1/4/19,CANADA,Shopify,F2,New,72,13237.0
1/4/19,SOUTH AMERICA,Shopify,F2,New,5,1252.0
1/4/19,SOUTH AMERICA,Retail,C3,Existing,1390,70517.0
1/4/19,EUROPE,Retail,null,Guest,108213,3635810.0
1/4/19,USA,Shopify,C1,Existing,624,113841.0
1/4/19,OCEANIA,Retail,C4,Existing,145320,7825962.0
1/4/19,USA,Shopify,C3,Existing,1130,244875.0
1/4/19,EUROPE,Retail,C1,New,4124,127349.0
1/4/19,CANADA,Shopify,C3,Existing,575,113112.0
1/4/19,USA,Retail,C1,Existing,53189,2352994.0
1/4/19,USA,Retail,C2,New,24334,856517.0
1/4/19,ASIA,Shopify,C3,Existing,1311,259582.0
1/4/19,AFRICA,Retail,F2,Existing,249992,14051712.0
1/4/19,CANADA,Retail,C2,Existing,21475,986084.0
1/4/19,USA,Shopify,F1,New,109,19152.0
1/4/19,AFRICA,Shopify,null,Existing,181,34961.0
1/4/19,CANADA,Shopify,null,Guest,852,148011.0
1/4/19,USA,Shopify,null,Guest,1529,306699.0
1/4/19,USA,Retail,C3,Existing,95556,5826599.0
1/4/19,EUROPE,Retail,C4,Existing,3818,212586.0
1/4/19,OCEANIA,Retail,null,Guest,2578158,68245299.0
1/4/19,OCEANIA,Retail,C1,New,150392,3571667.0
1/4/19,AFRICA,Shopify,F3,New,107,18882.0
1/4/19,EUROPE,Shopify,C3,New,14,3454.0
1/4/19,ASIA,Retail,C2,Existing,111313,4346501.0
1/4/19,ASIA,Shopify,C4,New,42,5246.0
1/4/19,AFRICA,Retail,C2,New,53385,1714736.0
1/4/19,AFRICA,Shopify,F3,Existing,1514,315946.0
1/4/19,OCEANIA,Retail,null,Existing,43530,1904677.0
1/4/19,OCEANIA,Shopify,F1,Existing,2983,568641.0
1/4/19,OCEANIA,Shopify,C3,Existing,3233,660014.0
1/4/19,SOUTH AMERICA,Retail,C1,Existing,2808,79626.0
1/4/19,AFRICA,Shopify,C3,Existing,1814,371785.0
1/4/19,ASIA,Retail,C4,Existing,103887,5003371.0
1/4/19,SOUTH AMERICA,Retail,F1,Existing,736,35575.0
1/4/19,AFRICA,Retail,null,Guest,1673549,47937030.0
1/4/19,USA,Shopify,F2,Existing,1429,296964.0
1/4/19,CANADA,Retail,C3,Existing,60592,3338402.0
1/4/19,ASIA,Shopify,F1,Existing,1283,226182.0
1/4/19,OCEANIA,Shopify,C2,Existing,3258,645864.0
1/4/19,USA,Shopify,F1,Existing,1134,220997.0
1/4/19,USA,Shopify,C3,New,163,30933.0
1/4/19,SOUTH AMERICA,Shopify,F1,New,5,993.0
1/4/19,USA,Retail,null,New,24218,1071589.0
1/4/19,USA,Retail,null,Guest,586588,18335318.0
1/4/19,EUROPE,Retail,F3,New,1644,69840.0
1/4/19,CANADA,Retail,C1,New,31914,849031.0
1/4/19,SOUTH AMERICA,Shopify,C4,New,5,736.0
1/4/19,SOUTH AMERICA,Retail,C2,New,837,27884.0
1/4/19,USA,Retail,null,Existing,11249,588119.0
1/4/19,ASIA,Shopify,C1,New,171,21120.0
1/4/19,AFRICA,Retail,C3,New,104193,3945461.0
1/4/19,CANADA,Retail,F3,Existing,91811,5469027.0
1/4/19,ASIA,Shopify,C3,New,208,31544.0
1/4/19,OCEANIA,Retail,F3,Existing,521778,30039081.0
1/4/19,ASIA,Retail,null,Existing,30016,1231927.0
1/4/19,SOUTH AMERICA,Retail,C3,New,1119,45676.0
1/4/19,EUROPE,Retail,C1,Existing,14671,667897.0
1/4/19,CANADA,Retail,F1,New,7365,275607.0
1/4/19,AFRICA,Retail,C1,New,91267,2304471.0
1/4/19,ASIA,Shopify,null,Existing,194,35364.0
1/4/19,EUROPE,Retail,null,Existing,2741,134993.0
1/4/19,AFRICA,Retail,F1,New,23781,882048.0
1/4/19,AFRICA,Shopify,C3,New,231,39705.0
1/4/19,SOUTH AMERICA,Retail,F3,Existing,1459,75905.0
1/4/19,OCEANIA,Shopify,F2,New,307,51909.0
1/4/19,AFRICA,Retail,null,Existing,32703,1490280.0
1/4/19,AFRICA,Shopify,F1,Existing,1683,313593.0
1/4/19,USA,Shopify,C4,Existing,113,21968.0
1/4/19,ASIA,Shopify,null,Guest,2694,433048.0
1/4/19,ASIA,Retail,C4,New,50859,1570305.0
1/4/19,CANADA,Shopify,C4,Existing,70,11832.0
1/4/19,OCEANIA,Shopify,C4,New,68,10279.0
1/4/19,SOUTH AMERICA,Retail,C4,New,359,15507.0
1/4/19,SOUTH AMERICA,Retail,null,Guest,421994,17260024.0
1/4/19,ASIA,Shopify,F2,New,144,21732.0
1/4/19,SOUTH AMERICA,Shopify,null,Guest,956,190253.0
1/4/19,CANADA,Retail,C3,New,29890,1126297.0
1/4/19,SOUTH AMERICA,Shopify,C3,Existing,72,14910.0
1/4/19,EUROPE,Shopify,C4,Existing,6,1968.0
1/4/19,SOUTH AMERICA,Retail,C2,Existing,782,34835.0
1/4/19,CANADA,Shopify,null,New,77,13339.0
1/4/19,ASIA,Retail,F3,New,85657,2839629.0
1/4/19,AFRICA,Shopify,C2,Existing,1567,300012.0
1/4/19,ASIA,Retail,null,New,70474,2474629.0
1/4/19,EUROPE,Retail,F1,Existing,6952,433218.0
1/4/19,CANADA,Retail,F1,Existing,25445,1414592.0
1/4/19,SOUTH AMERICA,Retail,F2,Existing,1267,67476.0
1/4/19,CANADA,Shopify,C1,Existing,385,65777.0
1/4/19,CANADA,Retail,F3,New,19222,735453.0
1/4/19,CANADA,Retail,C2,New,14423,464900.0
1/4/19,USA,Shopify,C2,Existing,1080,223860.0
1/4/19,CANADA,Retail,null,Guest,466269,12980135.0
1/4/19,EUROPE,Retail,F3,Existing,18066,1134606.0
1/4/19,USA,Retail,C4,New,17272,665560.0
1/4/19,EUROPE,Retail,null,New,3714,166712.0
1/4/19,AFRICA,Shopify,F2,Existing,2758,555987.0
1/4/19,EUROPE,Retail,C3,Existing,13743,780885.0
1/4/19,OCEANIA,Shopify,C2,New,498,78136.0
1/4/19,OCEANIA,Retail,F2,Existing,318781,17109580.0
1/4/19,USA,Retail,C3,New,43454,1811656.0
1/4/19,EUROPE,Retail,C2,Existing,9275,461856.0
1/4/19,CANADA,Shopify,C4,New,11,1358.0
1/4/19,CANADA,Shopify,F1,Existing,518,95889.0
1/4/19,SOUTH AMERICA,Shopify,F3,Existing,28,6706.0
1/4/19,SOUTH AMERICA,Retail,F2,New,551,22342.0
1/4/19,EUROPE,Shopify,null,New,9,1758.0
1/4/19,CANADA,Shopify,F3,Existing,487,99023.0
1/4/19,SOUTH AMERICA,Retail,F1,New,330,12062.0
1/4/19,EUROPE,Shopify,C1,Existing,79,14948.0
1/4/19,AFRICA,Retail,F3,Existing,371701,22083528.0
1/4/19,ASIA,Retail,F2,New,67269,2209680.0
1/4/19,OCEANIA,Retail,C3,New,143546,5007257.0
1/4/19,SOUTH AMERICA,Shopify,C1,New,25,3556.0
1/4/19,SOUTH AMERICA,Shopify,null,New,64,11029.0
1/4/19,EUROPE,Shopify,F3,Existing,93,26126.0
1/4/19,AFRICA,Shopify,F2,New,221,38195.0
1/4/19,USA,Retail,F1,Existing,38143,2309091.0
1/4/19,OCEANIA,Retail,C2,Existing,149920,6144883.0
1/4/19,ASIA,Retail,null,Guest,2027112,50884745.0
1/4/19,OCEANIA,Shopify,F3,Existing,2515,530875.0
1/4/19,CANADA,Retail,F2,Existing,60045,3428711.0
1/4/19,OCEANIA,Shopify,C1,Existing,2003,364595.0
1/4/19,EUROPE,Retail,C2,New,2590,97256.0
1/4/19,USA,Shopify,F2,New,134,22889.0
1/4/19,EUROPE,Retail,C3,New,3510,147862.0
1/4/19,AFRICA,Retail,C4,Existing,106957,5919081.0
1/4/19,OCEANIA,Retail,F3,New,107747,3857909.0
1/4/19,CANADA,Shopify,C2,Existing,483,94256.0
1/4/19,USA,Retail,C2,Existing,38595,1995839.0
1/4/19,ASIA,Retail,C1,New,117293,2558395.0
1/4/19,OCEANIA,Shopify,F1,New,262,42811.0
1/4/19,AFRICA,Shopify,C1,Existing,1079,176477.0
1/4/19,ASIA,Shopify,C4,Existing,213,37006.0
1/4/19,AFRICA,Shopify,C1,New,202,27567.0
1/4/19,EUROPE,Shopify,C2,Existing,120,35507.0
1/4/19,USA,Retail,F2,Existing,88351,5412840.0
1/4/19,AFRICA,Retail,F1,Existing,95138,5255034.0
1/4/19,CANADA,Shopify,C2,New,75,10639.0
1/4/19,USA,Shopify,C1,New,126,19025.0
1/4/19,OCEANIA,Shopify,F2,Existing,4159,859003.0
1/4/19,CANADA,Shopify,F2,Existing,859,170234.0
1/4/19,ASIA,Retail,C3,New,114938,3698999.0
1/4/19,OCEANIA,Retail,F2,New,88678,3142070.0
1/4/19,EUROPE,Shopify,F1,Existing,117,29610.0
1/4/19,OCEANIA,Shopify,C1,New,340,47944.0
1/4/19,EUROPE,Shopify,F2,New,5,1417.0
1/4/19,USA,Retail,C1,New,34183,956841.0
1/4/19,SOUTH AMERICA,Retail,C1,New,2441,57482.0
1/4/19,USA,Shopify,null,New,150,25173.0
1/4/19,ASIA,Shopify,F2,Existing,1608,311027.0
1/4/19,USA,Retail,F3,Existing,131037,8580188.0
1/4/19,USA,Retail,F1,New,11356,466165.0
1/4/19,EUROPE,Shopify,C2,New,13,1817.0
1/4/19,ASIA,Shopify,F1,New,151,21999.0
1/4/19,CANADA,Shopify,F3,New,25,3719.0
1/4/19,AFRICA,Shopify,C2,New,247,38538.0
1/4/19,AFRICA,Retail,F3,New,65414,2566953.0
1/4/19,CANADA,Retail,F2,New,18398,689122.0
1/4/19,SOUTH AMERICA,Shopify,F2,Existing,24,4866.0
1/4/19,AFRICA,Retail,C2,Existing,101074,4534145.0
1/4/19,AFRICA,Shopify,C4,New,45,6523.0
1/4/19,EUROPE,Shopify,F1,New,2,466.0
1/4/19,EUROPE,Shopify,null,Guest,191,40851.0
1/4/19,OCEANIA,Retail,C4,New,62874,2131091.0
1/4/19,ASIA,Retail,C1,Existing,163309,5490944.0
1/4/19,AFRICA,Shopify,F1,New,137,21675.0
1/4/19,ASIA,Retail,F2,Existing,193271,9709315.0
1/4/19,AFRICA,Shopify,null,New,215,35453.0
1/4/19,ASIA,Shopify,C1,Existing,748,120710.0
1/4/19,AFRICA,Retail,C4,New,42613,1551966.0
1/4/19,AFRICA,Retail,C3,Existing,265033,14509117.0
1/4/19,AFRICA,Retail,null,New,66354,2717551.0
1/4/19,EUROPE,Retail,F2,New,1552,71135.0
1/4/19,EUROPE,Shopify,C1,New,9,1856.0
1/4/19,OCEANIA,Retail,C1,Existing,234610,8864597.0
1/4/19,SOUTH AMERICA,Shopify,C3,New,17,2854.0
1/4/19,EUROPE,Shopify,C4,New,2,686.0
1/4/19,OCEANIA,Shopify,null,New,440,78566.0
1/4/19,CANADA,Shopify,F1,New,58,9716.0
1/4/19,USA,Shopify,C4,New,24,3486.0
1/4/19,USA,Retail,C4,Existing,36950,2159597.0
1/4/19,SOUTH AMERICA,Retail,C4,Existing,443,23025.0
1/4/19,OCEANIA,Retail,F1,Existing,144097,7458995.0
1/4/19,CANADA,Shopify,C3,New,72,10518.0
1/4/19,CANADA,Shopify,C1,New,72,10275.0
1/4/19,USA,Shopify,null,Existing,130,25393.0
1/4/19,SOUTH AMERICA,Shopify,F3,New,5,426.0
1/4/19,ASIA,Retail,C3,Existing,227538,10929618.0
1/4/19,SOUTH AMERICA,Shopify,C1,Existing,46,9595.0
1/4/19,OCEANIA,Retail,null,New,93235,3455481.0
1/4/19,EUROPE,Retail,F1,New,940,41056.0
1/4/19,CANADA,Retail,C4,Existing,28365,1527221.0
1/4/19,CANADA,Shopify,null,Existing,70,12084.0
1/4/19,ASIA,Retail,F1,Existing,88907,4335890.0
1/4/19,AFRICA,Retail,F2,New,63220,2388860.0
1/4/19,EUROPE,Shopify,F2,Existing,161,35595.0
1/4/19,USA,Shopify,F3,New,52,8095.0
1/4/19,SOUTH AMERICA,Retail,F3,New,461,19161.0
1/4/19,SOUTH AMERICA,Shopify,C2,New,44,6067.0
1/4/19,CANADA,Retail,null,New,17997,745509.0
1/4/19,ASIA,Shopify,C2,New,249,34502.0
1/4/19,SOUTH AMERICA,Shopify,null,Existing,18,3042.0
1/4/19,USA,Retail,F2,New,27460,1102234.0
1/4/19,OCEANIA,Shopify,C4,Existing,549,103941.0
1/4/19,OCEANIA,Retail,C3,Existing,321315,16864292.0
1/4/19,OCEANIA,Shopify,null,Guest,5879,1069708.0
1/4/19,EUROPE,Shopify,C3,Existing,120,31910.0
1/4/19,EUROPE,Retail,C4,New,972,39062.0
1/4/19,SOUTH AMERICA,Shopify,C2,Existing,97,21781.0
1/4/19,CANADA,Retail,C1,Existing,57375,2494114.0
1/4/19,ASIA,Shopify,F3,New,74,10859.0
1/4/19,CANADA,Retail,C4,New,13163,460052.0
1/4/19,SOUTH AMERICA,Shopify,C4,Existing,7,1416.0
25/3/19,ASIA,Retail,F1,New,30310,1002161.0
25/3/19,ASIA,Retail,F1,Existing,89502,4342997.0
25/3/19,AFRICA,Retail,C2,New,54735,1810827.0
25/3/19,USA,Retail,null,Guest,581583,17758456.0
25/3/19,EUROPE,Retail,null,Existing,2526,117054.0
25/3/19,EUROPE,Retail,C2,New,2629,92034.0
25/3/19,EUROPE,Shopify,F3,Existing,95,24756.0
25/3/19,USA,Shopify,F1,Existing,1140,216741.0
25/3/19,AFRICA,Retail,F1,New,24272,932897.0
25/3/19,CANADA,Shopify,null,New,77,12321.0
25/3/19,AFRICA,Retail,C3,Existing,259118,13779788.0
25/3/19,CANADA,Retail,C4,New,12792,437687.0
25/3/19,OCEANIA,Retail,null,Guest,2558910,67081020.0
25/3/19,EUROPE,Shopify,null,Guest,226,46088.0
25/3/19,ASIA,Retail,F2,New,67388,2172907.0
25/3/19,OCEANIA,Shopify,F2,Existing,4569,934296.0
25/3/19,AFRICA,Shopify,F2,Existing,2457,479435.0
25/3/19,EUROPE,Retail,C3,Existing,13774,757484.0
25/3/19,ASIA,Shopify,C1,New,167,21348.0
25/3/19,ASIA,Retail,null,Guest,2039094,50064908.0
25/3/19,SOUTH AMERICA,Shopify,F3,New,3,370.0
25/3/19,CANADA,Shopify,C1,Existing,384,64166.0
25/3/19,EUROPE,Retail,F3,New,1562,62394.0
25/3/19,SOUTH AMERICA,Retail,C4,New,401,15884.0
25/3/19,CANADA,Shopify,C2,New,73,10979.0
25/3/19,AFRICA,Shopify,F3,Existing,1349,267330.0
25/3/19,OCEANIA,Retail,C3,Existing,314341,16073976.0
25/3/19,AFRICA,Retail,null,Guest,1654621,48077742.0
25/3/19,USA,Shopify,F2,Existing,1554,321006.0
25/3/19,CANADA,Retail,null,New,17051,712716.0
25/3/19,AFRICA,Retail,C3,New,103405,3912410.0
25/3/19,SOUTH AMERICA,Retail,F2,Existing,1146,56439.0
25/3/19,SOUTH AMERICA,Shopify,C4,New,6,946.0
25/3/19,CANADA,Shopify,F2,Existing,901,172181.0
25/3/19,CANADA,Shopify,C4,Existing,58,10501.0
25/3/19,USA,Retail,C3,Existing,92919,5450596.0
25/3/19,OCEANIA,Shopify,C4,Existing,567,103969.0
25/3/19,ASIA,Shopify,F2,Existing,1649,318478.0
25/3/19,AFRICA,Retail,F2,Existing,251106,14177713.0
25/3/19,USA,Shopify,C1,Existing,651,113237.0
25/3/19,EUROPE,Shopify,F1,Existing,120,26289.0
25/3/19,OCEANIA,Retail,F3,Existing,519322,29485495.0
25/3/19,AFRICA,Shopify,F2,New,234,33476.0
25/3/19,USA,Shopify,C4,New,24,4322.0
25/3/19,AFRICA,Shopify,C4,Existing,280,48521.0
25/3/19,SOUTH AMERICA,Retail,F2,New,494,18916.0
25/3/19,CANADA,Retail,F1,Existing,24918,1374817.0
25/3/19,USA,Shopify,C2,New,178,29103.0
25/3/19,ASIA,Retail,C4,New,50698,1526083.0
25/3/19,OCEANIA,Shopify,C1,New,375,47534.0
25/3/19,CANADA,Retail,F3,New,18375,704711.0
25/3/19,SOUTH AMERICA,Shopify,F3,Existing,32,6564.0
25/3/19,SOUTH AMERICA,Retail,C1,New,2527,59946.0
25/3/19,OCEANIA,Retail,F1,Existing,142229,7429549.0
25/3/19,SOUTH AMERICA,Shopify,F2,Existing,26,5502.0
25/3/19,SOUTH AMERICA,Shopify,null,New,47,8759.0
25/3/19,EUROPE,Shopify,F2,New,6,1084.0
25/3/19,CANADA,Shopify,F1,New,56,8352.0
25/3/19,SOUTH AMERICA,Retail,C4,Existing,490,23550.0
25/3/19,CANADA,Shopify,F3,New,24,4675.0
25/3/19,CANADA,Retail,C1,New,31516,826796.0
25/3/19,SOUTH AMERICA,Retail,C3,Existing,1450,71088.0
25/3/19,CANADA,Shopify,C3,Existing,544,105136.0
25/3/19,AFRICA,Shopify,C1,New,179,24186.0
25/3/19,SOUTH AMERICA,Retail,null,Existing,585,24350.0
25/3/19,USA,Shopify,C2,Existing,1080,224818.0
25/3/19,EUROPE,Retail,C2,Existing,9247,441696.0
25/3/19,CANADA,Shopify,C1,New,76,10159.0
25/3/19,AFRICA,Shopify,C3,New,220,34922.0
25/3/19,OCEANIA,Retail,F3,New,106193,3760900.0
25/3/19,USA,Shopify,null,Guest,1578,296825.0
25/3/19,SOUTH AMERICA,Shopify,F2,New,6,1184.0
25/3/19,EUROPE,Retail,C1,Existing,14465,645821.0
25/3/19,EUROPE,Retail,C3,New,3346,128954.0
25/3/19,OCEANIA,Shopify,F2,New,405,65416.0
25/3/19,CANADA,Retail,F2,Existing,57597,3244619.0
25/3/19,AFRICA,Retail,F3,Existing,367040,21531233.0
25/3/19,SOUTH AMERICA,Retail,F3,New,395,16854.0
25/3/19,ASIA,Shopify,C2,Existing,1472,264439.0
25/3/19,USA,Shopify,null,New,137,24947.0
25/3/19,EUROPE,Retail,F1,New,1013,38810.0
25/3/19,USA,Retail,F3,New,26373,1066421.0
25/3/19,USA,Shopify,C4,Existing,122,25413.0
25/3/19,AFRICA,Shopify,null,Existing,160,28633.0
25/3/19,ASIA,Retail,null,New,68819,2395089.0
25/3/19,EUROPE,Shopify,null,New,10,2093.0
25/3/19,SOUTH AMERICA,Shopify,C3,Existing,69,15328.0
25/3/19,AFRICA,Shopify,C4,New,36,5211.0
25/3/19,EUROPE,Retail,F3,Existing,17858,1078214.0
25/3/19,AFRICA,Retail,F1,Existing,94656,5256953.0
25/3/19,USA,Retail,C4,New,16912,630174.0
25/3/19,SOUTH AMERICA,Shopify,F1,New,6,1142.0
25/3/19,CANADA,Shopify,null,Existing,72,12305.0
25/3/19,OCEANIA,Retail,C1,New,151520,3625046.0
25/3/19,EUROPE,Shopify,C1,New,9,1226.0
25/3/19,SOUTH AMERICA,Retail,C2,New,818,27578.0
25/3/19,USA,Retail,F2,New,27387,1084206.0
25/3/19,USA,Shopify,null,Existing,140,25171.0
25/3/19,EUROPE,Shopify,F3,New,5,961.0
25/3/19,SOUTH AMERICA,Retail,F1,Existing,653,30438.0
25/3/19,CANADA,Shopify,F2,New,85,12745.0
25/3/19,USA,Retail,C2,New,24544,853612.0
25/3/19,USA,Retail,F2,Existing,90992,5521200.0
25/3/19,OCEANIA,Shopify,null,Existing,404,78005.0
25/3/19,USA,Retail,C2,Existing,38577,1950158.0
25/3/19,CANADA,Retail,C2,Existing,20784,946675.0
25/3/19,CANADA,Shopify,C4,New,12,1872.0
25/3/19,OCEANIA,Shopify,F3,Existing,2778,583870.0
25/3/19,EUROPE,Retail,F1,Existing,6931,413332.0
25/3/19,SOUTH AMERICA,Shopify,C1,Existing,47,8712.0
25/3/19,ASIA,Retail,C2,Existing,111543,4331893.0
25/3/19,SOUTH AMERICA,Shopify,C1,New,23,3530.0
25/3/19,EUROPE,Shopify,C3,Existing,142,37550.0
25/3/19,ASIA,Shopify,C4,Existing,223,38734.0
25/3/19,OCEANIA,Retail,F2,New,88701,3196894.0
25/3/19,ASIA,Retail,F3,Existing,363753,18541452.0
25/3/19,AFRICA,Retail,C2,Existing,100713,4540575.0
25/3/19,OCEANIA,Retail,F1,New,40903,1423953.0
25/3/19,EUROPE,Shopify,F1,New,4,738.0
25/3/19,ASIA,Retail,C1,New,119357,2625582.0
25/3/19,AFRICA,Retail,F2,New,63052,2441577.0
25/3/19,USA,Shopify,C1,New,138,20540.0
25/3/19,OCEANIA,Retail,C3,New,140719,4844603.0
25/3/19,EUROPE,Shopify,C3,New,15,2286.0
25/3/19,OCEANIA,Shopify,C4,New,70,9239.0
25/3/19,CANADA,Retail,F2,New,17603,658881.0
25/3/19,EUROPE,Retail,C4,Existing,3694,200808.0
25/3/19,AFRICA,Retail,C4,Existing,103625,5572780.0
25/3/19,EUROPE,Retail,F2,New,1480,63367.0
25/3/19,USA,Retail,C1,Existing,52970,2306224.0
25/3/19,OCEANIA,Retail,null,Existing,39450,1719741.0
25/3/19,EUROPE,Shopify,null,Existing,18,4057.0
25/3/19,OCEANIA,Shopify,C3,Existing,3384,673105.0
25/3/19,EUROPE,Retail,F2,Existing,14243,877844.0
25/3/19,EUROPE,Shopify,C4,New,1,73.0
25/3/19,USA,Shopify,C3,Existing,1134,238138.0
25/3/19,EUROPE,Shopify,C2,Existing,130,34719.0
25/3/19,USA,Shopify,F3,New,44,7040.0
25/3/19,OCEANIA,Retail,C4,Existing,141081,7323993.0
25/3/19,CANADA,Retail,C3,New,28337,1035254.0
25/3/19,EUROPE,Shopify,C4,Existing,13,2491.0
25/3/19,USA,Retail,C1,New,34468,969812.0
25/3/19,OCEANIA,Shopify,F1,Existing,3160,586455.0
25/3/19,USA,Retail,C4,Existing,35617,2018604.0
25/3/19,CANADA,Shopify,F3,Existing,465,90729.0
25/3/19,USA,Retail,null,Existing,10498,532452.0
25/3/19,ASIA,Shopify,null,Existing,191,33786.0
25/3/19,ASIA,Shopify,C4,New,38,5536.0
25/3/19,SOUTH AMERICA,Retail,C3,New,1151,45168.0
25/3/19,USA,Shopify,F3,Existing,750,158778.0
25/3/19,SOUTH AMERICA,Retail,null,New,2200,78549.0
25/3/19,CANADA,Retail,null,Existing,6559,313294.0
25/3/19,OCEANIA,Shopify,C3,New,410,67205.0
25/3/19,USA,Retail,C3,New,42879,1729775.0
25/3/19,CANADA,Shopify,null,Guest,867,145668.0
25/3/19,SOUTH AMERICA,Retail,C2,Existing,751,33783.0
25/3/19,CANADA,Retail,F1,New,7311,276406.0
25/3/19,SOUTH AMERICA,Shopify,F1,Existing,55,10881.0
25/3/19,AFRICA,Retail,C4,New,41957,1499405.0
25/3/19,ASIA,Retail,C1,Existing,163769,5555214.0
25/3/19,CANADA,Retail,null,Guest,451953,12300044.0
25/3/19,CANADA,Shopify,F1,Existing,547,99063.0
25/3/19,SOUTH AMERICA,Retail,F1,New,319,12610.0
25/3/19,AFRICA,Shopify,C1,Existing,1061,167954.0
25/3/19,SOUTH AMERICA,Shopify,null,Guest,905,169005.0
25/3/19,OCEANIA,Shopify,null,New,418,71768.0
25/3/19,OCEANIA,Retail,C4,New,60568,2014803.0
25/3/19,SOUTH AMERICA,Shopify,C3,New,23,3549.0
25/3/19,AFRICA,Shopify,F1,New,149,23260.0
25/3/19,OCEANIA,Retail,C2,New,96321,2731335.0
25/3/19,USA,Retail,F1,New,11232,457238.0
25/3/19,EUROPE,Shopify,C2,New,7,835.0
25/3/19,AFRICA,Retail,null,Existing,29898,1381203.0
25/3/19,ASIA,Shopify,null,New,191,30618.0
25/3/19,ASIA,Retail,F2,Existing,198597,9709520.0
25/3/19,ASIA,Shopify,F1,New,162,21482.0
25/3/19,USA,Shopify,F2,New,122,20833.0
25/3/19,AFRICA,Retail,C1,New,92034,2441919.0
25/3/19,EUROPE,Retail,C1,New,4188,125060.0
25/3/19,OCEANIA,Shopify,C2,Existing,3460,708709.0
25/3/19,OCEANIA,Retail,C2,Existing,149187,6100521.0
25/3/19,USA,Retail,F1,Existing,38403,2309033.0
25/3/19,AFRICA,Shopify,null,Guest,2694,447144.0
25/3/19,SOUTH AMERICA,Shopify,C4,Existing,6,638.0
25/3/19,SOUTH AMERICA,Retail,F3,Existing,1319,65685.0
25/3/19,ASIA,Retail,F3,New,85569,2765982.0
25/3/19,CANADA,Shopify,C3,New,81,12009.0
25/3/19,OCEANIA,Shopify,null,Guest,6462,1130750.0
25/3/19,CANADA,Retail,C3,Existing,58124,3085868.0
25/3/19,AFRICA,Shopify,null,New,195,29671.0
25/3/19,ASIA,Shopify,C1,Existing,793,128746.0
25/3/19,ASIA,Shopify,C3,Existing,1281,239581.0
25/3/19,EUROPE,Retail,C4,New,922,34629.0
25/3/19,OCEANIA,Retail,F2,Existing,325516,17790078.0
25/3/19,CANADA,Retail,C1,Existing,55439,2368989.0
25/3/19,AFRICA,Shopify,C2,Existing,1569,285858.0
25/3/19,OCEANIA,Retail,null,New,89494,3357232.0
25/3/19,OCEANIA,Shopify,F1,New,311,46909.0
25/3/19,ASIA,Shopify,F3,Existing,1051,203995.0
25/3/19,CANADA,Retail,F3,Existing,88228,5078067.0
25/3/19,ASIA,Shopify,C3,New,225,33904.0
25/3/19,ASIA,Shopify,F3,New,80,12767.0
25/3/19,SOUTH AMERICA,Shopify,C2,New,28,4603.0
25/3/19,ASIA,Retail,C3,New,114335,3631581.0
25/3/19,CANADA,Retail,C2,New,14318,447633.0
25/3/19,SOUTH AMERICA,Shopify,C2,Existing,100,18594.0
25/3/19,ASIA,Retail,C2,New,77602,2083551.0
25/3/19,CANADA,Retail,C4,Existing,27250,1413816.0
25/3/19,USA,Shopify,C3,New,151,27080.0
25/3/19,ASIA,Shopify,C2,New,283,34908.0
25/3/19,CANADA,Shopify,C2,Existing,491,88114.0
25/3/19,USA,Retail,F3,Existing,130383,8316666.0
25/3/19,SOUTH AMERICA,Shopify,null,Existing,22,3463.0
25/3/19,ASIA,Shopify,F1,Existing,1333,237377.0
25/3/19,ASIA,Retail,null,Existing,27282,1120086.0
25/3/19,AFRICA,Shopify,C2,New,235,35264.0
25/3/19,OCEANIA,Shopify,C2,New,580,86420.0
25/3/19,USA,Shopify,F1,New,126,20195.0
25/3/19,OCEANIA,Retail,C1,Existing,232497,8795453.0
25/3/19,EUROPE,Shopify,C1,Existing,90,18696.0
25/3/19,OCEANIA,Shopify,C1,Existing,2080,359627.0
25/3/19,EUROPE,Shopify,F2,Existing,177,39234.0
25/3/19,SOUTH AMERICA,Retail,C1,Existing,2842,84355.0
25/3/19,AFRICA,Shopify,F3,New,88,13829.0
25/3/19,ASIA,Retail,C3,Existing,223749,10497313.0
25/3/19,ASIA,Shopify,null,Guest,2746,435630.0
25/3/19,AFRICA,Shopify,C3,Existing,1698,326502.0
25/3/19,AFRICA,Retail,F3,New,64656,2522683.0
25/3/19,EUROPE,Retail,null,Guest,108532,3510311.0
25/3/19,OCEANIA,Shopify,F3,New,153,23338.0
25/3/19,SOUTH AMERICA,Retail,null,Guest,415941,16423720.0
25/3/19,ASIA,Shopify,F2,New,161,24523.0
25/3/19,AFRICA,Retail,C1,Existing,168283,6564584.0
25/3/19,AFRICA,Retail,null,New,64116,2646439.0
25/3/19,USA,Retail,null,New,23386,1035384.0
25/3/19,EUROPE,Retail,null,New,3593,158340.0
25/3/19,ASIA,Retail,C4,Existing,101244,4721870.0
25/3/19,AFRICA,Shopify,F1,Existing,1550,277425.0
3/9/18,EUROPE,Retail,null,Guest,119578,4061587.0
3/9/18,ASIA,Retail,C1,New,113821,2567629.0
3/9/18,AFRICA,Retail,null,New,62763,2595500.0
3/9/18,ASIA,Shopify,null,New,196,31963.0
3/9/18,AFRICA,Shopify,C4,Existing,252,47435.0
3/9/18,EUROPE,Retail,F2,Existing,13774,919696.0
3/9/18,CANADA,Retail,C3,New,27513,978070.0
3/9/18,EUROPE,Shopify,C4,Existing,8,1947.0
3/9/18,OCEANIA,Shopify,null,Existing,446,91267.0
3/9/18,AFRICA,Retail,C1,New,87792,2285900.0
3/9/18,SOUTH AMERICA,Retail,F3,New,332,12731.0
3/9/18,OCEANIA,Shopify,F3,New,180,29030.0
3/9/18,USA,Retail,F3,New,27155,1116307.0
3/9/18,CANADA,Shopify,F3,Existing,408,80997.0
3/9/18,SOUTH AMERICA,Shopify,C3,Existing,61,14120.0
3/9/18,ASIA,Retail,C1,Existing,148789,5162052.0
3/9/18,SOUTH AMERICA,Shopify,C2,New,34,5696.0
3/9/18,CANADA,Shopify,C2,Existing,410,77189.0
3/9/18,OCEANIA,Retail,C4,Existing,118860,6127358.0
3/9/18,CANADA,Shopify,F2,New,64,9835.0
3/9/18,AFRICA,Shopify,null,Existing,219,43420.0
3/9/18,USA,Retail,null,Existing,10953,590212.0
3/9/18,ASIA,Retail,C2,New,73460,2001519.0
3/9/18,ASIA,Shopify,null,Existing,185,32805.0
3/9/18,OCEANIA,Retail,F1,New,40272,1396231.0
3/9/18,AFRICA,Shopify,F3,New,84,13524.0
3/9/18,CANADA,Shopify,C3,Existing,423,82155.0
3/9/18,USA,Shopify,C3,Existing,1002,218535.0
3/9/18,OCEANIA,Retail,F3,New,107209,3767499.0
3/9/18,EUROPE,Shopify,F3,New,3,628.0
3/9/18,USA,Shopify,F1,New,104,16827.0
3/9/18,CANADA,Retail,C2,Existing,17767,811398.0
3/9/18,USA,Shopify,C1,Existing,593,110020.0
3/9/18,SOUTH AMERICA,Retail,null,Existing,390,15313.0
3/9/18,USA,Retail,C2,New,23197,841204.0
3/9/18,SOUTH AMERICA,Retail,C2,New,587,18637.0
3/9/18,ASIA,Shopify,F3,Existing,1079,221475.0
3/9/18,AFRICA,Retail,F2,Existing,241553,14061632.0
3/9/18,USA,Retail,C2,Existing,32994,1748009.0
3/9/18,OCEANIA,Shopify,C2,Existing,2908,591752.0
3/9/18,AFRICA,Retail,C3,New,100193,3674012.0
3/9/18,USA,Retail,C4,Existing,30691,1722458.0
3/9/18,OCEANIA,Retail,C2,New,92970,2628980.0
3/9/18,CANADA,Shopify,null,Existing,61,11781.0
3/9/18,ASIA,Retail,null,Guest,1937190,48465750.0
3/9/18,AFRICA,Retail,C1,Existing,153929,6146003.0
3/9/18,USA,Shopify,C2,New,148,25314.0
3/9/18,CANADA,Retail,F3,Existing,79527,4697152.0
3/9/18,ASIA,Shopify,C3,New,179,26659.0
3/9/18,ASIA,Retail,F1,New,29858,990948.0
3/9/18,SOUTH AMERICA,Shopify,null,Guest,972,196078.0
3/9/18,USA,Shopify,C3,New,131,23120.0
3/9/18,OCEANIA,Retail,C1,Existing,209059,8117339.0
3/9/18,AFRICA,Retail,F1,New,23321,887810.0
3/9/18,ASIA,Shopify,F1,New,114,18314.0
3/9/18,ASIA,Shopify,F1,Existing,1197,217669.0
3/9/18,ASIA,Shopify,C4,New,30,4118.0
3/9/18,OCEANIA,Shopify,null,New,380,68725.0
3/9/18,SOUTH AMERICA,Retail,null,New,1979,71260.0
3/9/18,USA,Shopify,F2,New,126,22079.0
3/9/18,EUROPE,Shopify,C3,Existing,107,28551.0
3/9/18,SOUTH AMERICA,Shopify,C3,New,25,4476.0
3/9/18,CANADA,Retail,C4,New,12427,415523.0
3/9/18,SOUTH AMERICA,Shopify,C4,Existing,9,1767.0
3/9/18,CANADA,Shopify,null,New,65,10195.0
3/9/18,EUROPE,Retail,F3,Existing,17141,1096480.0
3/9/18,AFRICA,Retail,C3,Existing,231701,12316657.0
3/9/18,AFRICA,Shopify,F3,Existing,1500,338184.0
3/9/18,CANADA,Retail,F1,New,7240,275951.0
3/9/18,SOUTH AMERICA,Retail,C3,New,881,34935.0
3/9/18,CANADA,Shopify,null,Guest,757,133122.0
3/9/18,USA,Shopify,F1,Existing,1042,211190.0
3/9/18,SOUTH AMERICA,Shopify,F1,Existing,31,7481.0
3/9/18,AFRICA,Shopify,F1,New,137,22910.0
3/9/18,CANADA,Shopify,F1,New,62,10951.0
3/9/18,ASIA,Retail,C3,New,111094,3503579.0
3/9/18,SOUTH AMERICA,Shopify,F2,Existing,33,7343.0
3/9/18,OCEANIA,Shopify,C3,Existing,2672,552065.0
3/9/18,AFRICA,Retail,F3,New,64674,2452043.0
3/9/18,AFRICA,Shopify,C3,Existing,1645,343476.0
3/9/18,ASIA,Shopify,F2,Existing,1567,306883.0
3/9/18,OCEANIA,Shopify,F1,New,270,46258.0
3/9/18,SOUTH AMERICA,Shopify,F3,Existing,17,4244.0
3/9/18,USA,Shopify,null,Guest,1442,283975.0
3/9/18,EUROPE,Shopify,C3,New,7,1723.0
3/9/18,SOUTH AMERICA,Retail,C1,Existing,2240,64890.0
3/9/18,EUROPE,Retail,F3,New,1667,70303.0
3/9/18,AFRICA,Retail,C4,Existing,91442,4858213.0
3/9/18,SOUTH AMERICA,Retail,C2,Existing,595,26250.0
3/9/18,CANADA,Retail,null,Existing,6943,348668.0
3/9/18,OCEANIA,Shopify,C3,New,361,62994.0
3/9/18,USA,Shopify,C2,Existing,942,197148.0
3/9/18,AFRICA,Shopify,C3,New,211,37572.0
3/9/18,CANADA,Shopify,C4,Existing,58,9134.0
3/9/18,EUROPE,Retail,C1,New,4189,135087.0
3/9/18,SOUTH AMERICA,Retail,null,Guest,401420,16132084.0
3/9/18,ASIA,Shopify,F2,New,156,24829.0
3/9/18,AFRICA,Retail,F2,New,62896,2333272.0
3/9/18,OCEANIA,Shopify,null,Guest,5604,1020147.0
3/9/18,EUROPE,Shopify,F3,Existing,127,40367.0
3/9/18,CANADA,Retail,C1,Existing,51833,2262960.0
3/9/18,ASIA,Shopify,F3,New,81,12819.0
3/9/18,EUROPE,Retail,null,Existing,2959,142895.0
3/9/18,SOUTH AMERICA,Retail,F1,Existing,547,26528.0
3/9/18,ASIA,Shopify,C3,Existing,1135,211870.0
3/9/18,SOUTH AMERICA,Shopify,C1,New,19,3023.0
3/9/18,SOUTH AMERICA,Retail,F1,New,247,8921.0
3/9/18,EUROPE,Shopify,C2,New,9,2728.0
3/9/18,SOUTH AMERICA,Retail,F3,Existing,1008,51498.0
3/9/18,CANADA,Retail,C2,New,13209,414760.0
3/9/18,SOUTH AMERICA,Shopify,C2,Existing,96,19684.0
3/9/18,USA,Retail,null,New,23232,1035142.0
3/9/18,OCEANIA,Retail,C4,New,58959,1913519.0
3/9/18,SOUTH AMERICA,Retail,C4,New,231,9172.0
3/9/18,EUROPE,Retail,C1,Existing,14184,674495.0
3/9/18,AFRICA,Shopify,C2,Existing,1453,285668.0
3/9/18,ASIA,Shopify,C2,Existing,1195,219373.0
3/9/18,EUROPE,Shopify,null,New,16,1992.0
3/9/18,EUROPE,Retail,F2,New,1709,77337.0
3/9/18,OCEANIA,Retail,C1,New,146728,3570993.0
3/9/18,OCEANIA,Retail,F2,Existing,301109,17018241.0
3/9/18,EUROPE,Shopify,F2,Existing,158,39127.0
3/9/18,AFRICA,Retail,C2,New,50874,1643186.0
3/9/18,USA,Retail,C1,Existing,48396,2202824.0
3/9/18,AFRICA,Shopify,null,Guest,2767,505972.0
3/9/18,SOUTH AMERICA,Shopify,null,Existing,29,6338.0
3/9/18,CANADA,Retail,null,New,16950,688739.0
3/9/18,ASIA,Shopify,C2,New,227,33458.0
3/9/18,EUROPE,Retail,C2,Existing,8699,433337.0
3/9/18,AFRICA,Retail,null,Existing,30314,1424830.0
3/9/18,ASIA,Shopify,C1,New,171,22134.0
3/9/18,OCEANIA,Shopify,F2,Existing,4173,885777.0
3/9/18,ASIA,Retail,C4,Existing,84510,3925467.0
3/9/18,OCEANIA,Shopify,F3,Existing,2417,527007.0
3/9/18,CANADA,Retail,C3,Existing,50321,2662626.0
3/9/18,EUROPE,Retail,F1,New,995,45635.0
3/9/18,SOUTH AMERICA,Retail,C3,Existing,1029,49816.0
3/9/18,CANADA,Retail,F1,Existing,22179,1254182.0
3/9/18,EUROPE,Retail,C4,Existing,3824,204671.0
3/9/18,SOUTH AMERICA,Shopify,null,New,53,11283.0
3/9/18,EUROPE,Shopify,null,Guest,188,46103.0
3/9/18,AFRICA,Shopify,F2,Existing,2837,580178.0
3/9/18,EUROPE,Retail,C3,Existing,13548,767576.0
3/9/18,AFRICA,Shopify,F2,New,205,33782.0
3/9/18,CANADA,Retail,null,Guest,435461,11982961.0
3/9/18,USA,Shopify,F3,Existing,751,170660.0
3/9/18,SOUTH AMERICA,Shopify,F1,New,6,1014.0
3/9/18,ASIA,Retail,F3,New,86193,2815683.0
3/9/18,AFRICA,Shopify,F1,Existing,1652,317289.0
3/9/18,OCEANIA,Retail,null,Guest,2452056,64738913.0
3/9/18,SOUTH AMERICA,Shopify,F3,New,2,336.0
3/9/18,USA,Retail,F1,New,11328,475798.0
3/9/18,OCEANIA,Shopify,C4,New,60,8331.0
3/9/18,OCEANIA,Shopify,C1,Existing,1714,309415.0
3/9/18,USA,Retail,F3,Existing,119381,7833159.0
3/9/18,ASIA,Retail,F1,Existing,82161,4064836.0
3/9/18,CANADA,Shopify,C1,New,60,7890.0
3/9/18,ASIA,Retail,C2,Existing,96226,3820245.0
3/9/18,OCEANIA,Retail,C3,New,137071,4636139.0
3/9/18,CANADA,Retail,C1,New,31256,837698.0
3/9/18,SOUTH AMERICA,Retail,F2,Existing,921,44228.0
3/9/18,SOUTH AMERICA,Shopify,C4,New,4,661.0
3/9/18,OCEANIA,Shopify,F1,Existing,2756,555072.0
3/9/18,AFRICA,Retail,F3,Existing,339819,20151180.0
3/9/18,SOUTH AMERICA,Shopify,F2,New,11,2232.0
3/9/18,OCEANIA,Retail,null,Existing,41885,1839899.0
3/9/18,EUROPE,Shopify,null,Existing,15,3519.0
3/9/18,USA,Shopify,C4,Existing,107,21403.0
3/9/18,CANADA,Shopify,F1,Existing,465,88095.0
3/9/18,CANADA,Retail,F2,Existing,53624,3112724.0
3/9/18,EUROPE,Retail,C2,New,2710,100572.0
3/9/18,SOUTH AMERICA,Retail,C1,New,1934,44646.0
3/9/18,OCEANIA,Shopify,C4,Existing,442,86022.0
3/9/18,USA,Shopify,C4,New,21,3555.0
3/9/18,AFRICA,Retail,null,Guest,1614359,46961088.0
3/9/18,USA,Shopify,F2,Existing,1533,333131.0
3/9/18,CANADA,Retail,F2,New,17249,635306.0
3/9/18,AFRICA,Shopify,C1,New,171,23121.0
3/9/18,USA,Retail,C1,New,34228,998378.0
3/9/18,OCEANIA,Retail,null,New,87402,3293146.0
3/9/18,OCEANIA,Retail,F3,Existing,467710,27056859.0
3/9/18,ASIA,Retail,null,Existing,28546,1202476.0
3/9/18,EUROPE,Shopify,C1,Existing,92,18284.0
3/9/18,CANADA,Shopify,C2,New,66,11483.0
3/9/18,ASIA,Retail,F2,New,68603,2225780.0
3/9/18,USA,Shopify,null,New,115,20609.0
3/9/18,USA,Retail,null,Guest,573034,18040008.0
3/9/18,ASIA,Retail,C4,New,48783,1469805.0
3/9/18,EUROPE,Retail,C3,New,3735,153789.0
3/9/18,OCEANIA,Retail,F1,Existing,128610,6792399.0
3/9/18,EUROPE,Shopify,F1,Existing,132,29456.0
3/9/18,USA,Retail,F2,Existing,84976,5409703.0
3/9/18,CANADA,Shopify,C1,Existing,324,56467.0
3/9/18,SOUTH AMERICA,Retail,C4,Existing,258,12516.0
3/9/18,CANADA,Shopify,F2,Existing,795,158813.0
3/9/18,CANADA,Retail,F3,New,18927,704015.0
3/9/18,CANADA,Shopify,F3,New,25,4523.0
3/9/18,OCEANIA,Retail,C3,Existing,273709,14004934.0
3/9/18,AFRICA,Shopify,null,New,226,39806.0
3/9/18,SOUTH AMERICA,Retail,F2,New,397,15235.0
3/9/18,EUROPE,Retail,null,New,3708,166175.0
3/9/18,AFRICA,Retail,F1,Existing,87483,4991682.0
3/9/18,USA,Shopify,null,Existing,136,25439.0
3/9/18,OCEANIA,Retail,F2,New,90303,3195980.0
3/9/18,OCEANIA,Shopify,C1,New,335,45153.0
3/9/18,EUROPE,Shopify,F2,New,9,2112.0
3/9/18,ASIA,Retail,F3,Existing,333698,17302402.0
3/9/18,USA,Retail,C3,Existing,81805,4886261.0
3/9/18,ASIA,Shopify,null,Guest,2480,406534.0
3/9/18,ASIA,Retail,null,New,67603,2395716.0
3/9/18,ASIA,Retail,F2,Existing,188466,9559294.0
3/9/18,EUROPE,Retail,F1,Existing,6867,432100.0
3/9/18,USA,Retail,F1,Existing,35183,2218383.0
3/9/18,OCEANIA,Retail,C2,Existing,125027,5195994.0
3/9/18,EUROPE,Shopify,C2,Existing,105,29868.0
3/9/18,CANADA,Retail,C4,Existing,23058,1194485.0
3/9/18,ASIA,Retail,C3,Existing,194754,9113287.0
3/9/18,EUROPE,Retail,C4,New,1190,45359.0
3/9/18,SOUTH AMERICA,Shopify,C1,Existing,40,8426.0
3/9/18,ASIA,Shopify,C1,Existing,693,118205.0
3/9/18,OCEANIA,Shopify,F2,New,373,63955.0
3/9/18,CANADA,Shopify,C3,New,63,10809.0
3/9/18,USA,Retail,F2,New,27457,1132140.0
3/9/18,USA,Shopify,C1,New,115,16634.0
3/9/18,EUROPE,Shopify,F1,New,6,1444.0
3/9/18,OCEANIA,Shopify,C2,New,476,73215.0
3/9/18,USA,Retail,C3,New,42058,1712121.0
3/9/18,CANADA,Shopify,C4,New,9,1581.0
3/9/18,USA,Retail,C4,New,16692,623714.0
3/9/18,ASIA,Shopify,C4,Existing,186,33679.0
3/9/18,USA,Shopify,F3,New,58,8831.0
3/9/18,AFRICA,Shopify,C2,New,220,35199.0
3/9/18,EUROPE,Shopify,C1,New,13,2632.0
3/9/18,AFRICA,Retail,C2,Existing,87410,3990111.0
3/9/18,AFRICA,Shopify,C4,New,44,6430.0
3/9/18,AFRICA,Shopify,C1,Existing,1040,185709.0
3/9/18,AFRICA,Retail,C4,New,41932,1451739.0
27/8/18,ASIA,Shopify,null,Guest,2503,417133.0
27/8/18,AFRICA,Shopify,F1,Existing,1563,306710.0
27/8/18,USA,Retail,F3,Existing,120566,7772144.0
27/8/18,OCEANIA,Shopify,F2,New,342,58182.0
27/8/18,SOUTH AMERICA,Retail,F2,New,356,11830.0
27/8/18,CANADA,Retail,C4,New,12456,409784.0
27/8/18,AFRICA,Retail,C3,New,102806,3768596.0
27/8/18,ASIA,Retail,F1,New,31243,1046565.0
27/8/18,OCEANIA,Retail,F3,Existing,472542,27029237.0
27/8/18,AFRICA,Shopify,F2,New,198,34518.0
27/8/18,EUROPE,Retail,C2,Existing,8488,426984.0
27/8/18,CANADA,Shopify,C1,New,53,7147.0
27/8/18,EUROPE,Shopify,F3,New,3,1056.0
27/8/18,OCEANIA,Retail,F1,Existing,130319,6954362.0
27/8/18,SOUTH AMERICA,Shopify,C4,New,3,471.0
27/8/18,USA,Retail,C3,Existing,82082,4801366.0
27/8/18,OCEANIA,Retail,C3,New,140307,4719614.0
27/8/18,ASIA,Retail,C2,Existing,96979,3803349.0
27/8/18,EUROPE,Shopify,C3,New,10,1902.0
27/8/18,CANADA,Shopify,F2,New,67,9709.0
27/8/18,EUROPE,Shopify,null,Existing,17,4959.0
27/8/18,SOUTH AMERICA,Retail,C3,Existing,947,46206.0
27/8/18,USA,Retail,F2,New,28208,1151960.0
27/8/18,ASIA,Retail,null,Guest,1964416,48721552.0
27/8/18,SOUTH AMERICA,Retail,C1,New,1915,43177.0
27/8/18,CANADA,Retail,F2,New,17740,642010.0
27/8/18,EUROPE,Retail,C3,New,3692,148940.0
27/8/18,OCEANIA,Shopify,C3,Existing,2676,559020.0
27/8/18,EUROPE,Retail,null,New,3375,147770.0
27/8/18,SOUTH AMERICA,Retail,F1,Existing,599,31915.0
27/8/18,OCEANIA,Shopify,C1,New,304,40880.0
27/8/18,EUROPE,Shopify,F2,New,6,1327.0
27/8/18,CANADA,Shopify,C4,New,9,1199.0
27/8/18,CANADA,Retail,F2,Existing,54108,3052667.0
27/8/18,CANADA,Shopify,C1,Existing,310,52176.0
27/8/18,CANADA,Retail,F1,Existing,23059,1278085.0
27/8/18,CANADA,Retail,C3,New,27936,982749.0
27/8/18,AFRICA,Shopify,null,Guest,2748,499027.0
27/8/18,ASIA,Shopify,F2,New,134,19710.0
27/8/18,SOUTH AMERICA,Shopify,null,New,47,9073.0
27/8/18,AFRICA,Shopify,C1,New,179,24678.0
27/8/18,SOUTH AMERICA,Retail,null,Guest,398215,15927682.0
27/8/18,OCEANIA,Retail,C2,Existing,124461,5157614.0
27/8/18,USA,Retail,C4,New,16957,629674.0
27/8/18,USA,Retail,F1,Existing,35438,2219228.0
27/8/18,OCEANIA,Shopify,C4,New,65,10270.0
27/8/18,EUROPE,Shopify,C2,Existing,106,28672.0
27/8/18,AFRICA,Retail,C1,Existing,155137,6119532.0
27/8/18,EUROPE,Retail,F1,Existing,6901,425098.0
27/8/18,EUROPE,Shopify,F3,Existing,95,25829.0
27/8/18,AFRICA,Retail,F1,Existing,89874,5137132.0
27/8/18,USA,Shopify,null,New,103,21747.0
27/8/18,ASIA,Retail,F1,Existing,84231,4176436.0
27/8/18,EUROPE,Shopify,C3,Existing,108,34759.0
27/8/18,ASIA,Retail,F3,Existing,339987,17507883.0
27/8/18,OCEANIA,Retail,F1,New,41978,1498742.0
27/8/18,EUROPE,Shopify,F1,New,4,1116.0
27/8/18,SOUTH AMERICA,Shopify,F1,Existing,31,7684.0
27/8/18,EUROPE,Retail,C1,Existing,14059,648846.0
27/8/18,AFRICA,Retail,C2,New,51630,1665289.0
27/8/18,AFRICA,Retail,F2,New,64761,2408765.0
27/8/18,USA,Shopify,C1,New,129,17568.0
27/8/18,EUROPE,Retail,F2,New,1692,77718.0
27/8/18,AFRICA,Shopify,C4,New,32,5422.0
27/8/18,EUROPE,Shopify,C1,New,6,1072.0
27/8/18,AFRICA,Retail,C3,Existing,234105,12419995.0
27/8/18,SOUTH AMERICA,Shopify,C3,Existing,48,11186.0
27/8/18,EUROPE,Shopify,C4,Existing,6,2061.0
27/8/18,CANADA,Shopify,C3,New,54,8462.0
27/8/18,CANADA,Retail,F1,New,7485,287778.0
27/8/18,CANADA,Retail,C4,Existing,22792,1150687.0
27/8/18,AFRICA,Retail,C2,Existing,87861,3989975.0
27/8/18,SOUTH AMERICA,Shopify,F2,Existing,27,5653.0
27/8/18,USA,Shopify,C4,New,17,2430.0
27/8/18,AFRICA,Retail,F3,Existing,346482,20408211.0
27/8/18,CANADA,Retail,C2,New,13680,429832.0
27/8/18,EUROPE,Shopify,F2,Existing,145,39656.0
27/8/18,AFRICA,Retail,C4,New,43294,1484666.0
27/8/18,ASIA,Shopify,C2,New,246,34342.0
27/8/18,ASIA,Retail,C1,New,116821,2626214.0
27/8/18,USA,Shopify,C3,New,126,22088.0
27/8/18,OCEANIA,Shopify,null,New,325,59211.0
27/8/18,SOUTH AMERICA,Retail,null,New,1888,65285.0
27/8/18,ASIA,Shopify,F3,New,66,9561.0
27/8/18,OCEANIA,Retail,C4,New,60126,1936163.0
27/8/18,SOUTH AMERICA,Shopify,C3,New,12,2081.0
27/8/18,EUROPE,Shopify,C4,New,1,163.0
27/8/18,EUROPE,Retail,F1,New,978,44457.0
27/8/18,EUROPE,Retail,C2,New,2639,94140.0
27/8/18,SOUTH AMERICA,Retail,null,Existing,344,13182.0
27/8/18,EUROPE,Retail,F3,New,1598,67265.0
27/8/18,AFRICA,Retail,F1,New,24089,927735.0
27/8/18,SOUTH AMERICA,Shopify,F1,New,4,583.0
27/8/18,USA,Retail,C1,New,34946,1012363.0
27/8/18,ASIA,Retail,F2,New,70081,2255555.0
27/8/18,USA,Shopify,F2,Existing,1436,313231.0
27/8/18,USA,Retail,C3,New,42538,1719409.0
27/8/18,OCEANIA,Retail,null,New,82126,3104941.0
27/8/18,OCEANIA,Retail,null,Guest,2456295,64606896.0
27/8/18,EUROPE,Shopify,null,Guest,179,45610.0
27/8/18,ASIA,Shopify,C1,New,155,18329.0
27/8/18,ASIA,Shopify,C3,Existing,1109,212096.0
27/8/18,AFRICA,Retail,C1,New,89660,2332139.0
27/8/18,ASIA,Shopify,C1,Existing,723,124361.0
27/8/18,AFRICA,Shopify,null,New,209,38964.0
27/8/18,USA,Shopify,F3,New,48,8666.0
27/8/18,SOUTH AMERICA,Shopify,null,Guest,897,181035.0
27/8/18,SOUTH AMERICA,Shopify,null,Existing,28,5968.0
27/8/18,USA,Retail,F1,New,11588,490862.0
27/8/18,EUROPE,Shopify,C2,New,14,2013.0
27/8/18,AFRICA,Retail,F3,New,66415,2483318.0
27/8/18,OCEANIA,Retail,F2,New,92998,3306357.0
27/8/18,SOUTH AMERICA,Shopify,C1,Existing,43,8266.0
27/8/18,CANADA,Shopify,null,New,50,7555.0
27/8/18,OCEANIA,Retail,C1,New,149138,3640504.0
27/8/18,AFRICA,Shopify,C4,Existing,235,44215.0
27/8/18,USA,Retail,null,Existing,9965,526344.0
27/8/18,USA,Shopify,F1,Existing,941,190286.0
27/8/18,OCEANIA,Shopify,C2,Existing,2860,578271.0
27/8/18,CANADA,Retail,null,Guest,443983,11919503.0
27/8/18,USA,Shopify,F3,Existing,687,157784.0
27/8/18,ASIA,Retail,F2,Existing,193354,9729243.0
27/8/18,ASIA,Shopify,C4,New,26,2983.0
27/8/18,USA,Retail,null,New,21660,966694.0
27/8/18,OCEANIA,Shopify,C2,New,452,70739.0
27/8/18,USA,Shopify,F1,New,84,14845.0
27/8/18,ASIA,Shopify,F3,Existing,1010,206562.0
27/8/18,AFRICA,Shopify,C2,Existing,1428,283303.0
27/8/18,OCEANIA,Shopify,F1,New,255,42609.0
27/8/18,AFRICA,Shopify,F3,Existing,1507,331576.0
27/8/18,USA,Retail,null,Guest,573240,17820260.0
27/8/18,EUROPE,Retail,null,Existing,2639,127382.0
27/8/18,SOUTH AMERICA,Retail,F1,New,239,8567.0
27/8/18,OCEANIA,Retail,C3,Existing,274275,14062438.0
27/8/18,EUROPE,Retail,C4,New,1106,41817.0
27/8/18,CANADA,Shopify,F1,Existing,440,86701.0
27/8/18,CANADA,Retail,null,Existing,6394,313373.0
27/8/18,OCEANIA,Shopify,C3,New,344,58618.0
27/8/18,OCEANIA,Shopify,F3,New,145,26006.0
27/8/18,ASIA,Retail,F3,New,87485,2795987.0
27/8/18,OCEANIA,Shopify,F2,Existing,4022,838263.0
27/8/18,EUROPE,Shopify,null,New,14,3502.0
27/8/18,SOUTH AMERICA,Shopify,C1,New,13,2038.0
27/8/18,ASIA,Shopify,null,Existing,157,27658.0
27/8/18,OCEANIA,Retail,F2,Existing,304862,17046656.0
27/8/18,CANADA,Retail,C1,Existing,51728,2203424.0
27/8/18,ASIA,Shopify,C4,Existing,157,28794.0
27/8/18,OCEANIA,Retail,C1,Existing,209055,8215789.0
27/8/18,EUROPE,Shopify,C1,Existing,79,16057.0
27/8/18,USA,Retail,C2,New,23514,842739.0
27/8/18,CANADA,Shopify,C2,Existing,359,65664.0
27/8/18,USA,Shopify,C4,Existing,101,21925.0
27/8/18,CANADA,Retail,C3,Existing,50507,2613384.0
27/8/18,SOUTH AMERICA,Retail,C4,New,215,7830.0
27/8/18,ASIA,Shopify,null,New,164,24868.0
27/8/18,ASIA,Retail,C1,Existing,149708,5159362.0
27/8/18,AFRICA,Retail,F2,Existing,247652,14303886.0
27/8/18,SOUTH AMERICA,Shopify,F2,New,4,623.0
27/8/18,USA,Retail,C4,Existing,30850,1737824.0
27/8/18,AFRICA,Shopify,F2,Existing,2896,601475.0
27/8/18,ASIA,Shopify,C2,Existing,1221,228745.0
27/8/18,USA,Shopify,C2,New,146,24377.0
27/8/18,SOUTH AMERICA,Retail,F2,Existing,886,43117.0
27/8/18,SOUTH AMERICA,Retail,C2,New,547,18372.0
27/8/18,AFRICA,Shopify,C1,Existing,1019,176617.0
27/8/18,SOUTH AMERICA,Retail,C2,Existing,600,23620.0
27/8/18,AFRICA,Retail,null,Guest,1629692,47190108.0
27/8/18,SOUTH AMERICA,Retail,C4,Existing,257,12526.0
27/8/18,CANADA,Retail,F3,Existing,79816,4576448.0
27/8/18,EUROPE,Retail,C1,New,4171,127289.0
27/8/18,CANADA,Retail,null,New,15668,633327.0
27/8/18,SOUTH AMERICA,Shopify,F3,Existing,17,3863.0
27/8/18,CANADA,Retail,F3,New,19382,704062.0
27/8/18,EUROPE,Retail,null,Guest,118619,3961470.0
27/8/18,SOUTH AMERICA,Shopify,C2,New,34,7008.0
27/8/18,OCEANIA,Shopify,F1,Existing,2699,538781.0
27/8/18,SOUTH AMERICA,Shopify,C4,Existing,6,1014.0
27/8/18,ASIA,Shopify,F2,Existing,1630,320101.0
27/8/18,USA,Shopify,null,Existing,108,23237.0
27/8/18,CANADA,Shopify,F1,New,40,6849.0
27/8/18,SOUTH AMERICA,Shopify,C2,Existing,98,20400.0
27/8/18,EUROPE,Retail,C3,Existing,13507,751610.0
27/8/18,ASIA,Shopify,C3,New,170,25818.0
27/8/18,USA,Retail,C1,Existing,48453,2201985.0
27/8/18,CANADA,Shopify,F2,Existing,726,144055.0
27/8/18,USA,Shopify,C2,Existing,891,193834.0
27/8/18,CANADA,Shopify,F3,Existing,375,75534.0
27/8/18,ASIA,Retail,C4,Existing,84376,3873816.0
27/8/18,SOUTH AMERICA,Retail,C1,Existing,2252,66476.0
27/8/18,OCEANIA,Retail,C2,New,92511,2665089.0
27/8/18,USA,Shopify,F2,New,124,22382.0
27/8/18,ASIA,Retail,C3,Existing,195820,9083652.0
27/8/18,OCEANIA,Shopify,F3,Existing,2346,508051.0
27/8/18,OCEANIA,Shopify,C1,Existing,1667,306125.0
27/8/18,AFRICA,Shopify,F3,New,100,17083.0
27/8/18,AFRICA,Shopify,null,Existing,195,38424.0
27/8/18,ASIA,Retail,C2,New,74544,2013651.0
27/8/18,AFRICA,Shopify,C3,New,167,27412.0
27/8/18,AFRICA,Retail,C4,Existing,92869,4918167.0
27/8/18,OCEANIA,Retail,F3,New,109747,3876430.0
27/8/18,ASIA,Retail,null,New,63497,2255030.0
27/8/18,AFRICA,Shopify,C2,New,184,29805.0
27/8/18,OCEANIA,Shopify,C4,Existing,427,78625.0
27/8/18,OCEANIA,Retail,null,Existing,37931,1678028.0
27/8/18,EUROPE,Retail,C4,Existing,3941,213231.0
27/8/18,USA,Shopify,null,Guest,1390,270011.0
27/8/18,CANADA,Shopify,C2,New,62,7942.0
27/8/18,USA,Shopify,C3,Existing,948,200752.0
27/8/18,AFRICA,Retail,null,Existing,27697,1305362.0
27/8/18,CANADA,Retail,C1,New,32157,843111.0
27/8/18,USA,Shopify,C1,Existing,581,106980.0
27/8/18,CANADA,Shopify,F3,New,21,3173.0
27/8/18,ASIA,Shopify,F1,Existing,1180,223309.0
27/8/18,SOUTH AMERICA,Retail,F3,New,292,11483.0
27/8/18,AFRICA,Shopify,C3,Existing,1564,329256.0
27/8/18,ASIA,Retail,null,Existing,25701,1091798.0
27/8/18,SOUTH AMERICA,Retail,C3,New,788,29354.0
27/8/18,ASIA,Retail,C3,New,111310,3456402.0
27/8/18,CANADA,Shopify,null,Guest,761,127984.0
27/8/18,CANADA,Shopify,null,Existing,61,10683.0
27/8/18,EUROPE,Shopify,F1,Existing,113,24955.0
27/8/18,CANADA,Shopify,C3,Existing,422,81149.0
27/8/18,OCEANIA,Retail,C4,Existing,119510,6153508.0
27/8/18,ASIA,Retail,C4,New,48379,1411791.0
27/8/18,ASIA,Shopify,F1,New,113,16107.0
27/8/18,EUROPE,Retail,F3,Existing,17064,1065220.0
27/8/18,CANADA,Shopify,C4,Existing,56,9701.0
27/8/18,SOUTH AMERICA,Retail,F3,Existing,961,50219.0
27/8/18,USA,Retail,C2,Existing,33005,1714939.0
27/8/18,AFRICA,Retail,null,New,59262,2451578.0
27/8/18,AFRICA,Shopify,F1,New,134,20841.0
27/8/18,USA,Retail,F2,Existing,86076,5392185.0
27/8/18,OCEANIA,Shopify,null,Existing,389,79697.0
27/8/18,USA,Retail,F3,New,27553,1122749.0
27/8/18,EUROPE,Retail,F2,Existing,13585,868449.0
27/8/18,OCEANIA,Shopify,null,Guest,5622,1011669.0
27/8/18,CANADA,Retail,C2,Existing,17796,818824.0
20/8/18,ASIA,Retail,C3,Existing,187551,8764791.0
20/8/18,AFRICA,Retail,C3,Existing,226635,12052194.0
20/8/18,AFRICA,Shopify,C4,New,31,5384.0
20/8/18,ASIA,Shopify,F2,Existing,1601,315680.0
20/8/18,ASIA,Shopify,null,New,188,31015.0
20/8/18,CANADA,Retail,C4,Existing,21846,1147406.0
20/8/18,USA,Shopify,C1,New,112,16218.0
20/8/18,ASIA,Retail,F1,Existing,80923,3997232.0
20/8/18,EUROPE,Shopify,C4,New,2,533.0
20/8/18,USA,Shopify,C2,New,130,21005.0
20/8/18,OCEANIA,Shopify,null,New,325,56846.0
20/8/18,AFRICA,Shopify,F1,Existing,1574,300273.0
20/8/18,ASIA,Retail,C4,New,44357,1317828.0
20/8/18,SOUTH AMERICA,Retail,null,New,1753,65486.0
20/8/18,USA,Retail,C3,Existing,79776,4705349.0
20/8/18,AFRICA,Shopify,F2,Existing,2834,597329.0
20/8/18,EUROPE,Shopify,F1,Existing,130,30756.0
20/8/18,OCEANIA,Shopify,C1,New,322,43736.0
20/8/18,CANADA,Shopify,null,Existing,52,9779.0
20/8/18,AFRICA,Retail,C1,New,86334,2259743.0
20/8/18,CANADA,Shopify,C3,New,48,7109.0
20/8/18,OCEANIA,Shopify,F1,Existing,2630,524865.0
20/8/18,ASIA,Shopify,C1,New,145,18691.0
20/8/18,OCEANIA,Retail,C2,Existing,121426,5098885.0
20/8/18,USA,Retail,F1,Existing,34576,2207121.0
20/8/18,EUROPE,Shopify,C2,Existing,99,28347.0
20/8/18,OCEANIA,Shopify,C4,New,62,9139.0
20/8/18,USA,Shopify,C1,Existing,590,108464.0
20/8/18,AFRICA,Shopify,null,New,190,32308.0
20/8/18,AFRICA,Retail,F2,New,61477,2308801.0
20/8/18,EUROPE,Retail,F3,Existing,16955,1088455.0
20/8/18,SOUTH AMERICA,Retail,C4,New,187,8041.0
20/8/18,USA,Shopify,F2,New,106,19461.0
20/8/18,USA,Retail,F2,Existing,83639,5309837.0
20/8/18,EUROPE,Shopify,C3,Existing,119,31823.0
20/8/18,CANADA,Shopify,C2,New,71,10893.0
20/8/18,SOUTH AMERICA,Retail,C1,New,1902,42224.0
20/8/18,ASIA,Shopify,C1,Existing,719,122802.0
20/8/18,USA,Shopify,F3,Existing,728,169852.0
20/8/18,CANADA,Retail,F3,New,17945,670461.0
20/8/18,SOUTH AMERICA,Shopify,F3,Existing,18,3936.0
20/8/18,USA,Retail,C2,New,22975,835154.0
20/8/18,EUROPE,Retail,null,Existing,2543,123908.0
20/8/18,EUROPE,Retail,F1,New,954,43544.0
20/8/18,ASIA,Shopify,C4,Existing,171,30259.0
20/8/18,USA,Retail,C4,New,15835,572707.0
20/8/18,AFRICA,Shopify,C1,New,171,23179.0
20/8/18,SOUTH AMERICA,Retail,F2,Existing,911,45937.0
20/8/18,EUROPE,Retail,F1,Existing,6770,437849.0
20/8/18,CANADA,Retail,null,Existing,5965,297814.0
20/8/18,OCEANIA,Shopify,C3,New,344,58149.0
20/8/18,SOUTH AMERICA,Retail,C3,New,770,29306.0
20/8/18,EUROPE,Retail,C4,New,1097,44759.0
20/8/18,OCEANIA,Shopify,C2,New,462,73955.0
20/8/18,USA,Shopify,F1,New,102,18519.0
20/8/18,CANADA,Shopify,null,New,63,10749.0
20/8/18,OCEANIA,Shopify,F2,Existing,4108,871416.0
20/8/18,CANADA,Retail,C1,New,30616,816561.0
20/8/18,OCEANIA,Retail,C3,Existing,265601,13625371.0
20/8/18,SOUTH AMERICA,Shopify,C1,Existing,38,7922.0
20/8/18,ASIA,Shopify,F1,New,119,18659.0
20/8/18,CANADA,Retail,C1,Existing,50773,2212027.0
20/8/18,USA,Shopify,null,Guest,1521,294220.0
20/8/18,OCEANIA,Retail,C1,New,143254,3496934.0
20/8/18,CANADA,Retail,C4,New,11222,375916.0
20/8/18,SOUTH AMERICA,Shopify,C4,Existing,8,1116.0
20/8/18,OCEANIA,Shopify,F3,Existing,2334,525411.0
20/8/18,CANADA,Retail,C2,Existing,17382,799969.0
20/8/18,OCEANIA,Retail,C4,New,55046,1775454.0
20/8/18,USA,Retail,null,New,19398,872771.0
20/8/18,USA,Shopify,null,New,104,18690.0
20/8/18,ASIA,Retail,null,New,57410,2072289.0
20/8/18,CANADA,Shopify,C3,Existing,404,78207.0
20/8/18,AFRICA,Shopify,C3,New,169,29532.0
20/8/18,SOUTH AMERICA,Retail,F2,New,375,14984.0
20/8/18,SOUTH AMERICA,Retail,null,Guest,390070,15760669.0
20/8/18,USA,Retail,null,Guest,582292,18046212.0
20/8/18,ASIA,Shopify,F2,New,134,20921.0
20/8/18,SOUTH AMERICA,Retail,C2,Existing,600,25714.0
20/8/18,SOUTH AMERICA,Shopify,C4,New,1,812.0
20/8/18,OCEANIA,Retail,null,New,73769,2823240.0
20/8/18,EUROPE,Shopify,null,New,9,1378.0
20/8/18,SOUTH AMERICA,Shopify,C2,New,28,5163.0
20/8/18,SOUTH AMERICA,Retail,F3,Existing,918,46060.0
20/8/18,ASIA,Retail,null,Existing,22570,970809.0
20/8/18,EUROPE,Retail,C1,New,4142,134727.0
20/8/18,SOUTH AMERICA,Shopify,C2,Existing,106,21467.0
20/8/18,ASIA,Shopify,C2,New,204,30254.0
20/8/18,SOUTH AMERICA,Shopify,C1,New,16,2449.0
20/8/18,SOUTH AMERICA,Shopify,null,Existing,24,5093.0
20/8/18,CANADA,Shopify,C4,New,6,805.0
20/8/18,AFRICA,Retail,C4,New,40337,1388875.0
20/8/18,ASIA,Retail,C2,Existing,94117,3740718.0
20/8/18,EUROPE,Retail,F2,New,1767,79187.0
20/8/18,ASIA,Retail,F2,Existing,186058,9533783.0
20/8/18,OCEANIA,Shopify,C2,Existing,2861,567367.0
20/8/18,USA,Shopify,F1,Existing,995,201782.0
20/8/18,CANADA,Shopify,C1,Existing,318,53958.0
20/8/18,OCEANIA,Retail,F1,Existing,125204,6698861.0
20/8/18,ASIA,Shopify,null,Existing,154,25881.0
20/8/18,ASIA,Retail,C4,Existing,80191,3738171.0
20/8/18,OCEANIA,Retail,C3,New,131654,4447669.0
20/8/18,CANADA,Shopify,F2,Existing,726,142922.0
20/8/18,EUROPE,Shopify,F3,New,2,393.0
20/8/18,EUROPE,Retail,F3,New,1569,69378.0
20/8/18,OCEANIA,Shopify,C4,Existing,429,80959.0
20/8/18,EUROPE,Retail,C3,Existing,13751,777063.0
20/8/18,ASIA,Shopify,C3,New,182,28160.0
20/8/18,USA,Retail,C3,New,40183,1621339.0
20/8/18,CANADA,Retail,null,New,14351,588722.0
20/8/18,USA,Shopify,null,Existing,110,21167.0
20/8/18,CANADA,Shopify,F1,New,46,7731.0
20/8/18,SOUTH AMERICA,Retail,C4,Existing,231,10819.0
20/8/18,EUROPE,Retail,null,Guest,121673,4121655.0
20/8/18,CANADA,Shopify,F3,New,21,3461.0
20/8/18,ASIA,Retail,F1,New,29827,996806.0
20/8/18,ASIA,Retail,F3,New,82156,2693741.0
20/8/18,CANADA,Shopify,F3,Existing,401,79797.0
20/8/18,CANADA,Retail,null,Guest,454544,12131004.0
20/8/18,AFRICA,Shopify,C2,Existing,1413,273996.0
20/8/18,EUROPE,Retail,C3,New,3812,161514.0
20/8/18,AFRICA,Shopify,null,Existing,186,36616.0
20/8/18,USA,Shopify,C2,Existing,915,197103.0
20/8/18,OCEANIA,Retail,F2,Existing,293274,16647307.0
20/8/18,SOUTH AMERICA,Retail,C2,New,587,18015.0
20/8/18,EUROPE,Retail,C2,Existing,8368,422855.0
20/8/18,SOUTH AMERICA,Shopify,F1,New,4,698.0
20/8/18,USA,Shopify,C4,Existing,97,21055.0
20/8/18,AFRICA,Shopify,F2,New,175,28414.0
20/8/18,OCEANIA,Retail,F3,Existing,455008,26558655.0
20/8/18,EUROPE,Shopify,F3,Existing,114,35821.0
20/8/18,OCEANIA,Shopify,F2,New,359,62166.0
20/8/18,CANADA,Retail,C3,Existing,48546,2592125.0
20/8/18,OCEANIA,Retail,C1,Existing,203294,7958539.0
20/8/18,USA,Shopify,C3,New,122,22684.0
20/8/18,AFRICA,Shopify,C4,Existing,251,46098.0
20/8/18,CANADA,Retail,F1,New,7127,266153.0
20/8/18,SOUTH AMERICA,Shopify,F1,Existing,28,6394.0
20/8/18,EUROPE,Shopify,C3,New,6,1457.0
20/8/18,CANADA,Retail,C3,New,25480,911725.0
20/8/18,USA,Shopify,F2,Existing,1522,327159.0
20/8/18,ASIA,Shopify,C3,Existing,1123,220342.0
20/8/18,OCEANIA,Shopify,C1,Existing,1708,314310.0
20/8/18,USA,Retail,F3,Existing,117329,7679757.0
20/8/18,CANADA,Retail,C2,New,12736,402798.0
20/8/18,ASIA,Retail,null,Guest,1974765,48611874.0
20/8/18,SOUTH AMERICA,Retail,F1,New,220,7722.0
20/8/18,USA,Shopify,F3,New,52,8891.0
20/8/18,EUROPE,Shopify,F2,Existing,179,47635.0
20/8/18,ASIA,Retail,C1,Existing,145381,5066294.0
20/8/18,SOUTH AMERICA,Shopify,null,Guest,965,191342.0
20/8/18,USA,Retail,C2,Existing,32328,1697948.0
20/8/18,USA,Shopify,C4,New,20,4190.0
20/8/18,CANADA,Retail,F3,Existing,77490,4617751.0
20/8/18,EUROPE,Shopify,C1,Existing,91,18771.0
20/8/18,SOUTH AMERICA,Shopify,C3,New,13,2702.0
20/8/18,ASIA,Shopify,null,Guest,2520,413589.0
20/8/18,OCEANIA,Retail,C4,Existing,115145,5972965.0
20/8/18,AFRICA,Shopify,F3,New,69,11143.0
20/8/18,CANADA,Shopify,F2,New,67,10662.0
20/8/18,CANADA,Shopify,F1,Existing,410,78990.0
20/8/18,AFRICA,Retail,C1,Existing,150865,6055714.0
20/8/18,OCEANIA,Shopify,F1,New,275,42361.0
20/8/18,SOUTH AMERICA,Shopify,C3,Existing,59,13300.0
20/8/18,EUROPE,Shopify,C4,Existing,9,4276.0
20/8/18,AFRICA,Retail,C3,New,96642,3534171.0
20/8/18,AFRICA,Retail,C2,Existing,85089,3903098.0
20/8/18,EUROPE,Shopify,F1,New,8,1830.0
20/8/18,CANADA,Shopify,C1,New,48,6607.0
20/8/18,USA,Retail,F2,New,26596,1089129.0
20/8/18,CANADA,Shopify,C2,Existing,374,67791.0
20/8/18,AFRICA,Shopify,F1,New,110,18445.0
20/8/18,USA,Retail,C1,Existing,47361,2174894.0
20/8/18,SOUTH AMERICA,Retail,C1,Existing,2223,64945.0
20/8/18,AFRICA,Retail,F2,Existing,237896,13890876.0
20/8/18,CANADA,Shopify,C4,Existing,43,7794.0
20/8/18,AFRICA,Retail,null,New,54340,2291849.0
20/8/18,AFRICA,Retail,C4,Existing,90197,4812860.0
20/8/18,OCEANIA,Shopify,F3,New,155,28003.0
20/8/18,AFRICA,Retail,F3,New,62911,2358724.0
20/8/18,OCEANIA,Retail,F3,New,103397,3699587.0
20/8/18,SOUTH AMERICA,Shopify,F2,Existing,25,5731.0
20/8/18,AFRICA,Retail,F1,New,22639,859195.0
20/8/18,EUROPE,Shopify,null,Guest,197,57208.0
20/8/18,USA,Retail,F3,New,26192,1080211.0
20/8/18,EUROPE,Retail,F2,Existing,13429,906177.0
20/8/18,EUROPE,Retail,null,New,3158,144596.0
20/8/18,AFRICA,Shopify,C2,New,205,32186.0
20/8/18,ASIA,Shopify,F3,New,73,11582.0
20/8/18,OCEANIA,Retail,F1,New,39791,1412520.0
20/8/18,USA,Retail,C4,Existing,29773,1683008.0
20/8/18,AFRICA,Retail,F1,Existing,86232,4909403.0
20/8/18,ASIA,Retail,F2,New,66723,2193709.0
20/8/18,SOUTH AMERICA,Retail,F3,New,312,12013.0
20/8/18,ASIA,Retail,C2,New,71287,1950082.0
20/8/18,SOUTH AMERICA,Retail,null,Existing,356,14251.0
20/8/18,EUROPE,Retail,C1,Existing,14250,682656.0
20/8/18,OCEANIA,Shopify,null,Existing,375,83093.0
20/8/18,ASIA,Shopify,C2,Existing,1215,227899.0
20/8/18,EUROPE,Shopify,C2,New,10,1727.0
20/8/18,CANADA,Retail,F2,Existing,53213,3083779.0
20/8/18,OCEANIA,Shopify,C3,Existing,2663,555784.0
20/8/18,AFRICA,Shopify,null,Guest,2711,486306.0
20/8/18,USA,Retail,C1,New,33812,991689.0
20/8/18,CANADA,Retail,F1,Existing,22390,1249041.0
20/8/18,ASIA,Shopify,F1,Existing,1157,211321.0
20/8/18,AFRICA,Shopify,F3,Existing,1540,343912.0
20/8/18,AFRICA,Retail,C2,New,49803,1601751.0
20/8/18,OCEANIA,Shopify,null,Guest,5665,1037322.0
20/8/18,ASIA,Retail,C1,New,113043,2560474.0
20/8/18,AFRICA,Retail,F3,Existing,335986,20052388.0
20/8/18,AFRICA,Retail,null,Existing,25101,1189909.0
20/8/18,AFRICA,Shopify,C1,Existing,1033,179889.0
20/8/18,ASIA,Retail,F3,Existing,327763,17112770.0
20/8/18,SOUTH AMERICA,Retail,F1,Existing,550,29111.0
20/8/18,EUROPE,Retail,C4,Existing,3970,213669.0
20/8/18,SOUTH AMERICA,Retail,C3,Existing,883,40534.0
20/8/18,OCEANIA,Retail,null,Guest,2475441,64818761.0
20/8/18,USA,Retail,null,Existing,9020,482946.0
20/8/18,OCEANIA,Retail,C2,New,89237,2581113.0
20/8/18,USA,Retail,F1,New,11412,481603.0
20/8/18,ASIA,Retail,C3,New,105601,3270630.0
20/8/18,CANADA,Shopify,null,Guest,747,128089.0
20/8/18,AFRICA,Retail,null,Guest,1645946,47228481.0
20/8/18,CANADA,Retail,F2,New,16619,622143.0
20/8/18,USA,Shopify,C3,Existing,979,210984.0
20/8/18,EUROPE,Retail,C2,New,2600,99324.0
20/8/18,SOUTH AMERICA,Shopify,F2,New,6,978.0
20/8/18,ASIA,Shopify,F3,Existing,1048,213353.0
20/8/18,ASIA,Shopify,C4,New,28,3938.0
20/8/18,EUROPE,Shopify,C1,New,13,2960.0
20/8/18,OCEANIA,Retail,null,Existing,33862,1513974.0
20/8/18,OCEANIA,Retail,F2,New,89048,3216865.0
20/8/18,EUROPE,Shopify,F2,New,9,1729.0
20/8/18,EUROPE,Shopify,null,Existing,11,2851.0
20/8/18,AFRICA,Shopify,C3,Existing,1571,332353.0
20/8/18,SOUTH AMERICA,Shopify,null,New,43,7860.0
13/8/18,USA,Retail,F2,Existing,82605,5232585.0
13/8/18,SOUTH AMERICA,Retail,F2,Existing,881,42100.0
13/8/18,CANADA,Retail,C4,Existing,21305,1122687.0
13/8/18,CANADA,Shopify,C2,New,54,8689.0
13/8/18,USA,Shopify,C2,New,126,20599.0
13/8/18,ASIA,Retail,C4,New,43508,1307942.0
13/8/18,AFRICA,Shopify,F3,New,74,13144.0
13/8/18,OCEANIA,Retail,C4,Existing,115209,6025268.0
13/8/18,SOUTH AMERICA,Retail,F3,New,301,11413.0
13/8/18,CANADA,Retail,F1,New,7004,262321.0
13/8/18,SOUTH AMERICA,Retail,C2,New,570,17598.0
13/8/18,ASIA,Shopify,C2,Existing,1103,207299.0
13/8/18,OCEANIA,Shopify,C3,New,288,47735.0
13/8/18,OCEANIA,Shopify,C2,New,419,65896.0
13/8/18,USA,Shopify,F1,New,101,15083.0
13/8/18,SOUTH AMERICA,Shopify,null,Existing,26,5159.0
13/8/18,ASIA,Retail,F3,New,82285,2697929.0
13/8/18,CANADA,Shopify,C3,New,51,8266.0
13/8/18,USA,Retail,C1,Existing,46700,2124869.0
13/8/18,EUROPE,Shopify,F1,Existing,106,26199.0
13/8/18,ASIA,Shopify,null,New,167,27847.0
13/8/18,OCEANIA,Shopify,F3,New,124,20890.0
13/8/18,CANADA,Retail,F3,New,17808,665238.0
13/8/18,SOUTH AMERICA,Shopify,F3,Existing,17,3695.0
13/8/18,AFRICA,Shopify,null,Existing,190,38494.0
13/8/18,SOUTH AMERICA,Retail,C3,New,735,26741.0
13/8/18,AFRICA,Retail,C4,Existing,90316,4873079.0
13/8/18,ASIA,Shopify,F1,New,111,17031.0
13/8/18,AFRICA,Shopify,C4,Existing,224,42842.0
13/8/18,ASIA,Retail,null,New,61857,2255615.0
13/8/18,EUROPE,Shopify,null,New,12,1867.0
13/8/18,CANADA,Retail,F3,Existing,77033,4553875.0
13/8/18,ASIA,Shopify,C3,New,157,22739.0
13/8/18,AFRICA,Shopify,C2,New,186,30208.0
13/8/18,EUROPE,Retail,C4,Existing,4123,229126.0
13/8/18,USA,Shopify,null,Guest,2413,486703.0
13/8/18,CANADA,Shopify,null,Existing,57,10330.0
13/8/18,OCEANIA,Retail,C4,New,53928,1747344.0
13/8/18,USA,Shopify,C3,New,100,17687.0
13/8/18,EUROPE,Shopify,C4,New,1,120.0
13/8/18,OCEANIA,Retail,F3,New,101917,3602374.0
13/8/18,USA,Shopify,null,Existing,96,18000.0
13/8/18,USA,Retail,C4,Existing,29255,1659762.0
13/8/18,OCEANIA,Retail,null,Existing,37310,1674328.0
13/8/18,OCEANIA,Shopify,null,New,303,54130.0
13/8/18,USA,Retail,null,New,20655,943296.0
13/8/18,ASIA,Shopify,C2,New,201,27099.0
13/8/18,SOUTH AMERICA,Shopify,C2,Existing,88,18382.0
13/8/18,AFRICA,Retail,F3,New,62593,2377180.0
13/8/18,OCEANIA,Retail,C1,Existing,203089,7912384.0
13/8/18,OCEANIA,Shopify,null,Existing,367,73891.0
13/8/18,SOUTH AMERICA,Shopify,F3,New,2,615.0
13/8/18,AFRICA,Shopify,C3,New,169,26952.0
13/8/18,CANADA,Retail,C2,Existing,17334,792347.0
13/8/18,SOUTH AMERICA,Retail,null,New,1855,59762.0
13/8/18,SOUTH AMERICA,Shopify,F1,New,3,726.0
13/8/18,CANADA,Retail,C3,Existing,47825,2545771.0
13/8/18,AFRICA,Retail,null,Existing,27915,1335138.0
13/8/18,AFRICA,Retail,C4,New,40348,1402591.0
13/8/18,ASIA,Retail,C4,Existing,79350,3740197.0
13/8/18,EUROPE,Retail,C3,Existing,13707,775170.0
13/8/18,AFRICA,Retail,C1,New,85631,2228728.0
13/8/18,ASIA,Shopify,null,Existing,156,29543.0
13/8/18,USA,Retail,null,Existing,9728,512204.0
13/8/18,EUROPE,Retail,F3,New,1642,68704.0
13/8/18,USA,Retail,F1,New,10964,451858.0
13/8/18,OCEANIA,Retail,C2,New,87535,2514841.0
13/8/18,AFRICA,Retail,C1,Existing,150775,6040611.0
13/8/18,OCEANIA,Retail,C2,Existing,121108,5103527.0
13/8/18,ASIA,Retail,C3,New,104642,3317578.0
13/8/18,ASIA,Retail,F3,Existing,326015,17223019.0
13/8/18,OCEANIA,Retail,F1,New,38726,1343001.0
13/8/18,EUROPE,Retail,C2,New,2627,94533.0
13/8/18,AFRICA,Shopify,null,New,167,29962.0
13/8/18,CANADA,Retail,null,Guest,456854,12030683.0
13/8/18,CANADA,Shopify,C3,Existing,387,74839.0
13/8/18,AFRICA,Shopify,C3,Existing,1450,303004.0
13/8/18,USA,Retail,F2,New,26285,1084536.0
13/8/18,AFRICA,Shopify,F2,Existing,2609,542074.0
13/8/18,USA,Retail,F3,New,26237,1075658.0
13/8/18,EUROPE,Retail,F2,Existing,13544,872918.0
13/8/18,ASIA,Shopify,C1,New,171,21276.0
13/8/18,SOUTH AMERICA,Retail,null,Guest,389187,15407675.0
13/8/18,ASIA,Shopify,F2,New,140,22980.0
13/8/18,OCEANIA,Shopify,F3,Existing,2162,464040.0
13/8/18,EUROPE,Shopify,F2,Existing,149,37809.0
13/8/18,USA,Shopify,F3,New,46,8658.0
13/8/18,USA,Retail,C3,Existing,78614,4609554.0
13/8/18,OCEANIA,Retail,C3,Existing,263705,13579378.0
13/8/18,AFRICA,Retail,C2,New,49085,1567898.0
13/8/18,SOUTH AMERICA,Shopify,F1,Existing,24,5986.0
13/8/18,CANADA,Shopify,F3,Existing,338,67419.0
13/8/18,USA,Shopify,C4,Existing,77,17567.0
13/8/18,USA,Retail,C2,New,22434,811901.0
13/8/18,AFRICA,Retail,null,New,58010,2419336.0
13/8/18,EUROPE,Retail,C1,New,4030,134902.0
13/8/18,ASIA,Shopify,C1,Existing,649,111583.0
13/8/18,CANADA,Shopify,F1,New,40,6800.0
13/8/18,ASIA,Retail,F1,Existing,80312,4008259.0
13/8/18,SOUTH AMERICA,Shopify,F2,New,8,1643.0
13/8/18,OCEANIA,Retail,F2,Existing,293001,16557524.0
13/8/18,EUROPE,Shopify,C2,Existing,103,31622.0
13/8/18,SOUTH AMERICA,Shopify,null,Guest,942,182418.0
13/8/18,OCEANIA,Shopify,C2,Existing,2609,515288.0
13/8/18,EUROPE,Shopify,F3,Existing,100,30704.0
13/8/18,SOUTH AMERICA,Shopify,C1,Existing,36,7746.0
13/8/18,CANADA,Shopify,F1,Existing,373,71514.0
13/8/18,EUROPE,Shopify,C1,New,14,2243.0
13/8/18,USA,Retail,C3,New,39957,1625776.0
13/8/18,EUROPE,Retail,C4,New,1288,51044.0
13/8/18,EUROPE,Retail,null,New,3380,154160.0
13/8/18,CANADA,Shopify,null,Guest,1107,196458.0
13/8/18,ASIA,Retail,C3,Existing,186466,8827883.0
13/8/18,USA,Shopify,C2,Existing,824,169780.0
13/8/18,OCEANIA,Shopify,C1,Existing,1572,281013.0
13/8/18,ASIA,Retail,F2,New,66129,2187745.0
13/8/18,EUROPE,Shopify,null,Guest,270,62717.0
13/8/18,AFRICA,Shopify,F3,Existing,1357,295258.0
13/8/18,AFRICA,Retail,null,Guest,1663295,47221794.0
13/8/18,CANADA,Retail,null,New,15226,629312.0
13/8/18,ASIA,Retail,null,Guest,1973568,48613061.0
13/8/18,EUROPE,Shopify,C1,Existing,66,13294.0
13/8/18,USA,Shopify,F3,Existing,654,146013.0
13/8/18,OCEANIA,Retail,C1,New,142917,3483201.0
13/8/18,EUROPE,Retail,F2,New,1721,77946.0
13/8/18,ASIA,Shopify,F2,Existing,1533,298373.0
13/8/18,CANADA,Retail,null,Existing,6360,317018.0
13/8/18,OCEANIA,Retail,null,New,80133,3030499.0
13/8/18,OCEANIA,Shopify,F1,Existing,2452,491184.0
13/8/18,SOUTH AMERICA,Retail,C4,New,171,5982.0
13/8/18,SOUTH AMERICA,Retail,F3,Existing,961,45199.0
13/8/18,CANADA,Shopify,C2,Existing,344,64237.0
13/8/18,OCEANIA,Retail,null,Guest,2496653,65300950.0
13/8/18,ASIA,Retail,F1,New,28855,957615.0
13/8/18,AFRICA,Shopify,F1,New,119,18414.0
13/8/18,ASIA,Retail,null,Existing,24459,1059556.0
13/8/18,ASIA,Shopify,F1,Existing,1114,200943.0
13/8/18,EUROPE,Shopify,C3,Existing,111,31419.0
13/8/18,ASIA,Shopify,C4,Existing,147,26084.0
13/8/18,EUROPE,Retail,F1,Existing,6527,411235.0
13/8/18,ASIA,Retail,C1,Existing,145225,5096232.0
13/8/18,CANADA,Shopify,C1,Existing,255,46148.0
13/8/18,SOUTH AMERICA,Retail,C1,Existing,2197,62935.0
13/8/18,SOUTH AMERICA,Shopify,C3,New,15,2503.0
13/8/18,OCEANIA,Shopify,C4,Existing,399,74974.0
13/8/18,EUROPE,Retail,null,Existing,2814,132442.0
13/8/18,USA,Shopify,F2,New,111,20547.0
13/8/18,ASIA,Shopify,C4,New,32,4777.0
13/8/18,SOUTH AMERICA,Shopify,C1,New,14,2020.0
13/8/18,SOUTH AMERICA,Shopify,null,New,51,9466.0
13/8/18,AFRICA,Shopify,C1,Existing,927,162170.0
13/8/18,AFRICA,Retail,F3,Existing,334823,20059991.0
13/8/18,CANADA,Retail,F2,Existing,52845,3055231.0
13/8/18,ASIA,Shopify,null,Guest,3148,537114.0
13/8/18,USA,Retail,C2,Existing,31972,1675237.0
13/8/18,AFRICA,Retail,C3,Existing,226476,12163194.0
13/8/18,AFRICA,Retail,F1,Existing,84643,4833243.0
13/8/18,AFRICA,Shopify,F1,Existing,1481,280353.0
13/8/18,OCEANIA,Shopify,C1,New,263,34747.0
13/8/18,EUROPE,Shopify,F2,New,6,932.0
13/8/18,SOUTH AMERICA,Retail,C1,New,1846,41059.0
13/8/18,AFRICA,Retail,C2,Existing,84915,3897948.0
13/8/18,EUROPE,Shopify,F1,New,6,1266.0
13/8/18,CANADA,Retail,F2,New,16435,615673.0
13/8/18,SOUTH AMERICA,Shopify,F2,Existing,25,5358.0
13/8/18,EUROPE,Retail,C3,New,3862,165764.0
13/8/18,OCEANIA,Shopify,C3,Existing,2443,492993.0
13/8/18,USA,Retail,F3,Existing,115662,7518082.0
13/8/18,AFRICA,Retail,C3,New,96190,3519281.0
13/8/18,USA,Shopify,F1,Existing,875,171275.0
13/8/18,OCEANIA,Shopify,null,Guest,7070,1325518.0
13/8/18,ASIA,Retail,C2,New,70860,1946180.0
13/8/18,CANADA,Shopify,C4,New,4,633.0
13/8/18,AFRICA,Shopify,C2,Existing,1332,269289.0
13/8/18,ASIA,Shopify,F3,Existing,988,198690.0
13/8/18,SOUTH AMERICA,Retail,null,Existing,362,14005.0
13/8/18,OCEANIA,Shopify,F1,New,227,33902.0
13/8/18,EUROPE,Shopify,F3,New,2,391.0
13/8/18,OCEANIA,Retail,C3,New,129668,4426880.0
13/8/18,EUROPE,Shopify,C3,New,4,656.0
13/8/18,ASIA,Retail,C2,Existing,93907,3753538.0
13/8/18,USA,Retail,null,Guest,579395,17733085.0
13/8/18,CANADA,Shopify,F2,Existing,660,128522.0
13/8/18,USA,Shopify,F2,Existing,1343,287206.0
13/8/18,SOUTH AMERICA,Retail,C4,Existing,209,10315.0
13/8/18,SOUTH AMERICA,Retail,C2,Existing,581,24292.0
13/8/18,USA,Shopify,C1,New,100,13663.0
13/8/18,CANADA,Shopify,C4,Existing,49,7970.0
13/8/18,AFRICA,Retail,F2,New,61069,2273669.0
13/8/18,EUROPE,Retail,F3,Existing,16639,1058751.0
13/8/18,SOUTH AMERICA,Retail,F2,New,367,14620.0
13/8/18,CANADA,Retail,C1,New,30129,797147.0
13/8/18,OCEANIA,Retail,F2,New,87740,3135670.0
13/8/18,OCEANIA,Retail,F3,Existing,453185,26289664.0
13/8/18,AFRICA,Shopify,F2,New,176,29222.0
13/8/18,EUROPE,Retail,C2,Existing,8401,422874.0
13/8/18,OCEANIA,Shopify,F2,Existing,3737,779075.0
13/8/18,OCEANIA,Retail,F1,Existing,123133,6553133.0
13/8/18,AFRICA,Retail,F2,Existing,238010,13987748.0
13/8/18,ASIA,Shopify,C3,Existing,1008,201396.0
13/8/18,ASIA,Retail,C1,New,112247,2549627.0
13/8/18,USA,Shopify,C4,New,12,1588.0
13/8/18,SOUTH AMERICA,Shopify,C4,New,1,143.0
13/8/18,AFRICA,Shopify,C4,New,31,4375.0
13/8/18,AFRICA,Shopify,C1,New,139,19112.0
13/8/18,EUROPE,Retail,F1,New,966,44352.0
13/8/18,SOUTH AMERICA,Shopify,C3,Existing,57,12538.0
13/8/18,CANADA,Shopify,C1,New,53,7153.0
13/8/18,ASIA,Shopify,F3,New,65,10269.0
13/8/18,SOUTH AMERICA,Retail,F1,New,209,7740.0
13/8/18,USA,Shopify,C1,Existing,513,97644.0
13/8/18,SOUTH AMERICA,Retail,F1,Existing,532,27474.0
13/8/18,CANADA,Shopify,F2,New,53,8785.0
13/8/18,CANADA,Retail,C3,New,25514,911125.0
13/8/18,EUROPE,Shopify,C4,Existing,10,2224.0
13/8/18,OCEANIA,Shopify,F2,New,315,55515.0
13/8/18,USA,Retail,F1,Existing,33500,2085604.0
13/8/18,OCEANIA,Shopify,C4,New,64,9673.0
13/8/18,CANADA,Retail,F1,Existing,22020,1229094.0
13/8/18,CANADA,Retail,C2,New,12728,419525.0
13/8/18,SOUTH AMERICA,Retail,C3,Existing,860,38246.0
13/8/18,AFRICA,Retail,F1,New,22473,845361.0
13/8/18,EUROPE,Shopify,null,Existing,27,6909.0
13/8/18,ASIA,Retail,F2,Existing,185648,9650790.0
13/8/18,CANADA,Shopify,null,New,54,8215.0
13/8/18,USA,Retail,C1,New,33041,948550.0
13/8/18,CANADA,Shopify,F3,New,17,2721.0
13/8/18,EUROPE,Shopify,C2,New,6,1313.0
13/8/18,USA,Shopify,C3,Existing,779,163494.0
13/8/18,SOUTH AMERICA,Shopify,C2,New,17,3784.0
13/8/18,EUROPE,Retail,null,Guest,123506,4128910.0
13/8/18,CANADA,Retail,C4,New,10963,373981.0
13/8/18,AFRICA,Shopify,null,Guest,3762,691204.0
13/8/18,USA,Shopify,null,New,84,15874.0
13/8/18,USA,Retail,C4,New,15636,575695.0
13/8/18,EUROPE,Retail,C1,Existing,13481,649472.0
13/8/18,CANADA,Retail,C1,Existing,50622,2210505.0
13/8/18,SOUTH AMERICA,Shopify,C4,Existing,5,938.0
6/8/18,EUROPE,Retail,F1,New,995,42236.0
6/8/18,SOUTH AMERICA,Shopify,C1,Existing,46,10550.0
6/8/18,OCEANIA,Retail,null,New,82474,3172033.0
6/8/18,EUROPE,Retail,null,Guest,125327,4268894.0
6/8/18,CANADA,Shopify,F3,New,21,3283.0
6/8/18,SOUTH AMERICA,Shopify,C2,New,29,5477.0
6/8/18,AFRICA,Shopify,C1,Existing,1032,181962.0
6/8/18,CANADA,Shopify,F3,Existing,393,79866.0
6/8/18,CANADA,Retail,C2,Existing,17352,795815.0
6/8/18,AFRICA,Retail,null,New,59540,2549722.0
6/8/18,CANADA,Retail,C3,New,24528,877003.0
6/8/18,SOUTH AMERICA,Shopify,C3,Existing,71,15884.0
6/8/18,OCEANIA,Shopify,null,Existing,442,90223.0
6/8/18,CANADA,Retail,C2,New,12527,397964.0
6/8/18,USA,Shopify,C2,Existing,937,205589.0
6/8/18,OCEANIA,Shopify,F3,New,149,25321.0
6/8/18,AFRICA,Retail,C1,New,84605,2260381.0
6/8/18,ASIA,Retail,C1,Existing,144770,5081040.0
6/8/18,AFRICA,Shopify,F1,New,114,17242.0
6/8/18,SOUTH AMERICA,Retail,F3,New,300,12288.0
6/8/18,USA,Shopify,C3,New,117,20846.0
6/8/18,OCEANIA,Retail,C2,New,88599,2552588.0
6/8/18,ASIA,Shopify,null,New,195,33444.0
6/8/18,AFRICA,Shopify,C4,Existing,241,45192.0
6/8/18,CANADA,Retail,C4,Existing,21219,1108729.0
6/8/18,USA,Retail,C1,New,33102,970599.0
6/8/18,SOUTH AMERICA,Retail,C1,New,1823,41704.0
6/8/18,USA,Shopify,C1,Existing,605,110246.0
6/8/18,EUROPE,Shopify,C4,Existing,12,2623.0
6/8/18,CANADA,Retail,null,New,15317,640044.0
6/8/18,ASIA,Shopify,C2,New,215,28859.0
6/8/18,SOUTH AMERICA,Shopify,null,Existing,25,6131.0
6/8/18,ASIA,Retail,C4,Existing,79367,3773307.0
6/8/18,SOUTH AMERICA,Retail,C2,New,571,19249.0
6/8/18,SOUTH AMERICA,Shopify,F3,Existing,14,3376.0
6/8/18,OCEANIA,Shopify,C4,Existing,455,84925.0
6/8/18,CANADA,Shopify,null,Existing,60,12629.0
6/8/18,SOUTH AMERICA,Retail,C4,Existing,184,10472.0
6/8/18,OCEANIA,Retail,C1,New,143174,3545240.0
6/8/18,USA,Retail,C4,Existing,29302,1686420.0
6/8/18,ASIA,Retail,null,New,63117,2310417.0
6/8/18,USA,Shopify,null,Existing,111,21746.0
6/8/18,CANADA,Shopify,F1,New,44,7898.0
6/8/18,OCEANIA,Retail,F3,New,102957,3685546.0
6/8/18,CANADA,Shopify,C2,Existing,357,68494.0
6/8/18,EUROPE,Shopify,F3,New,2,483.0
6/8/18,ASIA,Retail,C1,New,112171,2555774.0
6/8/18,AFRICA,Retail,C4,Existing,90972,4958034.0
6/8/18,ASIA,Shopify,C3,New,182,27925.0
6/8/18,ASIA,Retail,F1,New,29068,974281.0
6/8/18,SOUTH AMERICA,Shopify,null,Guest,1012,203662.0
6/8/18,EUROPE,Retail,F3,Existing,17140,1116093.0
6/8/18,SOUTH AMERICA,Shopify,C2,Existing,103,21319.0
6/8/18,AFRICA,Shopify,C2,New,179,30519.0
6/8/18,AFRICA,Retail,F2,Existing,237228,14194698.0
6/8/18,AFRICA,Shopify,null,Existing,212,40990.0
6/8/18,OCEANIA,Shopify,C2,New,491,78254.0
6/8/18,USA,Shopify,F1,New,96,15728.0
6/8/18,AFRICA,Shopify,C1,New,167,23618.0
6/8/18,ASIA,Shopify,null,Existing,156,28955.0
6/8/18,EUROPE,Retail,F2,New,1802,81853.0
6/8/18,EUROPE,Shopify,null,Existing,17,5722.0
6/8/18,OCEANIA,Shopify,null,New,339,61433.0
6/8/18,EUROPE,Shopify,C1,New,12,1609.0
6/8/18,USA,Retail,C2,Existing,31995,1697600.0
6/8/18,EUROPE,Shopify,C1,Existing,77,14056.0
6/8/18,SOUTH AMERICA,Shopify,F2,Existing,28,6123.0
6/8/18,AFRICA,Retail,F3,New,63106,2426814.0
6/8/18,OCEANIA,Retail,C1,Existing,204416,8033790.0
6/8/18,SOUTH AMERICA,Shopify,C3,New,14,2648.0
6/8/18,ASIA,Shopify,F3,New,83,12963.0
6/8/18,ASIA,Retail,C2,New,70650,1968508.0
6/8/18,SOUTH AMERICA,Retail,null,Existing,380,15984.0
6/8/18,USA,Retail,F3,New,26053,1065521.0
6/8/18,EUROPE,Retail,F2,Existing,13485,915313.0
6/8/18,CANADA,Shopify,F2,New,46,7488.0
6/8/18,USA,Retail,C1,Existing,46731,2173355.0
6/8/18,SOUTH AMERICA,Retail,C3,Existing,868,41374.0
6/8/18,USA,Retail,null,Guest,577419,17912983.0
6/8/18,SOUTH AMERICA,Retail,null,Guest,391537,16002383.0
6/8/18,ASIA,Shopify,F2,New,141,23090.0
6/8/18,CANADA,Retail,F2,New,16268,613781.0
6/8/18,OCEANIA,Shopify,F2,Existing,4204,884351.0
6/8/18,AFRICA,Retail,C1,Existing,150306,6117260.0
6/8/18,CANADA,Retail,C1,Existing,50690,2217272.0
6/8/18,SOUTH AMERICA,Shopify,F2,New,10,1646.0
6/8/18,OCEANIA,Shopify,F1,New,246,39525.0
6/8/18,ASIA,Shopify,F3,Existing,1082,223411.0
6/8/18,AFRICA,Retail,C3,Existing,225509,12235921.0
6/8/18,USA,Shopify,C1,New,128,17856.0
6/8/18,SOUTH AMERICA,Retail,F2,Existing,888,44040.0
6/8/18,ASIA,Retail,null,Guest,1982271,48755777.0
6/8/18,CANADA,Shopify,C4,New,4,573.0
6/8/18,SOUTH AMERICA,Retail,null,New,1890,64954.0
6/8/18,OCEANIA,Retail,F2,Existing,295076,16864714.0
6/8/18,OCEANIA,Shopify,C1,Existing,1803,322399.0
6/8/18,OCEANIA,Shopify,C4,New,62,9302.0
6/8/18,USA,Retail,C3,New,39323,1620568.0
6/8/18,USA,Shopify,C2,New,145,25028.0
6/8/18,USA,Retail,null,Existing,9765,527194.0
6/8/18,CANADA,Retail,F3,New,17750,675973.0
6/8/18,USA,Shopify,F3,Existing,738,170502.0
6/8/18,CANADA,Shopify,null,New,57,9533.0
6/8/18,CANADA,Shopify,null,Guest,685,120210.0
6/8/18,AFRICA,Shopify,C3,Existing,1655,346013.0
6/8/18,ASIA,Shopify,F1,Existing,1217,224571.0
6/8/18,ASIA,Retail,C3,New,104133,3300736.0
6/8/18,EUROPE,Retail,null,Existing,2781,137411.0
6/8/18,USA,Shopify,null,New,106,18431.0
6/8/18,SOUTH AMERICA,Retail,C4,New,188,8056.0
6/8/18,ASIA,Shopify,C2,Existing,1244,231663.0
6/8/18,AFRICA,Shopify,null,Guest,2611,479230.0
6/8/18,SOUTH AMERICA,Retail,F1,Existing,558,26383.0
6/8/18,OCEANIA,Shopify,C3,Existing,2759,559674.0
6/8/18,EUROPE,Shopify,null,New,11,2597.0
6/8/18,SOUTH AMERICA,Retail,C3,New,771,28491.0
6/8/18,EUROPE,Retail,C4,New,1495,61475.0
6/8/18,USA,Retail,C4,New,15292,578672.0
6/8/18,ASIA,Retail,F1,Existing,80069,3990682.0
6/8/18,CANADA,Retail,F2,Existing,52611,3104723.0
6/8/18,OCEANIA,Shopify,F3,Existing,2499,545620.0
6/8/18,EUROPE,Shopify,null,Guest,182,43677.0
6/8/18,AFRICA,Shopify,F2,Existing,2876,595719.0
6/8/18,ASIA,Shopify,C1,New,153,20842.0
6/8/18,AFRICA,Shopify,F3,Existing,1532,328828.0
6/8/18,SOUTH AMERICA,Shopify,F1,Existing,36,8154.0
6/8/18,AFRICA,Retail,C2,New,48546,1587621.0
6/8/18,AFRICA,Retail,F1,New,22348,870832.0
6/8/18,EUROPE,Retail,C3,Existing,13966,791192.0
6/8/18,SOUTH AMERICA,Shopify,null,New,59,11531.0
6/8/18,OCEANIA,Retail,C4,Existing,115202,6050859.0
6/8/18,USA,Shopify,C3,Existing,1002,214698.0
6/8/18,CANADA,Retail,C4,New,10584,358764.0
6/8/18,SOUTH AMERICA,Shopify,C4,Existing,7,1255.0
6/8/18,CANADA,Retail,F1,Existing,21851,1230524.0
6/8/18,AFRICA,Shopify,C2,Existing,1371,279484.0
6/8/18,AFRICA,Retail,F2,New,61106,2327247.0
6/8/18,OCEANIA,Shopify,null,Guest,5557,1015664.0
6/8/18,OCEANIA,Retail,C3,Existing,264593,13752183.0
6/8/18,EUROPE,Shopify,C3,Existing,115,30891.0
6/8/18,AFRICA,Shopify,C3,New,167,26147.0
6/8/18,USA,Shopify,null,Guest,1430,282584.0
6/8/18,AFRICA,Shopify,C4,New,34,6192.0
6/8/18,EUROPE,Shopify,F1,New,8,1521.0
6/8/18,EUROPE,Retail,C1,Existing,14012,679167.0
6/8/18,OCEANIA,Retail,null,Existing,37578,1697978.0
6/8/18,OCEANIA,Shopify,F1,Existing,2664,543196.0
6/8/18,EUROPE,Retail,C4,Existing,4245,244715.0
6/8/18,OCEANIA,Shopify,C1,New,307,42786.0
6/8/18,ASIA,Retail,F3,Existing,325696,17236823.0
6/8/18,OCEANIA,Retail,F1,New,38945,1373176.0
6/8/18,CANADA,Shopify,C3,Existing,403,78572.0
6/8/18,CANADA,Shopify,C1,Existing,292,53450.0
6/8/18,AFRICA,Shopify,F1,Existing,1550,294630.0
6/8/18,EUROPE,Retail,F3,New,1721,77591.0
6/8/18,USA,Retail,F3,Existing,116781,7738466.0
6/8/18,USA,Retail,null,New,21225,974364.0
6/8/18,USA,Retail,F1,New,10881,450164.0
6/8/18,EUROPE,Shopify,C2,New,7,1768.0
6/8/18,OCEANIA,Retail,null,Guest,2499776,65413714.0
6/8/18,ASIA,Shopify,F1,New,136,21242.0
6/8/18,USA,Retail,C2,New,21932,792926.0
6/8/18,ASIA,Shopify,C3,Existing,1118,212418.0
6/8/18,EUROPE,Shopify,F3,Existing,105,39084.0
6/8/18,SOUTH AMERICA,Retail,C1,Existing,2028,59364.0
6/8/18,AFRICA,Shopify,F3,New,77,13760.0
6/8/18,SOUTH AMERICA,Retail,F1,New,207,8360.0
6/8/18,OCEANIA,Shopify,F2,New,353,63079.0
6/8/18,CANADA,Retail,C1,New,29875,806880.0
6/8/18,SOUTH AMERICA,Shopify,C4,New,2,384.0
6/8/18,ASIA,Shopify,null,Guest,2453,411387.0
6/8/18,EUROPE,Shopify,C3,New,11,2131.0
6/8/18,ASIA,Retail,C2,Existing,94439,3781519.0
6/8/18,ASIA,Retail,F3,New,82355,2715211.0
6/8/18,AFRICA,Shopify,F2,New,205,33165.0
6/8/18,ASIA,Retail,C4,New,43108,1298993.0
6/8/18,OCEANIA,Shopify,C2,Existing,2923,588570.0
6/8/18,USA,Shopify,F1,Existing,986,197785.0
6/8/18,CANADA,Retail,F1,New,7014,266983.0
6/8/18,CANADA,Shopify,C1,New,39,4960.0
6/8/18,ASIA,Shopify,F2,Existing,1612,316250.0
6/8/18,EUROPE,Retail,C1,New,4163,132316.0
6/8/18,SOUTH AMERICA,Shopify,F1,New,2,668.0
6/8/18,USA,Retail,C3,Existing,78699,4700717.0
6/8/18,AFRICA,Retail,F1,Existing,84280,4892134.0
6/8/18,CANADA,Shopify,C3,New,61,10397.0
6/8/18,OCEANIA,Retail,C4,New,54336,1780383.0
6/8/18,SOUTH AMERICA,Retail,F3,Existing,928,47050.0
6/8/18,AFRICA,Retail,C3,New,95697,3565134.0
6/8/18,ASIA,Retail,null,Existing,24442,1053384.0
6/8/18,USA,Retail,F2,Existing,82910,5352200.0
6/8/18,USA,Shopify,C4,New,15,2861.0
6/8/18,SOUTH AMERICA,Retail,F2,New,392,14851.0
6/8/18,CANADA,Shopify,F2,Existing,751,147800.0
6/8/18,CANADA,Shopify,C4,Existing,53,8734.0
6/8/18,EUROPE,Shopify,F2,Existing,180,45929.0
6/8/18,USA,Shopify,F3,New,62,11184.0
6/8/18,SOUTH AMERICA,Shopify,F3,New,2,243.0
6/8/18,CANADA,Retail,C3,Existing,47259,2527550.0
6/8/18,AFRICA,Retail,C4,New,40871,1442283.0
6/8/18,AFRICA,Retail,null,Guest,1657407,47860138.0
6/8/18,EUROPE,Retail,null,New,3520,159992.0
6/8/18,AFRICA,Retail,null,Existing,27844,1357902.0
6/8/18,OCEANIA,Shopify,C3,New,350,61698.0
6/8/18,CANADA,Retail,null,Existing,6401,324964.0
6/8/18,EUROPE,Retail,C2,Existing,8289,426786.0
6/8/18,EUROPE,Retail,C2,New,2681,100611.0
6/8/18,OCEANIA,Retail,F1,Existing,123249,6592410.0
6/8/18,EUROPE,Shopify,F1,Existing,112,25062.0
6/8/18,ASIA,Retail,C3,Existing,186575,8809733.0
6/8/18,SOUTH AMERICA,Retail,C2,Existing,575,22212.0
6/8/18,CANADA,Shopify,C2,New,57,7907.0
6/8/18,USA,Shopify,F2,New,125,21297.0
6/8/18,CANADA,Retail,null,Guest,452356,12068313.0
6/8/18,USA,Shopify,C4,Existing,109,24092.0
6/8/18,USA,Shopify,F2,Existing,1557,341910.0
6/8/18,EUROPE,Retail,C3,New,3989,179374.0
6/8/18,CANADA,Shopify,F1,Existing,446,83584.0
6/8/18,OCEANIA,Retail,F2,New,87850,3198177.0
6/8/18,ASIA,Shopify,C4,Existing,190,33919.0
6/8/18,EUROPE,Shopify,F2,New,12,1881.0
6/8/18,SOUTH AMERICA,Shopify,C1,New,19,2574.0
6/8/18,AFRICA,Retail,C2,Existing,85212,3963261.0
6/8/18,OCEANIA,Retail,C3,New,129218,4414999.0
6/8/18,USA,Retail,F2,New,26307,1093211.0
6/8/18,OCEANIA,Retail,C2,Existing,122178,5177989.0
6/8/18,USA,Retail,F1,Existing,33680,2145919.0
6/8/18,EUROPE,Shopify,C2,Existing,111,28824.0
6/8/18,ASIA,Shopify,C4,New,34,5085.0
6/8/18,AFRICA,Retail,F3,Existing,332562,20248040.0
6/8/18,CANADA,Retail,F3,Existing,76632,4609438.0
6/8/18,OCEANIA,Retail,F3,Existing,455499,26815483.0
6/8/18,ASIA,Retail,F2,Existing,186340,9690160.0
6/8/18,AFRICA,Shopify,null,New,192,35216.0
6/8/18,ASIA,Shopify,C1,Existing,732,127173.0
6/8/18,EUROPE,Retail,F1,Existing,6601,424579.0
6/8/18,ASIA,Retail,F2,New,66237,2214727.0
30/7/18,AFRICA,Retail,F2,Existing,235605,13903591.0
30/7/18,AFRICA,Shopify,C4,Existing,240,45571.0
30/7/18,CANADA,Shopify,null,Guest,698,122229.0
30/7/18,USA,Shopify,F3,Existing,739,170688.0
30/7/18,OCEANIA,Retail,null,New,79303,3018932.0
30/7/18,ASIA,Shopify,F3,Existing,1004,202146.0
30/7/18,OCEANIA,Shopify,F1,New,241,40017.0
30/7/18,EUROPE,Shopify,C2,New,14,4371.0
30/7/18,SOUTH AMERICA,Retail,F1,New,235,9464.0
30/7/18,CANADA,Shopify,F1,Existing,420,80104.0
30/7/18,CANADA,Retail,null,Existing,6023,298080.0
30/7/18,CANADA,Shopify,F2,New,58,9742.0
30/7/18,EUROPE,Retail,F2,Existing,13374,869657.0
30/7/18,OCEANIA,Retail,C3,New,127919,4361666.0
30/7/18,AFRICA,Shopify,F3,New,85,15159.0
30/7/18,USA,Shopify,C3,Existing,937,198024.0
30/7/18,OCEANIA,Retail,C4,Existing,113013,5886451.0
30/7/18,CANADA,Retail,C3,New,24631,873724.0
30/7/18,EUROPE,Shopify,C4,Existing,7,1622.0
30/7/18,CANADA,Retail,C3,Existing,46671,2436346.0
30/7/18,SOUTH AMERICA,Retail,F3,New,312,11785.0
30/7/18,EUROPE,Retail,C4,New,1481,62623.0
30/7/18,ASIA,Retail,F2,Existing,187432,9624597.0
30/7/18,AFRICA,Shopify,null,New,201,35256.0
30/7/18,ASIA,Shopify,null,Guest,2437,406287.0
30/7/18,OCEANIA,Shopify,null,Guest,5300,971309.0
30/7/18,AFRICA,Retail,C4,New,40879,1428770.0
30/7/18,AFRICA,Shopify,F1,New,119,18567.0
30/7/18,SOUTH AMERICA,Shopify,null,Guest,962,191645.0
30/7/18,OCEANIA,Retail,C1,Existing,201404,7862937.0
30/7/18,EUROPE,Shopify,C1,Existing,82,19354.0
30/7/18,USA,Shopify,F3,New,47,7243.0
30/7/18,ASIA,Retail,C2,New,71039,1959939.0
30/7/18,USA,Shopify,C2,Existing,893,186727.0
30/7/18,EUROPE,Retail,null,New,3363,154859.0
30/7/18,EUROPE,Shopify,F1,New,2,386.0
30/7/18,AFRICA,Shopify,C1,Existing,977,171081.0
30/7/18,AFRICA,Shopify,C2,New,184,29449.0
30/7/18,ASIA,Retail,C4,Existing,79580,3691651.0
30/7/18,USA,Retail,F3,Existing,116231,7532486.0
30/7/18,ASIA,Shopify,C2,Existing,1150,215192.0
30/7/18,OCEANIA,Retail,F2,Existing,291509,16587776.0
30/7/18,CANADA,Retail,C1,Existing,50024,2168669.0
30/7/18,USA,Retail,C1,Existing,46676,2137159.0
30/7/18,EUROPE,Shopify,null,Existing,13,3034.0
30/7/18,CANADA,Retail,F1,Existing,21810,1215911.0
30/7/18,SOUTH AMERICA,Retail,C3,Existing,866,40953.0
30/7/18,OCEANIA,Shopify,F2,New,350,62489.0
30/7/18,USA,Shopify,F1,New,98,16696.0
30/7/18,OCEANIA,Retail,C1,New,141610,3490872.0
30/7/18,EUROPE,Shopify,C1,New,13,1961.0
30/7/18,OCEANIA,Shopify,C3,Existing,2558,527355.0
30/7/18,SOUTH AMERICA,Retail,F2,New,358,12386.0
30/7/18,SOUTH AMERICA,Shopify,C3,New,17,2628.0
30/7/18,CANADA,Shopify,F1,New,46,6960.0
30/7/18,ASIA,Shopify,F3,New,83,12357.0
30/7/18,OCEANIA,Retail,F3,New,100131,3552744.0
30/7/18,EUROPE,Shopify,F3,New,5,1535.0
30/7/18,ASIA,Retail,null,Guest,1963642,48335465.0
30/7/18,CANADA,Retail,C2,Existing,16991,763380.0
30/7/18,USA,Retail,C4,Existing,29599,1681060.0
30/7/18,CANADA,Retail,C2,New,12534,395467.0
30/7/18,SOUTH AMERICA,Shopify,C2,Existing,108,22089.0
30/7/18,AFRICA,Shopify,C3,New,160,26445.0
30/7/18,CANADA,Shopify,C1,New,53,7244.0
30/7/18,AFRICA,Shopify,C3,Existing,1494,301487.0
30/7/18,CANADA,Shopify,C4,New,9,1404.0
30/7/18,USA,Retail,C2,Existing,31864,1656889.0
30/7/18,AFRICA,Retail,null,Existing,26128,1241463.0
30/7/18,ASIA,Retail,C1,New,114010,2606757.0
30/7/18,CANADA,Retail,C1,New,30349,813719.0
30/7/18,SOUTH AMERICA,Shopify,C1,Existing,46,8813.0
30/7/18,OCEANIA,Retail,C3,Existing,261061,13420550.0
30/7/18,EUROPE,Shopify,C3,Existing,117,36612.0
30/7/18,USA,Retail,F3,New,26305,1074878.0
30/7/18,ASIA,Retail,C3,New,104918,3309466.0
30/7/18,CANADA,Shopify,F3,Existing,376,75440.0
30/7/18,USA,Shopify,null,Existing,111,26234.0
30/7/18,OCEANIA,Shopify,null,Existing,416,83070.0
30/7/18,ASIA,Shopify,C3,New,163,25125.0
30/7/18,EUROPE,Retail,C3,New,4079,182993.0
30/7/18,AFRICA,Retail,C4,Existing,90652,4874840.0
30/7/18,CANADA,Retail,F2,New,16254,599762.0
30/7/18,SOUTH AMERICA,Shopify,F2,Existing,30,5233.0
30/7/18,OCEANIA,Retail,C2,Existing,119778,5039522.0
30/7/18,USA,Retail,F1,Existing,33885,2097411.0
30/7/18,SOUTH AMERICA,Shopify,C4,Existing,8,2086.0
30/7/18,OCEANIA,Retail,F3,Existing,447556,25994424.0
30/7/18,ASIA,Retail,null,Existing,22649,962977.0
30/7/18,ASIA,Shopify,F1,Existing,1150,211053.0
30/7/18,AFRICA,Shopify,F2,New,198,35459.0
30/7/18,ASIA,Retail,F1,Existing,79965,3983227.0
30/7/18,CANADA,Retail,F1,New,7040,260247.0
30/7/18,SOUTH AMERICA,Shopify,F1,Existing,29,7244.0
30/7/18,SOUTH AMERICA,Retail,null,Existing,375,14450.0
30/7/18,OCEANIA,Shopify,F3,Existing,2278,488992.0
30/7/18,ASIA,Shopify,null,Existing,148,28869.0
30/7/18,AFRICA,Retail,C2,Existing,84464,3883263.0
30/7/18,USA,Retail,F2,New,26663,1110132.0
30/7/18,AFRICA,Retail,C3,Existing,225688,12093416.0
30/7/18,CANADA,Retail,C4,New,10371,347389.0
30/7/18,AFRICA,Shopify,null,Guest,2656,475371.0
30/7/18,AFRICA,Retail,C1,Existing,149317,5977222.0
30/7/18,CANADA,Shopify,C3,Existing,394,75507.0
30/7/18,OCEANIA,Shopify,C4,New,69,9616.0
30/7/18,USA,Retail,C4,New,15511,585689.0
30/7/18,USA,Retail,F1,New,11048,462919.0
30/7/18,OCEANIA,Retail,C2,New,87713,2526244.0
30/7/18,AFRICA,Shopify,F3,Existing,1473,323308.0
30/7/18,EUROPE,Retail,C2,New,2692,100346.0
30/7/18,AFRICA,Retail,C1,New,85955,2266556.0
30/7/18,USA,Shopify,C3,New,118,21380.0
30/7/18,OCEANIA,Shopify,F3,New,134,22741.0
30/7/18,CANADA,Shopify,null,New,59,9491.0
30/7/18,OCEANIA,Retail,F2,New,86953,3151796.0
30/7/18,SOUTH AMERICA,Shopify,C2,New,33,6194.0
30/7/18,EUROPE,Retail,null,Existing,2580,127773.0
30/7/18,ASIA,Retail,null,New,61242,2197453.0
30/7/18,EUROPE,Retail,F1,Existing,6589,411858.0
30/7/18,ASIA,Retail,F3,New,82641,2703836.0
30/7/18,CANADA,Retail,null,Guest,450069,11835579.0
30/7/18,ASIA,Retail,F2,New,67103,2199774.0
30/7/18,USA,Shopify,null,Guest,1406,272002.0
30/7/18,SOUTH AMERICA,Shopify,C3,Existing,59,13373.0
30/7/18,OCEANIA,Shopify,F2,Existing,3974,826987.0
30/7/18,EUROPE,Retail,F1,New,1055,50471.0
30/7/18,SOUTH AMERICA,Shopify,F1,New,7,1557.0
30/7/18,CANADA,Shopify,C2,Existing,361,66221.0
30/7/18,AFRICA,Shopify,F2,Existing,2883,599363.0
30/7/18,SOUTH AMERICA,Retail,null,Guest,388425,15500205.0
30/7/18,ASIA,Shopify,F2,New,180,27673.0
30/7/18,USA,Retail,C2,New,22458,807710.0
30/7/18,AFRICA,Retail,null,New,58266,2449302.0
30/7/18,ASIA,Retail,C1,Existing,144641,5027111.0
30/7/18,USA,Retail,null,New,20692,949179.0
30/7/18,USA,Retail,null,Existing,9093,482315.0
30/7/18,ASIA,Shopify,C4,Existing,165,29665.0
30/7/18,EUROPE,Shopify,F3,Existing,95,29158.0
30/7/18,EUROPE,Retail,C3,Existing,13992,782959.0
30/7/18,EUROPE,Retail,F2,New,1802,82508.0
30/7/18,OCEANIA,Retail,null,Existing,34961,1573145.0
30/7/18,AFRICA,Retail,F2,New,61790,2330423.0
30/7/18,EUROPE,Retail,F3,New,1720,73799.0
30/7/18,ASIA,Shopify,C3,Existing,1059,205094.0
30/7/18,AFRICA,Retail,F1,New,22722,872334.0
30/7/18,CANADA,Retail,F3,Existing,76189,4481099.0
30/7/18,EUROPE,Retail,C1,Existing,13970,666846.0
30/7/18,AFRICA,Shopify,null,Existing,197,40901.0
30/7/18,USA,Shopify,C4,Existing,88,17591.0
30/7/18,OCEANIA,Shopify,null,New,333,56194.0
30/7/18,ASIA,Retail,F1,New,30163,1003988.0
30/7/18,CANADA,Shopify,F2,Existing,713,144319.0
30/7/18,ASIA,Shopify,F1,New,134,20484.0
30/7/18,ASIA,Shopify,C2,New,244,36080.0
30/7/18,AFRICA,Retail,F3,New,62508,2365683.0
30/7/18,USA,Retail,C3,Existing,78845,4621256.0
30/7/18,EUROPE,Retail,C4,Existing,4461,246303.0
30/7/18,ASIA,Retail,F3,Existing,325442,16998088.0
30/7/18,OCEANIA,Retail,F1,New,38325,1341966.0
30/7/18,SOUTH AMERICA,Retail,null,New,1833,62641.0
30/7/18,USA,Retail,C3,New,39879,1619985.0
30/7/18,USA,Shopify,F1,Existing,962,188501.0
30/7/18,OCEANIA,Shopify,C2,Existing,2797,551972.0
30/7/18,ASIA,Retail,C2,Existing,93326,3692547.0
30/7/18,ASIA,Shopify,C4,New,26,3839.0
30/7/18,EUROPE,Shopify,F2,New,7,1708.0
30/7/18,SOUTH AMERICA,Retail,F3,Existing,927,46758.0
30/7/18,EUROPE,Retail,null,Guest,124965,4204604.0
30/7/18,CANADA,Shopify,F3,New,28,4735.0
30/7/18,USA,Shopify,F2,New,127,23424.0
30/7/18,ASIA,Shopify,null,New,175,28633.0
30/7/18,EUROPE,Shopify,F1,Existing,119,26933.0
30/7/18,OCEANIA,Retail,null,Guest,2441288,63956694.0
30/7/18,EUROPE,Shopify,null,Guest,177,40752.0
30/7/18,AFRICA,Shopify,C4,New,31,7814.0
30/7/18,AFRICA,Shopify,F1,Existing,1499,289459.0
30/7/18,AFRICA,Retail,F3,Existing,331922,19842905.0
30/7/18,CANADA,Retail,F2,Existing,52779,3050995.0
30/7/18,USA,Retail,F2,Existing,83245,5243165.0
30/7/18,SOUTH AMERICA,Retail,F2,Existing,977,45490.0
30/7/18,USA,Retail,null,Guest,576662,17840401.0
30/7/18,OCEANIA,Shopify,C1,Existing,1649,296822.0
30/7/18,EUROPE,Shopify,F2,Existing,150,38354.0
30/7/18,EUROPE,Retail,F3,Existing,16881,1050113.0
30/7/18,USA,Shopify,C1,New,110,16884.0
30/7/18,SOUTH AMERICA,Shopify,C1,New,12,1801.0
30/7/18,AFRICA,Retail,C3,New,96113,3560984.0
30/7/18,USA,Shopify,C4,New,23,3946.0
30/7/18,SOUTH AMERICA,Shopify,F2,New,9,1957.0
30/7/18,SOUTH AMERICA,Retail,C2,Existing,571,23999.0
30/7/18,SOUTH AMERICA,Shopify,C4,New,2,313.0
30/7/18,OCEANIA,Shopify,C3,New,333,59079.0
30/7/18,ASIA,Shopify,C1,Existing,711,125012.0
30/7/18,EUROPE,Shopify,C3,New,6,1220.0
30/7/18,ASIA,Retail,C4,New,43228,1297781.0
30/7/18,SOUTH AMERICA,Retail,C1,New,1818,40767.0
30/7/18,EUROPE,Shopify,C2,Existing,100,28570.0
30/7/18,SOUTH AMERICA,Retail,F1,Existing,546,27576.0
30/7/18,OCEANIA,Retail,F1,Existing,121868,6502022.0
30/7/18,USA,Shopify,C1,Existing,578,109708.0
30/7/18,ASIA,Shopify,F2,Existing,1636,325311.0
30/7/18,EUROPE,Shopify,null,New,18,4371.0
30/7/18,SOUTH AMERICA,Retail,C1,Existing,2127,60050.0
30/7/18,SOUTH AMERICA,Retail,C4,Existing,175,10502.0
30/7/18,SOUTH AMERICA,Retail,C3,New,762,27669.0
30/7/18,OCEANIA,Shopify,C1,New,294,38833.0
30/7/18,CANADA,Retail,null,New,15175,621487.0
30/7/18,SOUTH AMERICA,Shopify,null,Existing,21,4441.0
30/7/18,CANADA,Shopify,null,Existing,54,10386.0
30/7/18,AFRICA,Retail,null,Guest,1640731,46966890.0
30/7/18,USA,Shopify,F2,Existing,1536,329559.0
30/7/18,CANADA,Shopify,C4,Existing,48,8782.0
30/7/18,ASIA,Shopify,C1,New,171,21366.0
30/7/18,CANADA,Retail,C4,Existing,20757,1081851.0
30/7/18,USA,Shopify,C2,New,157,26861.0
30/7/18,AFRICA,Retail,C2,New,48728,1569818.0
30/7/18,AFRICA,Shopify,C2,Existing,1375,271851.0
30/7/18,OCEANIA,Shopify,F1,Existing,2654,518103.0
30/7/18,SOUTH AMERICA,Shopify,F3,New,3,412.0
30/7/18,EUROPE,Retail,C2,Existing,8337,406209.0
30/7/18,EUROPE,Shopify,C4,New,2,305.0
30/7/18,OCEANIA,Shopify,C4,Existing,415,79510.0
30/7/18,CANADA,Shopify,C3,New,59,11066.0
30/7/18,USA,Shopify,null,New,85,14799.0
30/7/18,CANADA,Shopify,C2,New,63,9572.0
30/7/18,SOUTH AMERICA,Retail,C4,New,155,5359.0
30/7/18,SOUTH AMERICA,Shopify,null,New,48,8896.0
30/7/18,AFRICA,Retail,F1,Existing,84069,4806068.0
30/7/18,OCEANIA,Retail,C4,New,53476,1744539.0
30/7/18,ASIA,Retail,C3,Existing,185737,8731771.0
30/7/18,EUROPE,Retail,C1,New,4395,140765.0
30/7/18,USA,Retail,C1,New,33587,984811.0
30/7/18,CANADA,Shopify,C1,Existing,297,51134.0
30/7/18,CANADA,Retail,F3,New,17639,653427.0
30/7/18,SOUTH AMERICA,Shopify,F3,Existing,16,3149.0
30/7/18,SOUTH AMERICA,Retail,C2,New,577,17978.0
30/7/18,OCEANIA,Shopify,C2,New,465,78645.0
30/7/18,AFRICA,Shopify,C1,New,168,22862.0
23/7/18,OCEANIA,Shopify,C1,Existing,1687,312484.0
23/7/18,SOUTH AMERICA,Retail,C1,Existing,2214,65501.0
23/7/18,CANADA,Shopify,C2,Existing,376,71195.0
23/7/18,OCEANIA,Retail,F2,Existing,295278,16868118.0
23/7/18,USA,Shopify,F3,New,59,13093.0
23/7/18,EUROPE,Shopify,F2,Existing,136,38591.0
23/7/18,SOUTH AMERICA,Shopify,F1,New,2,464.0
23/7/18,SOUTH AMERICA,Retail,C4,Existing,197,11468.0
23/7/18,SOUTH AMERICA,Shopify,null,Guest,959,191928.0
23/7/18,CANADA,Retail,C1,Existing,51055,2228863.0
23/7/18,CANADA,Shopify,F1,Existing,413,78321.0
23/7/18,ASIA,Shopify,F3,New,74,11667.0
23/7/18,CANADA,Retail,null,New,15065,626973.0
23/7/18,CANADA,Shopify,F1,New,60,9657.0
23/7/18,USA,Shopify,null,Existing,111,21711.0
23/7/18,SOUTH AMERICA,Shopify,null,Existing,20,4587.0
23/7/18,USA,Retail,C3,New,40409,1667594.0
23/7/18,ASIA,Retail,C1,New,115848,2734337.0
23/7/18,AFRICA,Shopify,C1,Existing,1018,177854.0
23/7/18,SOUTH AMERICA,Shopify,F2,New,9,1663.0
23/7/18,OCEANIA,Retail,C1,New,142254,3627045.0
23/7/18,EUROPE,Retail,C3,Existing,14384,835833.0
23/7/18,EUROPE,Retail,F2,New,1857,86769.0
23/7/18,AFRICA,Retail,F2,Existing,240063,14139598.0
23/7/18,AFRICA,Retail,F3,New,64385,2445920.0
23/7/18,AFRICA,Shopify,C2,New,183,28448.0
23/7/18,ASIA,Retail,C3,New,108056,3438055.0
23/7/18,CANADA,Shopify,null,Guest,721,121811.0
23/7/18,AFRICA,Retail,C1,New,88289,2329387.0
23/7/18,USA,Shopify,null,Guest,1416,274778.0
23/7/18,ASIA,Shopify,C1,New,174,22459.0
23/7/18,EUROPE,Shopify,C1,Existing,57,10339.0
23/7/18,ASIA,Shopify,F3,Existing,1040,211584.0
23/7/18,OCEANIA,Shopify,F1,New,270,44505.0
23/7/18,SOUTH AMERICA,Retail,F1,New,257,10142.0
23/7/18,EUROPE,Shopify,C2,New,11,2874.0
23/7/18,ASIA,Shopify,C3,New,203,31054.0
23/7/18,CANADA,Shopify,C3,Existing,409,77825.0
23/7/18,ASIA,Retail,C2,New,72660,2076487.0
23/7/18,SOUTH AMERICA,Retail,null,Existing,350,14830.0
23/7/18,USA,Shopify,C3,Existing,958,207573.0
23/7/18,CANADA,Retail,null,Existing,5840,291667.0
23/7/18,OCEANIA,Shopify,C3,New,344,57045.0
23/7/18,OCEANIA,Shopify,null,Existing,380,77712.0
23/7/18,OCEANIA,Retail,C4,Existing,115269,5989476.0
23/7/18,EUROPE,Shopify,C4,Existing,6,1263.0
23/7/18,SOUTH AMERICA,Shopify,F3,New,4,675.0
23/7/18,SOUTH AMERICA,Retail,C2,New,544,19289.0
23/7/18,OCEANIA,Retail,null,New,77305,3029532.0
23/7/18,EUROPE,Shopify,null,New,15,3514.0
23/7/18,SOUTH AMERICA,Retail,C3,New,730,28174.0
23/7/18,EUROPE,Retail,C4,New,1593,69757.0
23/7/18,ASIA,Shopify,C4,Existing,176,31154.0
23/7/18,OCEANIA,Shopify,C2,New,441,71566.0
23/7/18,USA,Shopify,F1,New,100,16724.0
23/7/18,AFRICA,Shopify,C1,New,175,24167.0
23/7/18,USA,Retail,null,Existing,8670,462643.0
23/7/18,USA,Retail,C1,Existing,47684,2178986.0
23/7/18,SOUTH AMERICA,Retail,null,Guest,389943,15787308.0
23/7/18,ASIA,Shopify,F2,New,169,24409.0
23/7/18,EUROPE,Retail,null,New,3363,158516.0
23/7/18,ASIA,Retail,null,New,60505,2205455.0
23/7/18,AFRICA,Retail,C4,Existing,92063,4907421.0
23/7/18,EUROPE,Retail,F1,Existing,6814,446594.0
23/7/18,CANADA,Retail,F3,New,17822,678868.0
23/7/18,SOUTH AMERICA,Shopify,F3,Existing,17,3567.0
23/7/18,AFRICA,Retail,C4,New,41364,1439623.0
23/7/18,OCEANIA,Retail,F3,New,101071,3632166.0
23/7/18,EUROPE,Shopify,null,Guest,172,48603.0
23/7/18,CANADA,Retail,F2,New,16956,647848.0
23/7/18,SOUTH AMERICA,Shopify,F2,Existing,27,5713.0
23/7/18,ASIA,Shopify,F1,New,160,23134.0
23/7/18,ASIA,Retail,C4,Existing,79801,3743310.0
23/7/18,ASIA,Shopify,null,Existing,130,24187.0
23/7/18,USA,Retail,C4,Existing,29866,1695925.0
23/7/18,OCEANIA,Retail,C1,Existing,203666,7973213.0
23/7/18,USA,Shopify,C3,New,130,22861.0
23/7/18,SOUTH AMERICA,Retail,F3,Existing,981,47194.0
23/7/18,CANADA,Retail,F1,Existing,22197,1255258.0
23/7/18,AFRICA,Retail,C2,New,49613,1600652.0
23/7/18,OCEANIA,Shopify,null,Guest,5464,999151.0
23/7/18,AFRICA,Shopify,F1,New,126,20711.0
23/7/18,AFRICA,Shopify,null,Guest,2692,485474.0
23/7/18,AFRICA,Retail,C2,Existing,86252,3950751.0
23/7/18,EUROPE,Retail,F1,New,1029,47384.0
23/7/18,ASIA,Retail,C2,Existing,94339,3795069.0
23/7/18,ASIA,Shopify,C4,New,40,5826.0
23/7/18,SOUTH AMERICA,Shopify,C1,New,11,1638.0
23/7/18,AFRICA,Retail,F1,New,23089,896886.0
23/7/18,AFRICA,Retail,C1,Existing,153197,6141426.0
23/7/18,ASIA,Shopify,C3,Existing,1112,225326.0
23/7/18,USA,Retail,C2,New,22686,813508.0
23/7/18,EUROPE,Retail,C1,New,4499,153303.0
23/7/18,OCEANIA,Retail,null,Existing,33137,1492646.0
23/7/18,EUROPE,Shopify,null,Existing,15,5720.0
23/7/18,OCEANIA,Retail,C3,Existing,263653,13590920.0
23/7/18,CANADA,Retail,C1,New,30849,829402.0
23/7/18,EUROPE,Retail,null,Guest,127478,4372745.0
23/7/18,ASIA,Retail,F3,Existing,328367,17221720.0
23/7/18,OCEANIA,Retail,F1,New,38729,1405614.0
23/7/18,EUROPE,Retail,C4,Existing,4565,261182.0
23/7/18,SOUTH AMERICA,Retail,C3,Existing,888,41251.0
23/7/18,CANADA,Retail,C2,Existing,17183,793486.0
23/7/18,USA,Retail,C1,New,34047,995474.0
23/7/18,AFRICA,Shopify,C3,New,167,29567.0
23/7/18,SOUTH AMERICA,Retail,C1,New,1928,43023.0
23/7/18,CANADA,Retail,C3,New,25459,917545.0
23/7/18,SOUTH AMERICA,Shopify,C3,Existing,57,13805.0
23/7/18,USA,Retail,F2,New,27009,1129584.0
23/7/18,CANADA,Retail,F1,New,6990,273207.0
23/7/18,CANADA,Shopify,C3,New,68,11167.0
23/7/18,CANADA,Retail,C2,New,12791,415348.0
23/7/18,SOUTH AMERICA,Shopify,C2,Existing,92,19167.0
23/7/18,USA,Retail,F1,New,11118,488021.0
23/7/18,SOUTH AMERICA,Shopify,C4,New,1,154.0
23/7/18,EUROPE,Retail,null,Existing,2484,120184.0
23/7/18,CANADA,Shopify,F3,Existing,386,79065.0
23/7/18,ASIA,Retail,C1,Existing,145989,5116353.0
23/7/18,USA,Shopify,F2,Existing,1544,336385.0
23/7/18,ASIA,Shopify,C2,New,219,30161.0
23/7/18,CANADA,Retail,C3,Existing,47556,2504566.0
23/7/18,EUROPE,Retail,F2,Existing,13770,949577.0
23/7/18,USA,Retail,F3,New,26260,1085426.0
23/7/18,ASIA,Shopify,null,Guest,2501,415201.0
23/7/18,ASIA,Shopify,C2,Existing,1159,217631.0
23/7/18,EUROPE,Retail,C1,Existing,14316,705558.0
23/7/18,SOUTH AMERICA,Shopify,F1,Existing,26,7231.0
23/7/18,ASIA,Retail,F1,New,30654,1051238.0
23/7/18,OCEANIA,Shopify,C4,Existing,431,82365.0
23/7/18,SOUTH AMERICA,Shopify,C1,Existing,49,11174.0
23/7/18,USA,Shopify,C2,New,171,33262.0
23/7/18,OCEANIA,Retail,C2,New,88215,2602506.0
23/7/18,USA,Retail,F1,Existing,34214,2198392.0
23/7/18,EUROPE,Shopify,C2,Existing,103,30089.0
23/7/18,OCEANIA,Shopify,C4,New,52,8037.0
23/7/18,ASIA,Shopify,null,New,179,30506.0
23/7/18,USA,Retail,F3,Existing,117892,7736190.0
23/7/18,OCEANIA,Shopify,F3,Existing,2286,495797.0
23/7/18,EUROPE,Shopify,C1,New,13,3981.0
23/7/18,ASIA,Retail,F2,Existing,188222,9735861.0
23/7/18,AFRICA,Retail,null,New,57758,2438854.0
23/7/18,EUROPE,Shopify,F1,Existing,82,19199.0
23/7/18,AFRICA,Retail,C3,New,97384,3572647.0
23/7/18,AFRICA,Shopify,F2,New,184,29811.0
23/7/18,EUROPE,Shopify,F3,Existing,107,32018.0
23/7/18,CANADA,Retail,null,Guest,453789,12071145.0
23/7/18,CANADA,Shopify,F3,New,28,3826.0
23/7/18,USA,Retail,C4,New,15403,577474.0
23/7/18,AFRICA,Retail,null,Existing,24818,1190610.0
23/7/18,CANADA,Shopify,C4,Existing,49,8683.0
23/7/18,SOUTH AMERICA,Retail,C4,New,164,5782.0
23/7/18,USA,Shopify,F2,New,132,22815.0
23/7/18,AFRICA,Shopify,C4,Existing,248,43297.0
23/7/18,USA,Shopify,F3,Existing,756,171048.0
23/7/18,OCEANIA,Shopify,F2,Existing,4039,852099.0
23/7/18,OCEANIA,Retail,F3,Existing,454760,26450998.0
23/7/18,CANADA,Shopify,F2,Existing,714,141217.0
23/7/18,EUROPE,Shopify,F3,New,4,655.0
23/7/18,SOUTH AMERICA,Retail,F2,Existing,988,51124.0
23/7/18,SOUTH AMERICA,Shopify,C3,New,27,4749.0
23/7/18,OCEANIA,Shopify,F3,New,152,26764.0
23/7/18,USA,Shopify,F1,Existing,975,197755.0
23/7/18,OCEANIA,Shopify,C2,Existing,2842,572949.0
23/7/18,USA,Retail,C2,Existing,32091,1680920.0
23/7/18,SOUTH AMERICA,Retail,C2,Existing,551,21339.0
23/7/18,USA,Shopify,C4,New,14,2406.0
23/7/18,ASIA,Retail,F2,New,69187,2348239.0
23/7/18,SOUTH AMERICA,Retail,F1,Existing,598,30275.0
23/7/18,EUROPE,Retail,C3,New,4414,196439.0
23/7/18,AFRICA,Shopify,C2,Existing,1412,277090.0
23/7/18,USA,Retail,C3,Existing,79720,4732665.0
23/7/18,EUROPE,Shopify,F1,New,7,1259.0
23/7/18,AFRICA,Retail,null,Guest,1649670,47242294.0
23/7/18,OCEANIA,Shopify,F1,Existing,2663,531938.0
23/7/18,SOUTH AMERICA,Retail,F2,New,344,13018.0
23/7/18,AFRICA,Shopify,F1,Existing,1608,314149.0
23/7/18,OCEANIA,Retail,C3,New,128730,4393361.0
23/7/18,EUROPE,Shopify,C3,New,9,1353.0
23/7/18,CANADA,Shopify,C1,Existing,306,54926.0
23/7/18,USA,Shopify,null,New,95,15978.0
23/7/18,SOUTH AMERICA,Shopify,null,New,58,11256.0
23/7/18,USA,Shopify,C2,Existing,892,189110.0
23/7/18,ASIA,Retail,F3,New,85463,2833930.0
23/7/18,AFRICA,Shopify,null,Existing,179,35163.0
23/7/18,OCEANIA,Retail,F1,Existing,123732,6726098.0
23/7/18,CANADA,Shopify,null,Existing,51,9675.0
23/7/18,EUROPE,Retail,C2,New,2764,107391.0
23/7/18,SOUTH AMERICA,Shopify,C2,New,24,4077.0
23/7/18,SOUTH AMERICA,Retail,F3,New,309,10589.0
23/7/18,USA,Retail,F2,Existing,84050,5414584.0
23/7/18,SOUTH AMERICA,Retail,null,New,1822,64197.0
23/7/18,USA,Shopify,C1,Existing,584,111165.0
23/7/18,CANADA,Retail,F2,Existing,53459,3119976.0
23/7/18,CANADA,Retail,C4,New,10867,370243.0
23/7/18,SOUTH AMERICA,Shopify,C4,Existing,6,939.0
23/7/18,ASIA,Retail,C3,Existing,187725,8807452.0
23/7/18,EUROPE,Shopify,C3,Existing,103,28151.0
23/7/18,EUROPE,Retail,C2,Existing,8417,438774.0
23/7/18,EUROPE,Shopify,C4,New,2,918.0
23/7/18,OCEANIA,Shopify,null,New,318,58114.0
23/7/18,OCEANIA,Retail,null,Guest,2435701,63896375.0
23/7/18,AFRICA,Retail,F3,Existing,338311,20125417.0
23/7/18,OCEANIA,Retail,C2,Existing,120823,5129458.0
23/7/18,ASIA,Retail,C4,New,44354,1341152.0
23/7/18,EUROPE,Retail,F3,Existing,17562,1170301.0
23/7/18,AFRICA,Retail,F2,New,62895,2371867.0
23/7/18,ASIA,Retail,null,Existing,21279,918491.0
23/7/18,USA,Shopify,C1,New,125,21864.0
23/7/18,AFRICA,Shopify,C4,New,32,5818.0
23/7/18,ASIA,Shopify,F2,Existing,1653,318852.0
23/7/18,CANADA,Shopify,C4,New,7,951.0
23/7/18,OCEANIA,Shopify,C1,New,308,41647.0
23/7/18,USA,Retail,null,Guest,579515,17930980.0
23/7/18,AFRICA,Shopify,F3,New,74,13320.0
23/7/18,USA,Shopify,C4,Existing,90,18431.0
23/7/18,OCEANIA,Retail,C4,New,54019,1776394.0
23/7/18,AFRICA,Shopify,F3,Existing,1489,325100.0
23/7/18,CANADA,Retail,F3,Existing,77736,4596313.0
23/7/18,EUROPE,Retail,F3,New,1902,88252.0
23/7/18,ASIA,Retail,null,Guest,1973281,49092385.0
23/7/18,OCEANIA,Retail,F2,New,88069,3236326.0
23/7/18,EUROPE,Shopify,F2,New,8,2008.0
23/7/18,AFRICA,Retail,F1,Existing,85785,4970217.0
23/7/18,ASIA,Shopify,F1,Existing,1175,214433.0
23/7/18,CANADA,Shopify,null,New,66,10188.0
23/7/18,ASIA,Retail,F1,Existing,80941,4050590.0
23/7/18,CANADA,Shopify,F2,New,71,11087.0
23/7/18,OCEANIA,Shopify,C3,Existing,2669,546758.0
23/7/18,OCEANIA,Shopify,F2,New,380,65971.0
23/7/18,CANADA,Shopify,C1,New,62,7701.0
23/7/18,USA,Retail,null,New,20476,937014.0
23/7/18,CANADA,Shopify,C2,New,67,10187.0
23/7/18,AFRICA,Shopify,F2,Existing,2853,587247.0
23/7/18,ASIA,Shopify,C1,Existing,706,122237.0
23/7/18,AFRICA,Shopify,null,New,214,40960.0
23/7/18,AFRICA,Shopify,C3,Existing,1568,329919.0
23/7/18,CANADA,Retail,C4,Existing,21234,1104427.0
23/7/18,AFRICA,Retail,C3,Existing,228371,12165479.0
16/7/18,ASIA,Retail,C1,New,110552,2580807.0
16/7/18,OCEANIA,Shopify,null,New,356,64260.0
16/7/18,USA,Shopify,C1,Existing,573,104402.0
16/7/18,EUROPE,Retail,null,Guest,126830,4381342.0
16/7/18,CANADA,Shopify,F3,New,24,3990.0
16/7/18,SOUTH AMERICA,Retail,null,New,1888,63775.0
16/7/18,USA,Shopify,C2,New,164,30687.0
16/7/18,ASIA,Shopify,null,New,194,32051.0
16/7/18,EUROPE,Shopify,F1,Existing,100,25165.0
16/7/18,OCEANIA,Retail,F1,Existing,125580,6997989.0
16/7/18,CANADA,Shopify,null,Existing,51,9635.0
16/7/18,AFRICA,Shopify,C4,New,31,4630.0
16/7/18,SOUTH AMERICA,Shopify,C3,New,20,4596.0
16/7/18,ASIA,Retail,F2,Existing,183782,9640177.0
16/7/18,AFRICA,Shopify,null,New,191,33108.0
16/7/18,ASIA,Shopify,C1,Existing,710,121639.0
16/7/18,EUROPE,Retail,C3,Existing,14425,828596.0
16/7/18,SOUTH AMERICA,Retail,C1,New,1912,44664.0
16/7/18,SOUTH AMERICA,Retail,C1,Existing,2070,61379.0
16/7/18,CANADA,Shopify,C3,New,46,8192.0
16/7/18,CANADA,Retail,C4,Existing,20824,1091933.0
16/7/18,OCEANIA,Shopify,C1,New,312,41663.0
16/7/18,USA,Retail,F2,Existing,83261,5338654.0
16/7/18,CANADA,Shopify,C3,Existing,397,73619.0
16/7/18,CANADA,Shopify,C2,New,61,9801.0
16/7/18,USA,Retail,C1,Existing,47108,2159527.0
16/7/18,USA,Retail,C2,New,22418,813676.0
16/7/18,ASIA,Shopify,F2,Existing,1744,341540.0
16/7/18,EUROPE,Retail,F2,New,1729,85081.0
16/7/18,AFRICA,Retail,C1,New,87137,2310033.0
16/7/18,ASIA,Shopify,C4,Existing,161,29507.0
16/7/18,SOUTH AMERICA,Shopify,F2,New,9,1715.0
16/7/18,CANADA,Retail,F3,New,16807,648984.0
16/7/18,USA,Shopify,F3,Existing,729,168343.0
16/7/18,OCEANIA,Shopify,F2,Existing,3967,832922.0
16/7/18,SOUTH AMERICA,Retail,F2,Existing,892,43895.0
16/7/18,ASIA,Shopify,C1,New,152,19310.0
16/7/18,ASIA,Shopify,F1,New,175,24844.0
16/7/18,EUROPE,Retail,F1,Existing,6652,441396.0
16/7/18,SOUTH AMERICA,Shopify,C1,Existing,43,8896.0
16/7/18,CANADA,Retail,null,Existing,6589,339870.0
16/7/18,OCEANIA,Shopify,C3,New,331,57443.0
16/7/18,CANADA,Retail,C1,Existing,50131,2203549.0
16/7/18,AFRICA,Shopify,F2,Existing,2802,589627.0
16/7/18,ASIA,Retail,F1,Existing,81141,4262150.0
16/7/18,OCEANIA,Retail,C3,Existing,264742,13524223.0
16/7/18,USA,Shopify,null,Guest,1403,283563.0
16/7/18,ASIA,Shopify,F3,New,88,12659.0
16/7/18,SOUTH AMERICA,Retail,F3,New,256,9738.0
16/7/18,USA,Shopify,C3,New,100,19747.0
16/7/18,CANADA,Retail,C4,New,10563,359774.0
16/7/18,SOUTH AMERICA,Shopify,C4,Existing,7,1228.0
16/7/18,CANADA,Shopify,F2,Existing,718,146485.0
16/7/18,SOUTH AMERICA,Shopify,C2,Existing,96,18622.0
16/7/18,USA,Shopify,C1,New,108,17580.0
16/7/18,OCEANIA,Retail,C4,New,52850,1709244.0
16/7/18,EUROPE,Retail,C1,New,4561,152270.0
16/7/18,ASIA,Shopify,F2,New,176,27899.0
16/7/18,USA,Retail,null,New,20726,952235.0
16/7/18,CANADA,Shopify,null,New,59,10603.0
16/7/18,ASIA,Shopify,C3,New,170,25490.0
16/7/18,EUROPE,Retail,C2,Existing,8518,427282.0
16/7/18,AFRICA,Retail,F2,New,61890,2328244.0
16/7/18,EUROPE,Retail,F3,Existing,16791,1082239.0
16/7/18,ASIA,Retail,C2,Existing,94267,3801103.0
16/7/18,EUROPE,Shopify,C3,New,7,1445.0
16/7/18,OCEANIA,Retail,C1,New,139081,3445171.0
16/7/18,CANADA,Retail,F1,New,7391,305134.0
16/7/18,SOUTH AMERICA,Shopify,F1,Existing,31,6956.0
16/7/18,OCEANIA,Shopify,F3,Existing,2267,482811.0
16/7/18,AFRICA,Shopify,C3,New,184,34061.0
16/7/18,EUROPE,Shopify,F3,Existing,98,27823.0
16/7/18,AFRICA,Shopify,F2,New,201,33358.0
16/7/18,AFRICA,Retail,C4,New,39994,1401723.0
16/7/18,USA,Shopify,C4,Existing,89,17574.0
16/7/18,CANADA,Retail,null,Guest,440278,11961412.0
16/7/18,EUROPE,Retail,C2,New,2677,102180.0
16/7/18,ASIA,Retail,C4,Existing,78889,3702636.0
16/7/18,EUROPE,Retail,C4,New,1608,72211.0
16/7/18,SOUTH AMERICA,Retail,C3,New,705,26876.0
16/7/18,OCEANIA,Retail,null,New,80087,3052990.0
16/7/18,EUROPE,Shopify,null,New,18,3593.0
16/7/18,AFRICA,Retail,C3,Existing,229231,12239513.0
16/7/18,CANADA,Shopify,C2,Existing,340,63913.0
16/7/18,CANADA,Shopify,null,Guest,715,120886.0
16/7/18,USA,Shopify,F1,Existing,1017,205812.0
16/7/18,SOUTH AMERICA,Shopify,C4,New,3,623.0
16/7/18,AFRICA,Shopify,C2,New,182,29246.0
16/7/18,SOUTH AMERICA,Retail,F1,New,238,8979.0
16/7/18,AFRICA,Shopify,C2,Existing,1433,279199.0
16/7/18,SOUTH AMERICA,Shopify,F1,New,5,1054.0
16/7/18,SOUTH AMERICA,Retail,C2,New,532,17106.0
16/7/18,CANADA,Shopify,C1,Existing,292,53302.0
16/7/18,OCEANIA,Shopify,F2,New,375,64065.0
16/7/18,SOUTH AMERICA,Retail,C2,Existing,573,23578.0
16/7/18,EUROPE,Shopify,F3,New,8,1387.0
16/7/18,OCEANIA,Shopify,C2,Existing,2729,535216.0
16/7/18,CANADA,Retail,C3,Existing,47624,2532830.0
16/7/18,USA,Shopify,F2,New,144,26430.0
16/7/18,SOUTH AMERICA,Retail,F3,Existing,889,45574.0
16/7/18,CANADA,Retail,C2,New,12781,423076.0
16/7/18,USA,Shopify,C2,Existing,916,197168.0
16/7/18,CANADA,Retail,C2,Existing,16986,790366.0
16/7/18,CANADA,Shopify,F1,Existing,436,84706.0
16/7/18,ASIA,Retail,C4,New,42361,1262501.0
16/7/18,ASIA,Shopify,C3,Existing,1087,219856.0
16/7/18,EUROPE,Retail,C3,New,4265,189638.0
16/7/18,SOUTH AMERICA,Shopify,null,New,50,9837.0
16/7/18,ASIA,Shopify,null,Existing,189,34958.0
16/7/18,CANADA,Retail,F2,Existing,51267,3119148.0
16/7/18,SOUTH AMERICA,Retail,C4,New,168,6385.0
16/7/18,SOUTH AMERICA,Retail,C4,Existing,189,10584.0
16/7/18,SOUTH AMERICA,Shopify,F3,New,2,238.0
16/7/18,OCEANIA,Shopify,C4,Existing,389,70986.0
16/7/18,USA,Retail,C1,New,33250,970514.0
16/7/18,SOUTH AMERICA,Shopify,C2,New,21,3636.0
16/7/18,EUROPE,Retail,null,New,3418,155833.0
16/7/18,USA,Retail,C4,New,15208,573849.0
16/7/18,CANADA,Retail,null,New,14937,628643.0
16/7/18,ASIA,Shopify,C2,New,231,31921.0
16/7/18,SOUTH AMERICA,Shopify,null,Existing,20,4316.0
16/7/18,OCEANIA,Retail,F2,Existing,293057,16674250.0
16/7/18,EUROPE,Shopify,F2,Existing,134,32318.0
16/7/18,USA,Shopify,F3,New,43,8473.0
16/7/18,ASIA,Shopify,F3,Existing,1040,205706.0
16/7/18,OCEANIA,Shopify,F1,New,303,48540.0
16/7/18,ASIA,Retail,F3,New,78881,2611729.0
16/7/18,USA,Retail,null,Existing,9955,531086.0
16/7/18,OCEANIA,Shopify,null,Existing,408,79795.0
16/7/18,OCEANIA,Retail,F3,Existing,443835,25546234.0
16/7/18,ASIA,Retail,null,Existing,24788,1075898.0
16/7/18,USA,Retail,null,Guest,569481,17550220.0
16/7/18,USA,Retail,C3,New,39757,1628699.0
16/7/18,ASIA,Shopify,null,Guest,2547,413052.0
16/7/18,OCEANIA,Shopify,C2,New,496,80421.0
16/7/18,USA,Shopify,F1,New,126,21960.0
16/7/18,AFRICA,Shopify,F1,Existing,1639,324730.0
16/7/18,USA,Retail,C4,Existing,29257,1654908.0
16/7/18,CANADA,Shopify,C4,New,10,1883.0
16/7/18,OCEANIA,Shopify,F3,New,164,27470.0
16/7/18,AFRICA,Shopify,C4,Existing,233,44368.0
16/7/18,USA,Shopify,null,Existing,97,22957.0
16/7/18,AFRICA,Retail,C2,Existing,86430,3954243.0
16/7/18,SOUTH AMERICA,Shopify,F3,Existing,18,3532.0
16/7/18,AFRICA,Retail,null,Existing,29010,1399321.0
16/7/18,ASIA,Retail,null,New,61467,2215987.0
16/7/18,AFRICA,Retail,C4,Existing,90598,4846137.0
16/7/18,USA,Shopify,null,New,116,21439.0
16/7/18,CANADA,Retail,C3,New,25117,917513.0
16/7/18,SOUTH AMERICA,Shopify,C3,Existing,54,12379.0
16/7/18,EUROPE,Shopify,C4,Existing,4,896.0
16/7/18,OCEANIA,Retail,C1,Existing,202170,7887514.0
16/7/18,EUROPE,Shopify,C1,Existing,64,11585.0
16/7/18,USA,Retail,F3,Existing,114215,7403826.0
16/7/18,AFRICA,Retail,F1,Existing,86571,5152367.0
16/7/18,OCEANIA,Shopify,C1,Existing,1648,300600.0
16/7/18,ASIA,Shopify,F1,Existing,1262,234401.0
16/7/18,ASIA,Retail,C2,New,70135,1981966.0
16/7/18,SOUTH AMERICA,Retail,null,Existing,473,19218.0
16/7/18,AFRICA,Retail,C3,New,96303,3522476.0
16/7/18,USA,Retail,C2,Existing,32368,1692873.0
16/7/18,USA,Shopify,C4,New,18,3197.0
16/7/18,SOUTH AMERICA,Retail,null,Guest,382827,15501026.0
16/7/18,OCEANIA,Retail,null,Guest,2404700,62929227.0
16/7/18,AFRICA,Retail,C1,Existing,152824,6122375.0
16/7/18,AFRICA,Shopify,F3,Existing,1508,331864.0
16/7/18,OCEANIA,Retail,C3,New,127759,4333168.0
16/7/18,SOUTH AMERICA,Retail,F2,New,329,13255.0
16/7/18,ASIA,Retail,F1,New,30401,1091683.0
16/7/18,SOUTH AMERICA,Shopify,F2,Existing,22,4397.0
16/7/18,AFRICA,Retail,F2,Existing,238961,14122826.0
16/7/18,SOUTH AMERICA,Shopify,null,Guest,882,176445.0
16/7/18,OCEANIA,Shopify,C3,Existing,2598,536609.0
16/7/18,CANADA,Shopify,F3,Existing,352,71644.0
16/7/18,OCEANIA,Retail,F1,New,40224,1525841.0
16/7/18,EUROPE,Shopify,F1,New,5,849.0
16/7/18,ASIA,Retail,C3,Existing,188452,8882237.0
16/7/18,ASIA,Shopify,C2,Existing,1195,219386.0
16/7/18,CANADA,Shopify,F1,New,51,8750.0
16/7/18,ASIA,Retail,C1,Existing,143562,5060542.0
16/7/18,AFRICA,Shopify,F1,New,160,23170.0
16/7/18,AFRICA,Retail,null,New,59384,2484392.0
16/7/18,AFRICA,Retail,F3,New,60550,2286339.0
16/7/18,EUROPE,Retail,null,Existing,2872,140295.0
16/7/18,AFRICA,Retail,F3,Existing,329338,19592163.0
16/7/18,ASIA,Shopify,C4,New,32,4985.0
16/7/18,OCEANIA,Retail,F2,New,87220,3223851.0
16/7/18,EUROPE,Shopify,F2,New,3,478.0
16/7/18,AFRICA,Shopify,C3,Existing,1549,317372.0
16/7/18,CANADA,Shopify,C1,New,51,7454.0
16/7/18,AFRICA,Retail,F1,New,23738,952782.0
16/7/18,CANADA,Retail,F3,Existing,74079,4435428.0
16/7/18,AFRICA,Shopify,null,Existing,224,45494.0
16/7/18,EUROPE,Retail,F1,New,1074,50635.0
16/7/18,OCEANIA,Retail,F3,New,98053,3493075.0
16/7/18,CANADA,Shopify,F2,New,65,9938.0
16/7/18,CANADA,Retail,F1,Existing,22186,1319361.0
16/7/18,OCEANIA,Retail,null,Existing,38714,1770295.0
16/7/18,EUROPE,Shopify,null,Existing,15,3638.0
16/7/18,AFRICA,Shopify,F3,New,71,13730.0
16/7/18,OCEANIA,Retail,C4,Existing,113585,5885699.0
16/7/18,OCEANIA,Retail,C2,Existing,121778,5085380.0
16/7/18,USA,Retail,F1,Existing,34766,2297760.0
16/7/18,EUROPE,Shopify,C2,Existing,96,28131.0
16/7/18,OCEANIA,Shopify,C4,New,58,8344.0
16/7/18,EUROPE,Retail,C4,Existing,4739,261900.0
16/7/18,SOUTH AMERICA,Retail,C3,Existing,926,44785.0
16/7/18,ASIA,Retail,null,Guest,1913551,47917365.0
16/7/18,ASIA,Retail,F2,New,65804,2241386.0
16/7/18,EUROPE,Shopify,null,Guest,161,38772.0
16/7/18,EUROPE,Shopify,C3,Existing,103,34727.0
16/7/18,USA,Retail,F3,New,25033,1030275.0
16/7/18,EUROPE,Retail,F2,Existing,13155,908024.0
16/7/18,AFRICA,Shopify,C1,Existing,989,169424.0
16/7/18,OCEANIA,Retail,C2,New,86646,2521872.0
16/7/18,USA,Retail,F1,New,11525,531072.0
16/7/18,EUROPE,Shopify,C2,New,9,2288.0
16/7/18,SOUTH AMERICA,Retail,F1,Existing,567,30019.0
16/7/18,USA,Retail,F2,New,26448,1116821.0
16/7/18,AFRICA,Shopify,null,Guest,2721,479836.0
16/7/18,ASIA,Retail,C3,New,104798,3347740.0
16/7/18,USA,Shopify,C3,Existing,943,199334.0
16/7/18,EUROPE,Retail,C1,Existing,13953,689582.0
16/7/18,CANADA,Retail,C1,New,30298,825623.0
16/7/18,ASIA,Retail,F3,Existing,317752,16744769.0
16/7/18,USA,Retail,C3,Existing,79567,4654428.0
16/7/18,CANADA,Shopify,C4,Existing,53,10553.0
16/7/18,EUROPE,Shopify,C1,New,10,2672.0
16/7/18,SOUTH AMERICA,Shopify,C1,New,11,1644.0
16/7/18,AFRICA,Retail,C2,New,49046,1577810.0
16/7/18,OCEANIA,Shopify,null,Guest,5550,996401.0
16/7/18,AFRICA,Retail,null,Guest,1644749,46882181.0
16/7/18,CANADA,Retail,F2,New,16164,648380.0
16/7/18,USA,Shopify,F2,Existing,1479,325375.0
16/7/18,EUROPE,Retail,F3,New,1756,77945.0
16/7/18,AFRICA,Shopify,C1,New,154,20146.0
16/7/18,OCEANIA,Shopify,F1,Existing,2847,571110.0
9/7/18,CANADA,Retail,F2,New,15539,611498.0
9/7/18,SOUTH AMERICA,Shopify,F2,Existing,27,5804.0
9/7/18,OCEANIA,Shopify,C3,Existing,2601,531748.0
9/7/18,USA,Retail,C2,Existing,32290,1710131.0
9/7/18,AFRICA,Retail,F1,New,22964,889598.0
9/7/18,AFRICA,Retail,F3,New,61330,2408783.0
9/7/18,AFRICA,Shopify,C2,New,188,31570.0
9/7/18,EUROPE,Shopify,C1,Existing,65,12572.0
9/7/18,OCEANIA,Retail,C3,New,128296,4461407.0
9/7/18,OCEANIA,Retail,C2,New,86953,2546080.0
9/7/18,EUROPE,Shopify,C2,New,6,1237.0
9/7/18,USA,Retail,C3,New,40649,1674187.0
9/7/18,CANADA,Shopify,C4,New,7,1235.0
9/7/18,USA,Shopify,C3,Existing,913,200206.0
9/7/18,OCEANIA,Retail,C2,Existing,122091,5188811.0
9/7/18,USA,Retail,F1,Existing,33562,2117864.0
9/7/18,EUROPE,Shopify,C2,Existing,103,30757.0
9/7/18,EUROPE,Retail,C4,Existing,4683,264131.0
9/7/18,OCEANIA,Retail,C1,Existing,201918,7961322.0
9/7/18,AFRICA,Shopify,F3,Existing,1519,333013.0
9/7/18,SOUTH AMERICA,Retail,F1,New,243,10557.0
9/7/18,USA,Retail,F1,New,10767,451747.0
9/7/18,CANADA,Retail,C2,Existing,16987,779550.0
9/7/18,ASIA,Retail,C2,Existing,94245,3806530.0
9/7/18,SOUTH AMERICA,Shopify,C1,New,21,3338.0
9/7/18,ASIA,Retail,C3,New,105440,3380597.0
9/7/18,ASIA,Shopify,F1,Existing,1113,207605.0
9/7/18,ASIA,Shopify,F3,Existing,1009,210058.0
9/7/18,OCEANIA,Shopify,F1,New,236,38605.0
9/7/18,EUROPE,Retail,F3,New,1819,76776.0
9/7/18,AFRICA,Shopify,C1,Existing,1025,180535.0
9/7/18,EUROPE,Shopify,null,Existing,15,5071.0
9/7/18,AFRICA,Shopify,C3,Existing,1556,324744.0
9/7/18,OCEANIA,Shopify,F2,New,396,73310.0
9/7/18,USA,Retail,null,Guest,575913,18004456.0
9/7/18,EUROPE,Retail,null,Existing,2695,140580.0
9/7/18,EUROPE,Shopify,C3,Existing,111,32308.0
9/7/18,SOUTH AMERICA,Retail,null,Guest,384721,16029504.0
9/7/18,ASIA,Shopify,F2,New,164,25436.0
9/7/18,SOUTH AMERICA,Shopify,null,Guest,974,198223.0
9/7/18,OCEANIA,Shopify,null,Guest,5164,951606.0
9/7/18,CANADA,Retail,C3,Existing,47653,2548126.0
9/7/18,AFRICA,Shopify,F1,New,126,20215.0
9/7/18,USA,Shopify,null,Guest,1332,258847.0
9/7/18,OCEANIA,Shopify,F2,Existing,4074,863477.0
9/7/18,USA,Retail,C3,Existing,80431,4734536.0
9/7/18,SOUTH AMERICA,Retail,C3,Existing,961,47302.0
9/7/18,OCEANIA,Retail,null,Existing,39188,1790957.0
9/7/18,AFRICA,Retail,C3,Existing,232234,12422253.0
9/7/18,CANADA,Retail,C4,New,10723,372186.0
9/7/18,OCEANIA,Shopify,F1,Existing,2625,517187.0
9/7/18,ASIA,Retail,F3,Existing,316333,16833185.0
9/7/18,SOUTH AMERICA,Shopify,C4,Existing,9,1291.0
9/7/18,AFRICA,Shopify,null,Guest,2598,470909.0
9/7/18,USA,Shopify,F2,New,123,22621.0
9/7/18,SOUTH AMERICA,Retail,F3,Existing,985,47624.0
9/7/18,USA,Retail,F2,New,25891,1128536.0
9/7/18,USA,Shopify,C1,New,128,18224.0
9/7/18,EUROPE,Shopify,null,Guest,141,32258.0
9/7/18,SOUTH AMERICA,Retail,F1,Existing,548,27440.0
9/7/18,SOUTH AMERICA,Shopify,F2,New,9,1434.0
9/7/18,ASIA,Shopify,F1,New,115,16874.0
9/7/18,CANADA,Shopify,null,New,55,8568.0
9/7/18,ASIA,Shopify,null,Guest,2324,383680.0
9/7/18,ASIA,Shopify,C1,New,149,20626.0
9/7/18,AFRICA,Shopify,F2,Existing,2806,581726.0
9/7/18,CANADA,Retail,F1,Existing,21212,1204045.0
9/7/18,AFRICA,Retail,null,Existing,29671,1458823.0
9/7/18,EUROPE,Shopify,C3,New,6,1472.0
9/7/18,CANADA,Shopify,F1,Existing,373,69898.0
9/7/18,AFRICA,Shopify,C3,New,190,36377.0
9/7/18,AFRICA,Retail,null,New,57794,2437629.0
9/7/18,CANADA,Shopify,C4,Existing,43,7447.0
9/7/18,CANADA,Retail,null,New,14686,612225.0
9/7/18,SOUTH AMERICA,Shopify,F3,New,4,860.0
9/7/18,CANADA,Retail,C1,New,30359,825106.0
9/7/18,SOUTH AMERICA,Shopify,C1,Existing,43,8774.0
9/7/18,ASIA,Retail,C1,Existing,143290,5029330.0
9/7/18,CANADA,Retail,null,Guest,440249,11986225.0
9/7/18,SOUTH AMERICA,Shopify,C4,New,4,881.0
9/7/18,AFRICA,Shopify,F1,Existing,1581,305470.0
9/7/18,USA,Shopify,F2,Existing,1464,322780.0
9/7/18,EUROPE,Retail,C1,Existing,14096,689909.0
9/7/18,SOUTH AMERICA,Retail,F3,New,298,11682.0
9/7/18,ASIA,Shopify,C4,New,31,4124.0
9/7/18,CANADA,Shopify,F3,Existing,344,69526.0
9/7/18,ASIA,Shopify,null,New,179,30488.0
9/7/18,AFRICA,Shopify,C4,Existing,229,43146.0
9/7/18,SOUTH AMERICA,Retail,F2,Existing,882,49181.0
9/7/18,ASIA,Retail,F1,Existing,79473,3997972.0
9/7/18,AFRICA,Retail,null,Guest,1659894,48524433.0
9/7/18,USA,Shopify,C1,Existing,545,101988.0
9/7/18,OCEANIA,Shopify,null,Existing,401,78363.0
9/7/18,EUROPE,Retail,F1,New,1010,46808.0
9/7/18,SOUTH AMERICA,Shopify,null,Existing,24,5777.0
9/7/18,CANADA,Retail,C3,New,25188,919591.0
9/7/18,SOUTH AMERICA,Shopify,C3,Existing,62,13964.0
9/7/18,SOUTH AMERICA,Retail,C3,New,710,28635.0
9/7/18,EUROPE,Retail,C4,New,1702,78100.0
9/7/18,ASIA,Retail,null,New,60083,2147156.0
9/7/18,CANADA,Shopify,C3,New,53,8367.0
9/7/18,EUROPE,Retail,C2,New,2699,108038.0
9/7/18,OCEANIA,Shopify,F3,Existing,2240,484976.0
9/7/18,OCEANIA,Retail,C3,Existing,263531,13705869.0
9/7/18,USA,Retail,F3,Existing,112436,7434676.0
9/7/18,OCEANIA,Shopify,C4,Existing,423,80423.0
9/7/18,USA,Retail,C1,New,33680,999840.0
9/7/18,EUROPE,Retail,null,Guest,125486,4352434.0
9/7/18,CANADA,Shopify,F3,New,23,3549.0
9/7/18,ASIA,Retail,C1,New,109188,2535291.0
9/7/18,EUROPE,Retail,F2,Existing,12592,857384.0
9/7/18,SOUTH AMERICA,Shopify,C3,New,20,4571.0
9/7/18,EUROPE,Shopify,C4,New,1,220.0
9/7/18,AFRICA,Shopify,C2,Existing,1423,281581.0
9/7/18,CANADA,Shopify,F2,Existing,649,132799.0
9/7/18,EUROPE,Retail,C3,New,4222,190786.0
9/7/18,USA,Shopify,C4,Existing,109,20623.0
9/7/18,ASIA,Shopify,C2,New,225,33683.0
9/7/18,AFRICA,Retail,F3,Existing,329319,19944730.0
9/7/18,AFRICA,Retail,C2,New,49496,1624945.0
9/7/18,USA,Shopify,F3,Existing,685,152455.0
9/7/18,OCEANIA,Shopify,F3,New,134,24251.0
9/7/18,CANADA,Shopify,F2,New,74,12194.0
9/7/18,ASIA,Retail,F1,New,28702,966445.0
9/7/18,AFRICA,Shopify,null,Existing,230,46812.0
9/7/18,AFRICA,Retail,C3,New,99171,3692500.0
9/7/18,SOUTH AMERICA,Retail,F2,New,337,15584.0
9/7/18,OCEANIA,Retail,null,New,76968,2965223.0
9/7/18,EUROPE,Shopify,null,New,13,2903.0
9/7/18,ASIA,Retail,F3,New,78510,2648013.0
9/7/18,CANADA,Shopify,C1,Existing,290,51186.0
9/7/18,EUROPE,Shopify,C4,Existing,5,938.0
9/7/18,SOUTH AMERICA,Retail,null,Existing,495,18022.0
9/7/18,SOUTH AMERICA,Shopify,F1,Existing,30,6734.0
9/7/18,CANADA,Shopify,C2,New,51,7935.0
9/7/18,SOUTH AMERICA,Shopify,C2,New,30,6524.0
9/7/18,ASIA,Retail,C4,New,43091,1318737.0
9/7/18,ASIA,Retail,F2,New,65943,2241653.0
9/7/18,OCEANIA,Retail,null,Guest,2423687,64744769.0
9/7/18,ASIA,Shopify,F2,Existing,1532,304731.0
9/7/18,USA,Retail,F3,New,24660,1027770.0
9/7/18,CANADA,Shopify,F1,New,40,6309.0
9/7/18,AFRICA,Shopify,F2,New,199,34155.0
9/7/18,USA,Shopify,C4,New,11,2343.0
9/7/18,SOUTH AMERICA,Retail,C4,Existing,168,10420.0
9/7/18,ASIA,Retail,C2,New,70591,2023172.0
9/7/18,EUROPE,Retail,C1,New,4336,142366.0
9/7/18,OCEANIA,Retail,F1,New,38392,1371394.0
9/7/18,AFRICA,Retail,C2,Existing,87713,4053481.0
9/7/18,EUROPE,Shopify,F1,New,5,946.0
9/7/18,AFRICA,Retail,C4,New,40689,1442609.0
9/7/18,EUROPE,Retail,null,New,3395,152795.0
9/7/18,OCEANIA,Retail,F3,Existing,434156,25824442.0
9/7/18,EUROPE,Shopify,F3,Existing,88,24824.0
9/7/18,SOUTH AMERICA,Retail,C2,New,596,20725.0
9/7/18,USA,Retail,F2,Existing,80314,5322402.0
9/7/18,ASIA,Shopify,null,Existing,156,29500.0
9/7/18,AFRICA,Retail,F1,Existing,85389,4914862.0
9/7/18,ASIA,Retail,C3,Existing,188490,8876740.0
9/7/18,USA,Retail,C4,Existing,29587,1676625.0
9/7/18,AFRICA,Retail,F2,Existing,242196,14545900.0
9/7/18,OCEANIA,Shopify,null,New,313,54203.0
9/7/18,SOUTH AMERICA,Retail,null,New,1875,64589.0
9/7/18,ASIA,Shopify,F3,New,66,10381.0
9/7/18,EUROPE,Shopify,F2,New,3,477.0
9/7/18,EUROPE,Shopify,C1,New,9,1480.0
9/7/18,ASIA,Shopify,C4,Existing,160,28183.0
9/7/18,OCEANIA,Retail,F1,Existing,122441,6639593.0
9/7/18,EUROPE,Shopify,F1,Existing,117,29061.0
9/7/18,AFRICA,Retail,C1,New,85414,2265833.0
9/7/18,CANADA,Shopify,null,Existing,51,9909.0
9/7/18,EUROPE,Retail,C2,Existing,8335,424136.0
9/7/18,CANADA,Shopify,C1,New,38,4927.0
9/7/18,CANADA,Retail,C4,Existing,21053,1113254.0
9/7/18,AFRICA,Retail,C1,Existing,153326,6175153.0
9/7/18,AFRICA,Shopify,null,New,215,37853.0
9/7/18,USA,Shopify,C2,New,142,27732.0
9/7/18,EUROPE,Retail,C3,Existing,14510,836125.0
9/7/18,SOUTH AMERICA,Shopify,null,New,47,8388.0
9/7/18,CANADA,Shopify,null,Guest,632,110493.0
9/7/18,EUROPE,Retail,F3,Existing,16586,1081553.0
9/7/18,SOUTH AMERICA,Shopify,C2,Existing,104,22076.0
9/7/18,USA,Retail,C1,Existing,47631,2187703.0
9/7/18,SOUTH AMERICA,Retail,C1,Existing,2090,61961.0
9/7/18,CANADA,Retail,F2,Existing,48023,2820253.0
9/7/18,OCEANIA,Retail,F2,New,86147,3309803.0
9/7/18,OCEANIA,Shopify,C1,New,280,37964.0
9/7/18,CANADA,Retail,F1,New,7159,272201.0
9/7/18,OCEANIA,Shopify,C2,Existing,2711,543196.0
9/7/18,USA,Shopify,F1,Existing,981,195890.0
9/7/18,OCEANIA,Shopify,C1,Existing,1673,292606.0
9/7/18,OCEANIA,Retail,F2,Existing,283329,16913687.0
9/7/18,EUROPE,Shopify,F2,Existing,143,36222.0
9/7/18,OCEANIA,Shopify,C4,New,58,7665.0
9/7/18,OCEANIA,Retail,C4,New,53090,1763892.0
9/7/18,USA,Shopify,null,New,86,13931.0
9/7/18,SOUTH AMERICA,Retail,C4,New,178,6618.0
9/7/18,ASIA,Retail,F2,Existing,183102,9622439.0
9/7/18,CANADA,Retail,C1,Existing,49593,2178409.0
9/7/18,AFRICA,Shopify,C4,New,40,6581.0
9/7/18,SOUTH AMERICA,Retail,C2,Existing,608,24725.0
9/7/18,CANADA,Shopify,C3,Existing,376,72925.0
9/7/18,OCEANIA,Shopify,C2,New,421,70702.0
9/7/18,USA,Shopify,F1,New,97,18037.0
9/7/18,USA,Shopify,F3,New,50,8314.0
9/7/18,AFRICA,Retail,C4,Existing,90364,4872679.0
9/7/18,USA,Shopify,null,Existing,112,26862.0
9/7/18,USA,Shopify,C3,New,100,17294.0
9/7/18,ASIA,Shopify,C1,Existing,676,114144.0
9/7/18,EUROPE,Retail,F2,New,1771,84094.0
9/7/18,AFRICA,Shopify,F3,New,76,12867.0
9/7/18,CANADA,Retail,null,Existing,6546,329394.0
9/7/18,ASIA,Shopify,C2,Existing,1142,209062.0
9/7/18,USA,Retail,C4,New,15635,593992.0
9/7/18,ASIA,Shopify,C3,Existing,1051,200194.0
9/7/18,OCEANIA,Retail,F3,New,97120,3590357.0
9/7/18,EUROPE,Shopify,F3,New,1,130.0
9/7/18,ASIA,Retail,null,Guest,1925749,48362188.0
9/7/18,OCEANIA,Retail,C4,Existing,112540,5962158.0
9/7/18,OCEANIA,Retail,C1,New,138411,3471373.0
9/7/18,ASIA,Retail,null,Existing,25149,1080786.0
9/7/18,CANADA,Retail,C2,New,12536,395419.0
9/7/18,USA,Shopify,C2,Existing,875,183106.0
9/7/18,ASIA,Retail,C4,Existing,78809,3737094.0
9/7/18,AFRICA,Retail,F2,New,63152,2477712.0
9/7/18,AFRICA,Shopify,C1,New,171,24155.0
9/7/18,USA,Retail,null,New,20597,929240.0
9/7/18,SOUTH AMERICA,Shopify,F1,New,4,950.0
9/7/18,SOUTH AMERICA,Retail,C1,New,1869,42746.0
9/7/18,USA,Retail,C2,New,22555,822964.0
9/7/18,USA,Retail,null,Existing,10164,542330.0
9/7/18,CANADA,Retail,F3,Existing,71539,4286062.0
9/7/18,ASIA,Shopify,C3,New,173,27277.0
9/7/18,EUROPE,Retail,F1,Existing,6381,404799.0
9/7/18,CANADA,Retail,F3,New,17253,659369.0
9/7/18,SOUTH AMERICA,Shopify,F3,Existing,19,3658.0
9/7/18,OCEANIA,Shopify,C3,New,347,61327.0
9/7/18,CANADA,Shopify,C2,Existing,356,65359.0
2/7/18,OCEANIA,Shopify,null,New,355,61516.0
2/7/18,EUROPE,Retail,C2,Existing,8303,417290.0
2/7/18,EUROPE,Shopify,C4,New,1,311.0
2/7/18,SOUTH AMERICA,Retail,null,New,1761,58179.0
2/7/18,SOUTH AMERICA,Retail,C2,New,649,20606.0
2/7/18,CANADA,Shopify,null,Existing,46,8640.0
2/7/18,CANADA,Retail,C4,Existing,20832,1103996.0
2/7/18,AFRICA,Retail,C1,New,85278,2261211.0
2/7/18,USA,Shopify,C1,New,113,16067.0
2/7/18,SOUTH AMERICA,Shopify,C3,New,21,3976.0
2/7/18,CANADA,Retail,null,New,14296,595119.0
2/7/18,ASIA,Shopify,C2,New,243,35136.0
2/7/18,SOUTH AMERICA,Shopify,null,Existing,21,4940.0
2/7/18,ASIA,Retail,F2,Existing,178312,9579773.0
2/7/18,USA,Retail,C1,Existing,46621,2101076.0
2/7/18,CANADA,Shopify,C2,New,71,10932.0
2/7/18,CANADA,Shopify,C3,New,63,10532.0
2/7/18,SOUTH AMERICA,Shopify,F1,New,5,1028.0
2/7/18,AFRICA,Retail,C4,New,40997,1458781.0
2/7/18,AFRICA,Shopify,null,New,191,34843.0
2/7/18,SOUTH AMERICA,Shopify,F3,Existing,17,3594.0
2/7/18,OCEANIA,Shopify,C2,New,461,72197.0
2/7/18,USA,Shopify,F1,New,102,17549.0
2/7/18,ASIA,Retail,C1,New,108262,2488231.0
2/7/18,EUROPE,Retail,F3,Existing,16482,1064605.0
2/7/18,ASIA,Shopify,C1,Existing,682,114424.0
2/7/18,USA,Retail,C1,New,33147,972231.0
2/7/18,AFRICA,Shopify,C1,New,170,21479.0
2/7/18,SOUTH AMERICA,Shopify,C1,New,12,2060.0
2/7/18,SOUTH AMERICA,Retail,C4,Existing,184,9815.0
2/7/18,USA,Shopify,F3,Existing,675,150798.0
2/7/18,AFRICA,Shopify,C4,New,47,8538.0
2/7/18,EUROPE,Shopify,null,New,10,3391.0
2/7/18,SOUTH AMERICA,Shopify,F2,New,12,1738.0
2/7/18,CANADA,Retail,null,Existing,6171,312208.0
2/7/18,OCEANIA,Shopify,C3,New,351,58519.0
2/7/18,AFRICA,Retail,C3,Existing,231863,12400256.0
2/7/18,EUROPE,Retail,F2,New,1829,90096.0
2/7/18,USA,Retail,C3,New,40596,1668196.0
2/7/18,OCEANIA,Shopify,C1,New,277,36824.0
2/7/18,SOUTH AMERICA,Retail,C3,New,797,29844.0
2/7/18,CANADA,Retail,C4,New,10885,378137.0
2/7/18,SOUTH AMERICA,Shopify,C4,Existing,6,805.0
2/7/18,CANADA,Shopify,C3,Existing,393,72772.0
2/7/18,USA,Retail,C2,New,22341,823945.0
2/7/18,CANADA,Shopify,F1,Existing,429,78681.0
2/7/18,OCEANIA,Shopify,C1,Existing,1662,298344.0
2/7/18,SOUTH AMERICA,Retail,F3,New,335,12688.0
2/7/18,OCEANIA,Shopify,F3,New,165,26988.0
2/7/18,OCEANIA,Retail,C4,New,53960,1772871.0
2/7/18,CANADA,Shopify,C2,Existing,368,66012.0
2/7/18,ASIA,Shopify,F1,New,135,19694.0
2/7/18,CANADA,Retail,C1,Existing,49508,2162174.0
2/7/18,AFRICA,Shopify,F2,Existing,2855,587483.0
2/7/18,USA,Shopify,C4,Existing,98,21970.0
2/7/18,USA,Retail,null,New,19613,882433.0
2/7/18,AFRICA,Shopify,C3,New,186,31410.0
2/7/18,USA,Shopify,C2,Existing,820,172531.0
2/7/18,CANADA,Shopify,F3,Existing,356,72305.0
2/7/18,ASIA,Shopify,C1,New,156,19430.0
2/7/18,ASIA,Shopify,null,Guest,2401,392751.0
2/7/18,ASIA,Retail,C4,Existing,79747,3734124.0
2/7/18,EUROPE,Retail,null,New,3290,151164.0
2/7/18,EUROPE,Shopify,F2,Existing,141,35977.0
2/7/18,ASIA,Retail,F3,New,78874,2657739.0
2/7/18,SOUTH AMERICA,Retail,C1,Existing,2048,61358.0
2/7/18,ASIA,Retail,C4,New,44303,1321934.0
2/7/18,SOUTH AMERICA,Retail,C1,New,1867,44909.0
2/7/18,AFRICA,Shopify,C2,New,197,32363.0
2/7/18,USA,Shopify,F3,New,38,6701.0
2/7/18,OCEANIA,Retail,null,New,74978,2829134.0
2/7/18,SOUTH AMERICA,Shopify,null,Guest,850,167142.0
2/7/18,EUROPE,Retail,C4,New,1761,77161.0
2/7/18,AFRICA,Shopify,F3,New,96,17367.0
2/7/18,CANADA,Retail,null,Guest,434285,11773858.0
2/7/18,EUROPE,Shopify,F2,New,5,2017.0
2/7/18,EUROPE,Retail,C3,New,4362,193448.0
2/7/18,AFRICA,Retail,null,New,56933,2409638.0
2/7/18,ASIA,Retail,C1,Existing,142269,4965183.0
2/7/18,OCEANIA,Retail,F3,New,95767,3414909.0
2/7/18,EUROPE,Shopify,F3,New,1,75.0
2/7/18,AFRICA,Shopify,C3,Existing,1543,317247.0
2/7/18,AFRICA,Retail,F1,Existing,84592,4873913.0
2/7/18,CANADA,Shopify,F2,Existing,694,138990.0
2/7/18,USA,Shopify,C2,New,140,24498.0
2/7/18,EUROPE,Retail,C3,Existing,14493,823507.0
2/7/18,OCEANIA,Shopify,F2,Existing,3579,732475.0
2/7/18,USA,Shopify,null,Guest,1288,243203.0
2/7/18,SOUTH AMERICA,Retail,F3,Existing,1116,55827.0
2/7/18,USA,Shopify,C3,New,122,23875.0
2/7/18,EUROPE,Retail,null,Guest,124015,4199507.0
2/7/18,EUROPE,Retail,C1,New,4394,140318.0
2/7/18,ASIA,Shopify,C3,New,165,25804.0
2/7/18,USA,Shopify,null,Existing,109,25516.0
2/7/18,ASIA,Retail,null,New,58820,2114505.0
2/7/18,AFRICA,Retail,C4,Existing,91143,4948129.0
2/7/18,EUROPE,Retail,F1,Existing,6296,391032.0
2/7/18,CANADA,Retail,F3,Existing,72624,4301452.0
2/7/18,OCEANIA,Retail,F3,Existing,423685,24254378.0
2/7/18,ASIA,Retail,null,Existing,23375,1004596.0
2/7/18,CANADA,Retail,C1,New,29399,798980.0
2/7/18,SOUTH AMERICA,Retail,F2,Existing,945,45067.0
2/7/18,AFRICA,Shopify,C4,Existing,249,47126.0
2/7/18,ASIA,Retail,C2,New,71215,2011882.0
2/7/18,USA,Retail,C4,Existing,29820,1705994.0
2/7/18,SOUTH AMERICA,Shopify,F1,Existing,28,6484.0
2/7/18,EUROPE,Retail,F2,Existing,12339,824361.0
2/7/18,EUROPE,Shopify,C1,Existing,66,12104.0
2/7/18,CANADA,Shopify,C1,Existing,308,51161.0
2/7/18,SOUTH AMERICA,Retail,C2,Existing,609,24549.0
2/7/18,SOUTH AMERICA,Shopify,C4,New,3,418.0
2/7/18,USA,Retail,F2,Existing,75825,4721225.0
2/7/18,CANADA,Shopify,C4,Existing,47,8281.0
2/7/18,USA,Retail,C4,New,15730,602088.0
2/7/18,SOUTH AMERICA,Shopify,C1,Existing,39,8221.0
2/7/18,OCEANIA,Retail,F2,Existing,267183,14914829.0
2/7/18,OCEANIA,Retail,F1,Existing,119594,6363287.0
2/7/18,EUROPE,Shopify,F1,Existing,107,24290.0
2/7/18,AFRICA,Shopify,F1,New,122,18812.0
2/7/18,AFRICA,Retail,F2,Existing,236346,14472389.0
2/7/18,CANADA,Retail,C2,Existing,17137,783794.0
2/7/18,OCEANIA,Retail,C3,Existing,263158,13526914.0
2/7/18,EUROPE,Shopify,C3,Existing,88,29442.0
2/7/18,AFRICA,Shopify,C1,Existing,965,161419.0
2/7/18,OCEANIA,Shopify,C4,Existing,427,81007.0
2/7/18,CANADA,Retail,F2,Existing,50344,2903970.0
2/7/18,AFRICA,Retail,F3,Existing,327566,19856184.0
2/7/18,OCEANIA,Retail,F2,New,83569,3030975.0
2/7/18,SOUTH AMERICA,Shopify,null,New,45,8383.0
2/7/18,AFRICA,Shopify,F2,New,226,40597.0
2/7/18,SOUTH AMERICA,Retail,F2,New,371,15915.0
2/7/18,CANADA,Retail,F3,New,16957,641145.0
2/7/18,ASIA,Shopify,C3,Existing,1086,207980.0
2/7/18,USA,Retail,F3,New,24189,999039.0
2/7/18,AFRICA,Shopify,C2,Existing,1410,271097.0
2/7/18,AFRICA,Retail,C3,New,99835,3721612.0
2/7/18,USA,Retail,F3,Existing,109036,6992004.0
2/7/18,OCEANIA,Retail,C3,New,129209,4421584.0
2/7/18,EUROPE,Shopify,C3,New,4,981.0
2/7/18,OCEANIA,Shopify,F1,New,258,44734.0
2/7/18,EUROPE,Retail,null,Existing,2461,121519.0
2/7/18,USA,Shopify,F2,New,136,24133.0
2/7/18,CANADA,Shopify,C4,New,10,1257.0
2/7/18,CANADA,Retail,C3,Existing,47600,2525138.0
2/7/18,OCEANIA,Shopify,F2,New,348,61291.0
2/7/18,OCEANIA,Shopify,null,Guest,5008,907660.0
2/7/18,CANADA,Retail,F1,Existing,21262,1191148.0
2/7/18,AFRICA,Retail,null,Existing,27701,1359459.0
2/7/18,AFRICA,Retail,C1,Existing,152631,6128351.0
2/7/18,ASIA,Shopify,C4,Existing,170,29076.0
2/7/18,SOUTH AMERICA,Retail,null,Guest,376315,15129284.0
2/7/18,ASIA,Shopify,F2,New,190,32708.0
2/7/18,SOUTH AMERICA,Retail,C3,Existing,990,49236.0
2/7/18,USA,Retail,C2,Existing,31869,1642965.0
2/7/18,USA,Shopify,C4,New,21,3758.0
2/7/18,ASIA,Retail,C3,New,107425,3413981.0
2/7/18,CANADA,Retail,F2,New,16179,617176.0
2/7/18,SOUTH AMERICA,Shopify,F2,Existing,24,4570.0
2/7/18,CANADA,Shopify,C1,New,49,7681.0
2/7/18,OCEANIA,Shopify,C3,Existing,2477,497846.0
2/7/18,USA,Retail,C3,Existing,79875,4669146.0
2/7/18,EUROPE,Retail,C4,Existing,4584,263286.0
2/7/18,EUROPE,Retail,C2,New,2699,104972.0
2/7/18,AFRICA,Retail,C2,Existing,86746,3992057.0
2/7/18,OCEANIA,Shopify,C2,Existing,2631,508396.0
2/7/18,ASIA,Retail,F1,New,28597,968454.0
2/7/18,CANADA,Shopify,null,Guest,699,120046.0
2/7/18,OCEANIA,Retail,C1,Existing,199641,7685867.0
2/7/18,ASIA,Retail,null,Guest,1904231,47672971.0
2/7/18,AFRICA,Retail,F3,New,61543,2403843.0
2/7/18,AFRICA,Retail,F1,New,22860,873396.0
2/7/18,ASIA,Shopify,F1,Existing,1176,212819.0
2/7/18,EUROPE,Retail,F1,New,914,38691.0
2/7/18,ASIA,Retail,C2,Existing,93840,3760995.0
2/7/18,ASIA,Shopify,C4,New,29,4419.0
2/7/18,CANADA,Shopify,F1,New,56,9077.0
2/7/18,USA,Retail,F2,New,25101,1050236.0
2/7/18,SOUTH AMERICA,Retail,F1,Existing,501,27245.0
2/7/18,SOUTH AMERICA,Retail,C4,New,197,7492.0
2/7/18,CANADA,Shopify,null,New,57,10131.0
2/7/18,OCEANIA,Retail,C1,New,136827,3384911.0
2/7/18,EUROPE,Shopify,C1,New,9,1302.0
2/7/18,OCEANIA,Shopify,null,Existing,367,71943.0
2/7/18,CANADA,Retail,C3,New,25513,925549.0
2/7/18,OCEANIA,Retail,C4,Existing,114107,6014139.0
2/7/18,SOUTH AMERICA,Shopify,C3,Existing,53,10597.0
2/7/18,EUROPE,Shopify,C4,Existing,10,3922.0
2/7/18,USA,Retail,F1,Existing,32768,2012819.0
2/7/18,EUROPE,Shopify,C2,Existing,107,28954.0
2/7/18,OCEANIA,Retail,C2,Existing,120118,5008521.0
2/7/18,OCEANIA,Shopify,C4,New,62,9293.0
2/7/18,OCEANIA,Shopify,F3,Existing,2095,435727.0
2/7/18,ASIA,Shopify,null,Existing,173,30940.0
2/7/18,USA,Shopify,null,New,88,16227.0
2/7/18,AFRICA,Retail,null,Guest,1644933,47410247.0
2/7/18,USA,Shopify,F2,Existing,1359,289279.0
2/7/18,OCEANIA,Retail,null,Existing,36261,1610525.0
2/7/18,AFRICA,Shopify,F3,Existing,1450,316366.0
2/7/18,ASIA,Retail,F3,Existing,312167,16615371.0
2/7/18,OCEANIA,Retail,F1,New,37641,1331199.0
2/7/18,EUROPE,Shopify,F1,New,6,894.0
2/7/18,EUROPE,Shopify,null,Existing,15,3916.0
2/7/18,AFRICA,Shopify,null,Existing,209,42732.0
2/7/18,ASIA,Retail,F2,New,65282,2239658.0
2/7/18,EUROPE,Retail,C1,Existing,13659,644857.0
2/7/18,AFRICA,Retail,C2,New,50041,1643822.0
2/7/18,OCEANIA,Retail,null,Guest,2377138,62124771.0
2/7/18,EUROPE,Shopify,null,Guest,161,35453.0
2/7/18,SOUTH AMERICA,Retail,F1,New,219,7935.0
2/7/18,SOUTH AMERICA,Shopify,C2,New,28,4895.0
2/7/18,OCEANIA,Shopify,F1,Existing,2577,509700.0
2/7/18,ASIA,Shopify,F3,Existing,1014,204574.0
2/7/18,CANADA,Retail,C2,New,12698,409548.0
2/7/18,SOUTH AMERICA,Shopify,C2,Existing,82,17450.0
2/7/18,ASIA,Retail,C3,Existing,190358,8920939.0
2/7/18,USA,Shopify,C1,Existing,551,98577.0
2/7/18,SOUTH AMERICA,Retail,null,Existing,465,15830.0
2/7/18,OCEANIA,Retail,C2,New,86570,2514058.0
2/7/18,USA,Retail,F1,New,10613,443661.0
2/7/18,EUROPE,Shopify,C2,New,3,563.0
2/7/18,AFRICA,Shopify,null,Guest,2515,456939.0
2/7/18,CANADA,Shopify,F2,New,61,10334.0
2/7/18,USA,Shopify,C3,Existing,882,183867.0
2/7/18,ASIA,Shopify,C2,Existing,1185,214183.0
2/7/18,CANADA,Shopify,F3,New,26,4260.0
2/7/18,EUROPE,Shopify,F3,Existing,87,24309.0
2/7/18,CANADA,Retail,F1,New,7107,267940.0
2/7/18,USA,Shopify,F1,Existing,927,182416.0
2/7/18,ASIA,Shopify,F3,New,71,10758.0
2/7/18,ASIA,Shopify,F2,Existing,1686,326471.0
2/7/18,USA,Retail,null,Existing,9256,485057.0
2/7/18,ASIA,Retail,F1,Existing,78425,3927517.0
2/7/18,AFRICA,Retail,F2,New,63312,2498131.0
2/7/18,AFRICA,Shopify,F1,Existing,1619,306634.0
2/7/18,ASIA,Shopify,null,New,170,27395.0
2/7/18,USA,Retail,null,Guest,571425,17675530.0
2/7/18,EUROPE,Retail,F3,New,1829,82263.0
25/6/18,AFRICA,Retail,F1,Existing,83726,4784320.0
25/6/18,USA,Retail,C1,New,33483,980247.0
25/6/18,USA,Retail,C4,New,16156,610184.0
25/6/18,OCEANIA,Shopify,C4,New,62,9058.0
25/6/18,ASIA,Retail,C1,New,107161,2430726.0
25/6/18,CANADA,Shopify,F3,New,30,4494.0
25/6/18,EUROPE,Retail,F1,Existing,6379,411615.0
25/6/18,AFRICA,Retail,C4,New,42083,1498072.0
25/6/18,EUROPE,Retail,F1,New,999,42924.0
25/6/18,USA,Shopify,null,New,87,14335.0
25/6/18,OCEANIA,Retail,F2,New,86541,3053553.0
25/6/18,OCEANIA,Retail,C1,New,138541,3402800.0
25/6/18,EUROPE,Retail,F2,New,1978,98731.0
25/6/18,EUROPE,Shopify,C1,New,9,1539.0
25/6/18,AFRICA,Shopify,C4,Existing,231,41931.0
25/6/18,AFRICA,Shopify,C4,New,36,5977.0
25/6/18,AFRICA,Retail,null,New,55686,2303157.0
25/6/18,ASIA,Retail,C1,Existing,139692,4781297.0
25/6/18,ASIA,Shopify,C4,Existing,152,26129.0
25/6/18,SOUTH AMERICA,Shopify,C1,Existing,47,9957.0
25/6/18,SOUTH AMERICA,Shopify,C3,Existing,59,13031.0
25/6/18,SOUTH AMERICA,Shopify,C2,New,25,4080.0
25/6/18,AFRICA,Retail,F2,New,61524,2306973.0
25/6/18,CANADA,Retail,C2,New,13000,413182.0
25/6/18,SOUTH AMERICA,Shopify,C2,Existing,86,17831.0
25/6/18,ASIA,Shopify,F3,New,66,12307.0
25/6/18,OCEANIA,Shopify,F3,New,125,20453.0
25/6/18,CANADA,Shopify,F3,Existing,374,77985.0
25/6/18,OCEANIA,Retail,F3,Existing,435691,24996545.0
25/6/18,AFRICA,Shopify,F2,New,211,33563.0
25/6/18,ASIA,Shopify,null,New,151,23649.0
25/6/18,CANADA,Shopify,C1,Existing,325,55407.0
25/6/18,SOUTH AMERICA,Shopify,F3,New,2,307.0
25/6/18,AFRICA,Retail,C1,New,85729,2234500.0
25/6/18,ASIA,Shopify,null,Existing,149,27885.0
25/6/18,ASIA,Shopify,C4,New,24,3347.0
25/6/18,ASIA,Retail,F2,Existing,165311,8297875.0
25/6/18,SOUTH AMERICA,Shopify,F1,New,4,793.0
25/6/18,CANADA,Shopify,null,Guest,683,120340.0
25/6/18,USA,Shopify,F3,New,50,8577.0
25/6/18,EUROPE,Shopify,F2,Existing,143,33831.0
25/6/18,SOUTH AMERICA,Retail,C4,New,174,7356.0
25/6/18,OCEANIA,Shopify,C1,Existing,1626,289806.0
25/6/18,SOUTH AMERICA,Retail,null,New,1833,62243.0
25/6/18,AFRICA,Retail,C2,New,50130,1626236.0
25/6/18,AFRICA,Shopify,C1,Existing,961,163954.0
25/6/18,OCEANIA,Shopify,C4,Existing,415,75114.0
25/6/18,CANADA,Shopify,C3,New,52,8360.0
25/6/18,SOUTH AMERICA,Retail,C1,Existing,2053,57084.0
25/6/18,SOUTH AMERICA,Shopify,null,New,43,7758.0
25/6/18,EUROPE,Retail,F3,Existing,17008,1103704.0
25/6/18,CANADA,Shopify,F1,New,58,8636.0
25/6/18,ASIA,Shopify,C2,New,241,33131.0
25/6/18,ASIA,Retail,F3,New,77250,2547864.0
25/6/18,EUROPE,Shopify,F3,New,4,577.0
25/6/18,ASIA,Shopify,C1,Existing,626,102674.0
25/6/18,EUROPE,Retail,C1,New,4609,149138.0
25/6/18,CANADA,Retail,C1,New,30233,822356.0
25/6/18,USA,Shopify,C1,Existing,594,109946.0
25/6/18,EUROPE,Retail,null,Guest,125356,4242076.0
25/6/18,SOUTH AMERICA,Retail,C4,Existing,204,10552.0
25/6/18,CANADA,Shopify,C4,Existing,50,7651.0
25/6/18,ASIA,Shopify,C3,Existing,978,184592.0
25/6/18,USA,Retail,C3,New,41015,1672173.0
25/6/18,EUROPE,Retail,C4,New,1759,78511.0
25/6/18,OCEANIA,Retail,null,New,75624,2849696.0
25/6/18,SOUTH AMERICA,Retail,C2,Existing,598,26683.0
25/6/18,ASIA,Retail,C3,Existing,187127,8738789.0
25/6/18,USA,Shopify,C2,New,154,26824.0
25/6/18,CANADA,Retail,null,New,14745,608274.0
25/6/18,SOUTH AMERICA,Shopify,null,Existing,16,3499.0
25/6/18,USA,Shopify,C3,New,117,21378.0
25/6/18,CANADA,Shopify,C2,Existing,371,71114.0
25/6/18,AFRICA,Retail,F3,Existing,320215,18917331.0
25/6/18,SOUTH AMERICA,Retail,F1,Existing,512,27001.0
25/6/18,SOUTH AMERICA,Shopify,null,Guest,941,186687.0
25/6/18,OCEANIA,Shopify,C2,Existing,2579,495391.0
25/6/18,USA,Shopify,F1,Existing,992,198274.0
25/6/18,AFRICA,Shopify,F1,New,141,23955.0
25/6/18,ASIA,Shopify,null,Guest,2215,362831.0
25/6/18,USA,Shopify,C2,Existing,852,180084.0
25/6/18,CANADA,Shopify,F1,Existing,400,73791.0
25/6/18,OCEANIA,Shopify,C2,New,457,70410.0
25/6/18,USA,Shopify,F1,New,101,17804.0
25/6/18,OCEANIA,Shopify,null,Guest,4909,886397.0
25/6/18,USA,Retail,F3,Existing,113156,7339088.0
25/6/18,ASIA,Shopify,F2,Existing,1508,293192.0
25/6/18,SOUTH AMERICA,Retail,F2,New,392,14113.0
25/6/18,AFRICA,Shopify,F3,New,97,18254.0
25/6/18,CANADA,Shopify,F2,New,66,11552.0
25/6/18,AFRICA,Retail,F2,Existing,223922,12842306.0
25/6/18,ASIA,Retail,F2,New,62317,2056991.0
25/6/18,EUROPE,Shopify,null,Guest,149,36666.0
25/6/18,CANADA,Retail,null,Guest,444465,11898455.0
25/6/18,ASIA,Retail,C4,Existing,80234,3812138.0
25/6/18,CANADA,Retail,F2,Existing,52468,2995554.0
25/6/18,USA,Shopify,F2,New,115,20224.0
25/6/18,EUROPE,Retail,C1,Existing,14312,680840.0
25/6/18,OCEANIA,Retail,F2,Existing,279037,15158401.0
25/6/18,CANADA,Retail,C1,Existing,50333,2203439.0
25/6/18,EUROPE,Shopify,C2,Existing,113,31522.0
25/6/18,SOUTH AMERICA,Retail,F1,New,230,9473.0
25/6/18,ASIA,Shopify,F3,Existing,926,181791.0
25/6/18,OCEANIA,Shopify,F1,New,272,45843.0
25/6/18,AFRICA,Shopify,C2,Existing,1307,257011.0
25/6/18,SOUTH AMERICA,Retail,null,Guest,382531,15290107.0
25/6/18,OCEANIA,Retail,C2,Existing,121929,5052582.0
25/6/18,USA,Retail,F1,Existing,33874,2126186.0
25/6/18,ASIA,Shopify,F2,New,168,26513.0
25/6/18,SOUTH AMERICA,Retail,C2,New,635,21468.0
25/6/18,ASIA,Retail,C4,New,44869,1360266.0
25/6/18,SOUTH AMERICA,Shopify,F3,Existing,18,4671.0
25/6/18,AFRICA,Shopify,C3,New,179,31719.0
25/6/18,CANADA,Retail,F1,Existing,21692,1228824.0
25/6/18,USA,Shopify,C1,New,109,16287.0
25/6/18,CANADA,Shopify,C1,New,56,7479.0
25/6/18,USA,Retail,F2,New,25704,1044691.0
25/6/18,OCEANIA,Shopify,null,Existing,341,64697.0
25/6/18,SOUTH AMERICA,Retail,F3,New,340,12781.0
25/6/18,OCEANIA,Retail,C4,Existing,115395,6080231.0
25/6/18,CANADA,Retail,C3,New,26184,938392.0
25/6/18,USA,Shopify,C3,Existing,901,193426.0
25/6/18,EUROPE,Shopify,C4,Existing,8,2589.0
25/6/18,AFRICA,Shopify,F2,Existing,2551,527867.0
25/6/18,CANADA,Shopify,null,Existing,43,8045.0
25/6/18,ASIA,Retail,C2,New,70239,1947375.0
25/6/18,SOUTH AMERICA,Retail,null,Existing,417,16995.0
25/6/18,USA,Retail,F3,New,25225,1029085.0
25/6/18,EUROPE,Retail,F2,Existing,12995,865735.0
25/6/18,ASIA,Shopify,C2,Existing,1055,189722.0
25/6/18,OCEANIA,Shopify,C3,Existing,2430,490531.0
25/6/18,AFRICA,Shopify,C2,New,194,31208.0
25/6/18,USA,Shopify,null,Guest,1319,255432.0
25/6/18,USA,Retail,C1,Existing,47126,2144210.0
25/6/18,OCEANIA,Retail,F3,New,100229,3565999.0
25/6/18,CANADA,Shopify,C3,Existing,399,76181.0
25/6/18,CANADA,Retail,C4,Existing,21050,1109831.0
25/6/18,USA,Retail,null,New,19964,880686.0
25/6/18,CANADA,Retail,C4,New,11308,387252.0
25/6/18,USA,Shopify,C4,Existing,103,19202.0
25/6/18,EUROPE,Retail,null,New,3359,148551.0
25/6/18,AFRICA,Shopify,null,Guest,2339,427332.0
25/6/18,SOUTH AMERICA,Shopify,C4,Existing,9,1512.0
25/6/18,ASIA,Retail,null,New,56837,2008147.0
25/6/18,USA,Shopify,null,Existing,106,24546.0
25/6/18,USA,Retail,C4,Existing,29962,1710862.0
25/6/18,CANADA,Shopify,C2,New,55,8792.0
25/6/18,USA,Shopify,C4,New,24,4334.0
25/6/18,EUROPE,Retail,C4,Existing,4685,270323.0
25/6/18,SOUTH AMERICA,Retail,C3,Existing,940,46239.0
25/6/18,SOUTH AMERICA,Retail,C3,New,803,32404.0
25/6/18,AFRICA,Shopify,C3,Existing,1504,305064.0
25/6/18,CANADA,Retail,F1,New,7237,273410.0
25/6/18,SOUTH AMERICA,Shopify,F1,Existing,26,6105.0
25/6/18,OCEANIA,Retail,C1,Existing,201971,7767057.0
25/6/18,OCEANIA,Retail,C4,New,56254,1868502.0
25/6/18,EUROPE,Shopify,C4,New,2,351.0
25/6/18,SOUTH AMERICA,Shopify,C3,New,11,1662.0
25/6/18,ASIA,Retail,F1,Existing,76903,3805316.0
25/6/18,OCEANIA,Shopify,null,New,324,57987.0
25/6/18,OCEANIA,Retail,null,Existing,34405,1521003.0
25/6/18,EUROPE,Shopify,null,Existing,15,6587.0
25/6/18,EUROPE,Retail,F3,New,1910,82190.0
25/6/18,AFRICA,Retail,null,Existing,25459,1207888.0
25/6/18,USA,Retail,C2,New,22709,814784.0
25/6/18,EUROPE,Shopify,C1,Existing,66,13030.0
25/6/18,OCEANIA,Retail,C3,Existing,265529,13684262.0
25/6/18,EUROPE,Shopify,C3,Existing,107,28555.0
25/6/18,CANADA,Shopify,null,New,65,10405.0
25/6/18,CANADA,Retail,F3,Existing,75373,4490049.0
25/6/18,ASIA,Shopify,C3,New,152,24295.0
25/6/18,EUROPE,Shopify,F3,Existing,95,24061.0
25/6/18,CANADA,Retail,C3,Existing,48326,2568012.0
25/6/18,AFRICA,Retail,C3,New,100885,3739885.0
25/6/18,ASIA,Retail,C2,Existing,91034,3587807.0
25/6/18,SOUTH AMERICA,Shopify,C1,New,10,2770.0
25/6/18,USA,Retail,null,Existing,8755,463048.0
25/6/18,ASIA,Shopify,C1,New,147,18376.0
25/6/18,ASIA,Retail,null,Existing,21105,885815.0
25/6/18,ASIA,Shopify,F1,Existing,1117,200901.0
25/6/18,ASIA,Retail,F3,Existing,299325,15435775.0
25/6/18,AFRICA,Retail,C2,Existing,86071,3903411.0
25/6/18,OCEANIA,Retail,F1,New,38866,1363225.0
25/6/18,EUROPE,Shopify,F1,New,7,1524.0
25/6/18,AFRICA,Retail,C3,Existing,230311,12284532.0
25/6/18,USA,Retail,C2,Existing,32509,1678010.0
25/6/18,EUROPE,Shopify,F1,Existing,93,23466.0
25/6/18,OCEANIA,Retail,C2,New,88299,2513401.0
25/6/18,USA,Retail,F1,New,10944,457754.0
25/6/18,EUROPE,Shopify,C2,New,9,1305.0
25/6/18,CANADA,Retail,null,Existing,6017,300916.0
25/6/18,OCEANIA,Shopify,C3,New,330,54056.0
25/6/18,SOUTH AMERICA,Retail,F3,Existing,1040,52609.0
25/6/18,AFRICA,Shopify,C1,New,144,24949.0
25/6/18,ASIA,Retail,C3,New,105944,3363509.0
25/6/18,EUROPE,Retail,C2,Existing,8632,440274.0
25/6/18,OCEANIA,Shopify,C1,New,307,43259.0
25/6/18,EUROPE,Shopify,F2,New,2,440.0
25/6/18,CANADA,Retail,C2,Existing,17249,781083.0
25/6/18,CANADA,Shopify,C4,New,10,1171.0
25/6/18,CANADA,Retail,F2,New,16945,633015.0
25/6/18,SOUTH AMERICA,Shopify,F2,Existing,31,6255.0
25/6/18,EUROPE,Retail,null,Existing,2366,119007.0
25/6/18,USA,Retail,null,Guest,575757,17581490.0
25/6/18,CANADA,Shopify,F2,Existing,720,136428.0
25/6/18,AFRICA,Retail,F3,New,61582,2367537.0
25/6/18,USA,Retail,C3,Existing,80522,4742107.0
25/6/18,AFRICA,Shopify,F3,Existing,1385,291230.0
25/6/18,SOUTH AMERICA,Shopify,C4,New,3,346.0
25/6/18,ASIA,Retail,F1,New,28520,969548.0
25/6/18,EUROPE,Retail,C3,Existing,14388,833039.0
25/6/18,CANADA,Retail,F3,New,17868,673560.0
25/6/18,OCEANIA,Retail,C3,New,132581,4510759.0
25/6/18,EUROPE,Shopify,C3,New,8,1073.0
25/6/18,AFRICA,Shopify,null,Existing,171,35723.0
25/6/18,AFRICA,Retail,C1,Existing,151080,5985851.0
25/6/18,OCEANIA,Retail,F1,Existing,121579,6412949.0
25/6/18,AFRICA,Retail,C4,Existing,90639,4914683.0
25/6/18,EUROPE,Shopify,null,New,15,2826.0
25/6/18,SOUTH AMERICA,Shopify,F2,New,13,2346.0
25/6/18,EUROPE,Retail,C3,New,4610,210460.0
25/6/18,EUROPE,Retail,C2,New,2743,108496.0
25/6/18,AFRICA,Retail,null,Guest,1636930,46154511.0
25/6/18,USA,Shopify,F2,Existing,1441,314869.0
25/6/18,AFRICA,Shopify,F1,Existing,1597,302838.0
25/6/18,AFRICA,Retail,F1,New,22833,886488.0
25/6/18,OCEANIA,Shopify,F3,Existing,2053,430708.0
25/6/18,OCEANIA,Shopify,F2,New,315,52896.0
25/6/18,AFRICA,Shopify,null,New,205,35581.0
25/6/18,USA,Shopify,F3,Existing,668,152531.0
25/6/18,SOUTH AMERICA,Retail,C1,New,1906,44370.0
25/6/18,ASIA,Shopify,F1,New,172,25017.0
25/6/18,USA,Retail,F2,Existing,79526,4896922.0
25/6/18,SOUTH AMERICA,Retail,F2,Existing,934,45790.0
25/6/18,OCEANIA,Shopify,F2,Existing,3625,750447.0
25/6/18,ASIA,Retail,null,Guest,1880648,46194251.0
25/6/18,OCEANIA,Shopify,F1,Existing,2658,516576.0
25/6/18,OCEANIA,Retail,null,Guest,2406297,62201935.0
18/6/18,ASIA,Retail,null,Existing,20094,850432.0
18/6/18,ASIA,Shopify,F3,Existing,1007,197694.0
18/6/18,OCEANIA,Shopify,F1,New,304,48079.0
18/6/18,AFRICA,Shopify,C2,Existing,1346,259145.0
18/6/18,EUROPE,Shopify,C2,New,9,1356.0
18/6/18,ASIA,Retail,C2,New,70802,1955977.0
18/6/18,SOUTH AMERICA,Retail,F3,Existing,910,47811.0
18/6/18,USA,Retail,C3,New,40765,1662663.0
18/6/18,SOUTH AMERICA,Retail,F1,New,232,9473.0
18/6/18,OCEANIA,Retail,null,New,75369,2843857.0
18/6/18,AFRICA,Shopify,F1,New,139,23047.0
18/6/18,OCEANIA,Shopify,null,Existing,361,67618.0
18/6/18,USA,Shopify,F2,New,128,23077.0
18/6/18,ASIA,Shopify,null,Guest,2323,371060.0
18/6/18,SOUTH AMERICA,Retail,null,Guest,380688,15160887.0
18/6/18,ASIA,Shopify,F2,New,210,32768.0
18/6/18,USA,Retail,F3,New,24522,997110.0
18/6/18,EUROPE,Retail,F2,Existing,12948,828629.0
18/6/18,OCEANIA,Shopify,null,Guest,5315,961163.0
18/6/18,CANADA,Retail,C3,New,26142,959705.0
18/6/18,EUROPE,Shopify,C4,Existing,5,902.0
18/6/18,USA,Retail,F3,Existing,114349,7330858.0
18/6/18,CANADA,Retail,F1,New,7253,271923.0
18/6/18,SOUTH AMERICA,Shopify,F1,Existing,31,6678.0
18/6/18,USA,Shopify,C3,Existing,1025,210278.0
18/6/18,ASIA,Retail,F3,New,78309,2584766.0
18/6/18,OCEANIA,Shopify,C4,Existing,453,85501.0
18/6/18,CANADA,Shopify,C3,New,58,10315.0
18/6/18,USA,Retail,null,Existing,8094,421769.0
18/6/18,SOUTH AMERICA,Retail,null,Existing,444,15602.0
18/6/18,OCEANIA,Retail,C2,New,88362,2579875.0
18/6/18,USA,Retail,F1,New,10948,456644.0
18/6/18,AFRICA,Retail,C2,Existing,85499,3881100.0
18/6/18,EUROPE,Shopify,F1,New,5,860.0
18/6/18,CANADA,Retail,F1,Existing,21487,1211160.0
18/6/18,USA,Retail,C4,Existing,29282,1666337.0
18/6/18,OCEANIA,Retail,C1,Existing,204151,7861845.0
18/6/18,CANADA,Shopify,F1,New,58,9017.0
18/6/18,OCEANIA,Retail,F3,New,99837,3537336.0
18/6/18,USA,Shopify,null,Existing,93,19658.0
18/6/18,SOUTH AMERICA,Retail,F2,New,378,15311.0
18/6/18,AFRICA,Shopify,null,Guest,2376,425500.0
18/6/18,AFRICA,Shopify,C3,New,196,34585.0
18/6/18,CANADA,Shopify,F3,Existing,414,79162.0
18/6/18,AFRICA,Retail,F3,New,61483,2357121.0
18/6/18,SOUTH AMERICA,Shopify,C2,Existing,88,18209.0
18/6/18,CANADA,Shopify,C1,New,56,8134.0
18/6/18,AFRICA,Retail,null,New,54836,2265293.0
18/6/18,USA,Retail,C2,New,22498,803668.0
18/6/18,CANADA,Retail,C2,Existing,17280,795835.0
18/6/18,EUROPE,Retail,C1,Existing,14177,664600.0
18/6/18,USA,Retail,C2,Existing,32153,1658568.0
18/6/18,ASIA,Shopify,F3,New,86,13484.0
18/6/18,EUROPE,Shopify,F3,New,2,327.0
18/6/18,USA,Retail,F2,New,25776,1058214.0
18/6/18,AFRICA,Retail,null,Existing,23351,1107562.0
18/6/18,ASIA,Retail,C1,Existing,142026,4870238.0
18/6/18,AFRICA,Shopify,C3,Existing,1578,315628.0
18/6/18,EUROPE,Shopify,C1,Existing,69,13646.0
18/6/18,OCEANIA,Shopify,F3,Existing,2396,488271.0
18/6/18,ASIA,Shopify,null,Existing,151,28212.0
18/6/18,EUROPE,Retail,F1,New,1011,44510.0
18/6/18,AFRICA,Shopify,C2,New,205,31776.0
18/6/18,SOUTH AMERICA,Shopify,C2,New,29,5340.0
18/6/18,CANADA,Retail,C3,Existing,48369,2573164.0
18/6/18,ASIA,Retail,C2,Existing,92630,3661933.0
18/6/18,AFRICA,Shopify,F3,Existing,1438,302317.0
18/6/18,SOUTH AMERICA,Shopify,C3,Existing,53,11600.0
18/6/18,EUROPE,Shopify,C1,New,9,1030.0
18/6/18,USA,Retail,null,Guest,564303,17059012.0
18/6/18,CANADA,Shopify,F2,Existing,751,145593.0
18/6/18,AFRICA,Retail,C1,Existing,151761,5946149.0
18/6/18,OCEANIA,Retail,C2,Existing,122065,5118566.0
18/6/18,OCEANIA,Retail,F2,Existing,288966,15883778.0
18/6/18,SOUTH AMERICA,Retail,C3,Existing,874,41548.0
18/6/18,EUROPE,Shopify,null,Existing,10,2840.0
18/6/18,AFRICA,Retail,F1,New,22630,847409.0
18/6/18,ASIA,Shopify,null,New,166,26297.0
18/6/18,EUROPE,Shopify,F1,Existing,98,22527.0
18/6/18,EUROPE,Retail,C3,New,4415,197425.0
18/6/18,EUROPE,Retail,C2,Existing,8552,414396.0
18/6/18,OCEANIA,Shopify,F2,Existing,4077,820352.0
18/6/18,OCEANIA,Retail,C3,New,131853,4518036.0
18/6/18,EUROPE,Shopify,C3,New,9,1996.0
18/6/18,EUROPE,Retail,null,Guest,123260,4019488.0
18/6/18,CANADA,Retail,C1,New,30609,826425.0
18/6/18,OCEANIA,Retail,F2,New,87017,3112868.0
18/6/18,USA,Shopify,C4,Existing,104,19322.0
18/6/18,AFRICA,Retail,C1,New,86439,2219349.0
18/6/18,CANADA,Shopify,null,Guest,698,122037.0
18/6/18,OCEANIA,Retail,null,Existing,32422,1433817.0
18/6/18,USA,Shopify,null,Guest,1324,254111.0
18/6/18,OCEANIA,Shopify,F3,New,149,24270.0
18/6/18,SOUTH AMERICA,Shopify,C1,Existing,47,9378.0
18/6/18,OCEANIA,Retail,C3,Existing,265876,13722765.0
18/6/18,EUROPE,Shopify,C3,Existing,103,29986.0
18/6/18,ASIA,Shopify,C4,Existing,190,32007.0
18/6/18,AFRICA,Retail,C3,New,101417,3809105.0
18/6/18,AFRICA,Shopify,F3,New,97,16771.0
18/6/18,USA,Shopify,C2,Existing,901,189337.0
18/6/18,AFRICA,Retail,F2,New,61640,2266992.0
18/6/18,CANADA,Retail,C2,New,13075,416233.0
18/6/18,USA,Shopify,null,New,101,19742.0
18/6/18,AFRICA,Shopify,C4,Existing,232,42166.0
18/6/18,USA,Retail,F2,Existing,82729,5115228.0
18/6/18,SOUTH AMERICA,Retail,F2,Existing,916,45611.0
18/6/18,ASIA,Shopify,C4,New,39,5126.0
18/6/18,OCEANIA,Retail,null,Guest,2381963,61254136.0
18/6/18,OCEANIA,Retail,F1,New,38120,1330225.0
18/6/18,ASIA,Retail,F3,Existing,305986,15812417.0
18/6/18,ASIA,Retail,F1,New,28423,946829.0
18/6/18,USA,Shopify,F1,Existing,1042,207222.0
18/6/18,SOUTH AMERICA,Retail,C3,New,754,28100.0
18/6/18,CANADA,Retail,F2,New,16569,618063.0
18/6/18,SOUTH AMERICA,Shopify,F2,Existing,21,3941.0
18/6/18,ASIA,Shopify,C1,New,186,23680.0
18/6/18,SOUTH AMERICA,Retail,F3,New,314,11955.0
18/6/18,CANADA,Retail,C4,New,11994,453266.0
18/6/18,ASIA,Shopify,C2,Existing,1198,214792.0
18/6/18,OCEANIA,Shopify,C3,New,365,60353.0
18/6/18,USA,Retail,null,New,19786,880765.0
18/6/18,AFRICA,Shopify,null,Existing,197,41134.0
18/6/18,AFRICA,Shopify,F2,Existing,2616,527226.0
18/6/18,AFRICA,Retail,F2,Existing,226550,12695412.0
18/6/18,ASIA,Shopify,C3,Existing,1142,208196.0
18/6/18,AFRICA,Retail,C3,Existing,230883,12443714.0
18/6/18,AFRICA,Retail,C2,New,49963,1612884.0
18/6/18,ASIA,Shopify,F1,New,186,28471.0
18/6/18,EUROPE,Retail,C4,New,1806,80241.0
18/6/18,ASIA,Retail,C3,New,107670,3441752.0
18/6/18,SOUTH AMERICA,Shopify,F2,New,8,1482.0
18/6/18,EUROPE,Shopify,F3,Existing,107,31762.0
18/6/18,USA,Shopify,C4,New,19,3773.0
18/6/18,OCEANIA,Shopify,C1,Existing,1746,305528.0
18/6/18,EUROPE,Shopify,null,Guest,169,40363.0
18/6/18,OCEANIA,Retail,C1,New,139848,3441435.0
18/6/18,EUROPE,Retail,F2,New,1914,90633.0
18/6/18,USA,Retail,C4,New,15535,585020.0
18/6/18,OCEANIA,Shopify,C1,New,315,44482.0
18/6/18,EUROPE,Shopify,F2,New,3,651.0
18/6/18,USA,Retail,C1,New,33526,963560.0
18/6/18,OCEANIA,Retail,F1,Existing,122339,6486448.0
18/6/18,ASIA,Retail,C4,Existing,80307,3837630.0
18/6/18,EUROPE,Retail,C3,Existing,14373,824225.0
18/6/18,CANADA,Retail,null,Guest,438612,11620945.0
18/6/18,ASIA,Retail,F1,Existing,78102,3849727.0
18/6/18,CANADA,Shopify,F2,New,78,13047.0
18/6/18,SOUTH AMERICA,Shopify,null,Existing,19,4254.0
18/6/18,OCEANIA,Shopify,F2,New,447,72819.0
18/6/18,ASIA,Retail,F2,New,62875,2051876.0
18/6/18,AFRICA,Retail,null,Guest,1607347,44907107.0
18/6/18,AFRICA,Retail,F1,Existing,83298,4679278.0
18/6/18,SOUTH AMERICA,Shopify,F1,New,5,812.0
18/6/18,AFRICA,Shopify,F1,Existing,1617,302549.0
18/6/18,OCEANIA,Retail,C4,Existing,113852,6023914.0
18/6/18,CANADA,Shopify,C1,Existing,333,56398.0
18/6/18,EUROPE,Retail,null,New,3147,136090.0
18/6/18,ASIA,Retail,C3,Existing,188633,8886725.0
18/6/18,EUROPE,Retail,null,Existing,2184,104999.0
18/6/18,SOUTH AMERICA,Retail,F1,Existing,517,25928.0
18/6/18,EUROPE,Shopify,C2,Existing,111,28658.0
18/6/18,CANADA,Retail,C4,Existing,20995,1120194.0
18/6/18,SOUTH AMERICA,Retail,C4,New,186,7525.0
18/6/18,EUROPE,Retail,F3,Existing,17350,1086293.0
18/6/18,OCEANIA,Retail,C4,New,55791,1881965.0
18/6/18,USA,Shopify,C3,New,119,21373.0
18/6/18,EUROPE,Shopify,C4,New,2,387.0
18/6/18,USA,Shopify,C1,New,131,18755.0
18/6/18,SOUTH AMERICA,Shopify,C1,New,12,2067.0
18/6/18,SOUTH AMERICA,Shopify,null,New,50,9278.0
18/6/18,CANADA,Shopify,F3,New,35,5904.0
18/6/18,USA,Shopify,C1,Existing,558,104743.0
18/6/18,EUROPE,Retail,C2,New,2739,102178.0
18/6/18,USA,Shopify,C2,New,177,29102.0
18/6/18,SOUTH AMERICA,Retail,C1,New,1849,39321.0
18/6/18,USA,Retail,C3,Existing,79803,4679260.0
18/6/18,EUROPE,Retail,C4,Existing,4584,261018.0
18/6/18,SOUTH AMERICA,Retail,C2,Existing,557,23965.0
18/6/18,SOUTH AMERICA,Shopify,C4,New,2,439.0
18/6/18,ASIA,Shopify,C2,New,282,39276.0
18/6/18,OCEANIA,Shopify,C3,Existing,2658,522977.0
18/6/18,OCEANIA,Shopify,F1,Existing,2900,559317.0
18/6/18,OCEANIA,Retail,F3,Existing,442227,25347367.0
18/6/18,AFRICA,Shopify,F2,New,228,38763.0
18/6/18,SOUTH AMERICA,Retail,C4,Existing,202,9878.0
18/6/18,CANADA,Retail,null,New,14745,606125.0
18/6/18,CANADA,Shopify,C2,Existing,371,69800.0
18/6/18,CANADA,Retail,F3,Existing,74559,4424311.0
18/6/18,USA,Shopify,F2,Existing,1576,334947.0
18/6/18,ASIA,Shopify,F1,Existing,1194,212302.0
18/6/18,CANADA,Shopify,C4,Existing,55,9987.0
18/6/18,SOUTH AMERICA,Shopify,F3,New,1,80.0
18/6/18,OCEANIA,Shopify,null,New,340,57252.0
18/6/18,CANADA,Shopify,F1,Existing,450,83426.0
18/6/18,CANADA,Shopify,null,Existing,48,9134.0
18/6/18,EUROPE,Retail,F3,New,1841,80628.0
18/6/18,CANADA,Retail,null,Existing,5610,278976.0
18/6/18,AFRICA,Shopify,C1,Existing,986,166890.0
18/6/18,OCEANIA,Shopify,C2,New,481,76496.0
18/6/18,USA,Shopify,F1,New,112,18651.0
18/6/18,ASIA,Retail,F2,Existing,170420,8464278.0
18/6/18,SOUTH AMERICA,Shopify,C3,New,21,3273.0
18/6/18,ASIA,Retail,C1,New,109187,2486017.0
18/6/18,AFRICA,Shopify,C4,New,37,5845.0
18/6/18,SOUTH AMERICA,Retail,C1,Existing,2004,55071.0
18/6/18,ASIA,Retail,C4,New,45546,1394355.0
18/6/18,SOUTH AMERICA,Shopify,F3,Existing,19,4092.0
18/6/18,SOUTH AMERICA,Retail,C2,New,608,19556.0
18/6/18,ASIA,Retail,null,Guest,1874902,45742866.0
18/6/18,SOUTH AMERICA,Shopify,null,Guest,967,188761.0
18/6/18,OCEANIA,Shopify,C2,Existing,2784,540429.0
18/6/18,CANADA,Shopify,C3,Existing,413,80615.0
18/6/18,AFRICA,Shopify,C1,New,158,21662.0
18/6/18,CANADA,Retail,F3,New,17852,675620.0
18/6/18,AFRICA,Shopify,null,New,178,29865.0
18/6/18,USA,Shopify,F3,Existing,787,171013.0
18/6/18,AFRICA,Retail,F3,Existing,322117,18867353.0
18/6/18,CANADA,Retail,F2,Existing,51795,3006562.0
18/6/18,EUROPE,Shopify,null,New,17,3772.0
18/6/18,SOUTH AMERICA,Retail,null,New,1861,61451.0
18/6/18,CANADA,Shopify,null,New,62,10829.0
18/6/18,ASIA,Shopify,F2,Existing,1590,306649.0
18/6/18,USA,Retail,C1,Existing,47646,2126689.0
18/6/18,CANADA,Shopify,C4,New,11,2499.0
18/6/18,USA,Retail,F1,Existing,33813,2094249.0
18/6/18,OCEANIA,Shopify,C4,New,76,11301.0
18/6/18,AFRICA,Retail,C4,New,41914,1506931.0
18/6/18,CANADA,Shopify,C2,New,80,12594.0
18/6/18,EUROPE,Retail,C1,New,4644,146373.0
18/6/18,ASIA,Shopify,C1,Existing,709,112501.0
18/6/18,ASIA,Shopify,C3,New,196,30354.0
18/6/18,CANADA,Retail,C1,Existing,50435,2199296.0
18/6/18,SOUTH AMERICA,Shopify,C4,Existing,7,1483.0
18/6/18,AFRICA,Retail,C4,Existing,90010,4916648.0
18/6/18,EUROPE,Retail,F1,Existing,6557,409931.0
18/6/18,ASIA,Retail,null,New,56980,2009778.0
18/6/18,EUROPE,Shopify,F2,Existing,157,36241.0
18/6/18,USA,Shopify,F3,New,56,9418.0
11/6/18,CANADA,Shopify,C4,Existing,46,8872.0
11/6/18,CANADA,Retail,null,New,14520,599428.0
11/6/18,SOUTH AMERICA,Shopify,null,Existing,15,3376.0
11/6/18,CANADA,Shopify,F1,New,56,9067.0
11/6/18,EUROPE,Retail,F3,Existing,17247,1106388.0
11/6/18,SOUTH AMERICA,Retail,C4,Existing,195,11342.0
11/6/18,OCEANIA,Shopify,F3,New,155,26129.0
11/6/18,ASIA,Retail,C1,Existing,144996,4981850.0
11/6/18,ASIA,Retail,C1,New,110657,2503852.0
11/6/18,USA,Shopify,F3,New,49,7784.0
11/6/18,EUROPE,Shopify,F2,Existing,149,37087.0
11/6/18,USA,Shopify,null,Existing,80,21396.0
11/6/18,USA,Shopify,C2,New,152,25158.0
11/6/18,SOUTH AMERICA,Retail,F3,New,277,11434.0
11/6/18,CANADA,Shopify,null,Existing,27,5089.0
11/6/18,AFRICA,Retail,F2,Existing,233651,13407541.0
11/6/18,AFRICA,Shopify,C1,Existing,861,147672.0
11/6/18,AFRICA,Retail,null,New,55076,2295726.0
11/6/18,CANADA,Shopify,F3,New,27,4348.0
11/6/18,ASIA,Shopify,null,New,146,24241.0
11/6/18,CANADA,Shopify,F3,Existing,378,75934.0
11/6/18,OCEANIA,Retail,F2,Existing,290030,16319647.0
11/6/18,AFRICA,Shopify,C2,New,169,28537.0
11/6/18,ASIA,Shopify,F3,New,65,10046.0
11/6/18,CANADA,Retail,C2,New,13356,425176.0
11/6/18,SOUTH AMERICA,Shopify,C2,Existing,92,18162.0
11/6/18,SOUTH AMERICA,Shopify,C3,New,19,3833.0
11/6/18,EUROPE,Shopify,C4,New,2,315.0
11/6/18,CANADA,Retail,C4,Existing,20809,1112686.0
11/6/18,USA,Shopify,C3,New,111,18746.0
11/6/18,SOUTH AMERICA,Retail,C4,New,188,7553.0
11/6/18,SOUTH AMERICA,Retail,null,Existing,391,14155.0
11/6/18,USA,Shopify,C3,Existing,928,204864.0
11/6/18,AFRICA,Shopify,C1,New,156,20648.0
11/6/18,SOUTH AMERICA,Shopify,null,New,36,6992.0
11/6/18,CANADA,Retail,C2,Existing,17365,874977.0
11/6/18,OCEANIA,Shopify,C4,New,55,8892.0
11/6/18,AFRICA,Shopify,F1,New,124,19120.0
11/6/18,EUROPE,Retail,F1,New,1049,45937.0
11/6/18,USA,Retail,C4,New,15539,590874.0
11/6/18,SOUTH AMERICA,Shopify,F3,Existing,12,2823.0
11/6/18,AFRICA,Retail,F1,Existing,83908,4747642.0
11/6/18,AFRICA,Retail,C4,New,41831,1474258.0
11/6/18,USA,Retail,C4,Existing,29258,1661208.0
11/6/18,ASIA,Retail,null,New,57162,2025226.0
11/6/18,USA,Retail,F3,New,25124,1057265.0
11/6/18,EUROPE,Retail,F2,Existing,13214,872544.0
11/6/18,ASIA,Shopify,C2,Existing,1074,194891.0
11/6/18,AFRICA,Retail,C4,Existing,88829,4783369.0
11/6/18,USA,Shopify,null,New,86,16698.0
11/6/18,CANADA,Retail,F3,New,18125,692614.0
11/6/18,AFRICA,Retail,C1,Existing,152152,6065268.0
11/6/18,AFRICA,Shopify,null,New,168,29761.0
11/6/18,EUROPE,Retail,C1,Existing,14227,670490.0
11/6/18,SOUTH AMERICA,Retail,C3,New,847,33556.0
11/6/18,EUROPE,Shopify,null,New,10,2042.0
11/6/18,SOUTH AMERICA,Retail,C2,New,623,21615.0
11/6/18,CANADA,Retail,C1,Existing,50598,2239999.0
11/6/18,SOUTH AMERICA,Shopify,C2,New,24,5229.0
11/6/18,EUROPE,Retail,F1,Existing,6480,406698.0
11/6/18,ASIA,Shopify,C4,Existing,144,24213.0
11/6/18,OCEANIA,Retail,null,New,74352,2869364.0
11/6/18,USA,Retail,C2,New,22852,818381.0
11/6/18,OCEANIA,Retail,F3,New,101449,3629615.0
11/6/18,OCEANIA,Retail,null,Existing,29875,1344116.0
11/6/18,EUROPE,Shopify,null,Existing,13,2641.0
11/6/18,ASIA,Retail,F3,Existing,315608,16338668.0
11/6/18,OCEANIA,Shopify,F3,Existing,2209,466471.0
11/6/18,USA,Retail,F1,New,10813,457686.0
11/6/18,EUROPE,Shopify,C2,New,13,1807.0
11/6/18,OCEANIA,Retail,C1,Existing,205108,8089459.0
11/6/18,OCEANIA,Retail,F2,New,87871,3188543.0
11/6/18,SOUTH AMERICA,Shopify,C1,Existing,41,8956.0
11/6/18,AFRICA,Shopify,C3,New,185,34876.0
11/6/18,OCEANIA,Shopify,null,Existing,299,57675.0
11/6/18,OCEANIA,Retail,C4,Existing,112920,5976020.0
11/6/18,EUROPE,Shopify,C4,Existing,5,1263.0
11/6/18,OCEANIA,Retail,C3,New,133923,4653781.0
11/6/18,EUROPE,Shopify,C3,New,7,1083.0
11/6/18,USA,Retail,C1,Existing,47724,2172474.0
11/6/18,AFRICA,Shopify,null,Guest,3778,675764.0
11/6/18,CANADA,Shopify,C3,Existing,386,70884.0
11/6/18,OCEANIA,Retail,C3,Existing,265275,13818746.0
11/6/18,EUROPE,Shopify,C3,Existing,111,29083.0
11/6/18,CANADA,Retail,C1,New,31421,866655.0
11/6/18,CANADA,Shopify,F2,Existing,656,127191.0
11/6/18,EUROPE,Retail,C4,Existing,4464,247971.0
11/6/18,USA,Shopify,null,Guest,1898,370955.0
11/6/18,SOUTH AMERICA,Retail,C3,Existing,913,43580.0
11/6/18,CANADA,Retail,C3,New,26605,973450.0
11/6/18,ASIA,Retail,F3,New,79500,2601253.0
11/6/18,SOUTH AMERICA,Retail,F3,Existing,904,42687.0
11/6/18,CANADA,Retail,F2,New,16869,643833.0
11/6/18,USA,Retail,null,Guest,565723,17298594.0
11/6/18,EUROPE,Retail,null,Existing,1999,103002.0
11/6/18,ASIA,Retail,F2,Existing,178458,8950657.0
11/6/18,OCEANIA,Retail,C1,New,140340,3521233.0
11/6/18,EUROPE,Shopify,C1,New,8,1238.0
11/6/18,CANADA,Retail,F2,Existing,51839,3015554.0
11/6/18,ASIA,Retail,C4,Existing,79927,3735576.0
11/6/18,AFRICA,Retail,F3,New,61773,2364447.0
11/6/18,SOUTH AMERICA,Shopify,F2,Existing,26,5083.0
11/6/18,CANADA,Retail,C3,Existing,48028,2582650.0
11/6/18,OCEANIA,Retail,C2,New,88595,2594216.0
11/6/18,OCEANIA,Shopify,F2,Existing,3817,782355.0
11/6/18,ASIA,Shopify,null,Existing,125,22862.0
11/6/18,AFRICA,Shopify,C4,Existing,196,36422.0
11/6/18,AFRICA,Retail,F1,New,22919,863137.0
11/6/18,AFRICA,Retail,null,Existing,21472,1025535.0
11/6/18,ASIA,Retail,C2,Existing,93310,3688874.0
11/6/18,ASIA,Retail,C3,New,108451,3451215.0
11/6/18,AFRICA,Retail,null,Guest,1603810,45457692.0
11/6/18,SOUTH AMERICA,Shopify,F2,New,9,1447.0
11/6/18,OCEANIA,Retail,C4,New,56188,1869959.0
11/6/18,EUROPE,Retail,C2,Existing,8448,424744.0
11/6/18,CANADA,Shopify,C1,New,60,9492.0
11/6/18,AFRICA,Retail,C2,New,50246,1657858.0
11/6/18,AFRICA,Shopify,F3,Existing,1323,292720.0
11/6/18,USA,Retail,null,Existing,7495,395095.0
11/6/18,CANADA,Retail,F1,New,7354,281396.0
11/6/18,SOUTH AMERICA,Shopify,F1,Existing,21,5154.0
11/6/18,OCEANIA,Retail,F1,New,39029,1398343.0
11/6/18,EUROPE,Retail,null,Guest,120905,3997517.0
11/6/18,AFRICA,Retail,C3,Existing,228688,12219442.0
11/6/18,CANADA,Shopify,null,Guest,1034,183079.0
11/6/18,ASIA,Retail,C3,Existing,189363,8844241.0
11/6/18,OCEANIA,Shopify,C1,New,301,41795.0
11/6/18,OCEANIA,Shopify,C1,Existing,1597,288966.0
11/6/18,OCEANIA,Shopify,null,New,332,59992.0
11/6/18,SOUTH AMERICA,Retail,null,New,1887,67957.0
11/6/18,ASIA,Retail,F1,New,28568,949969.0
11/6/18,SOUTH AMERICA,Shopify,null,Guest,1029,200527.0
11/6/18,SOUTH AMERICA,Shopify,C3,Existing,48,11731.0
11/6/18,EUROPE,Retail,F2,New,1830,80675.0
11/6/18,USA,Retail,C1,New,33496,974570.0
11/6/18,AFRICA,Retail,C1,New,86925,2270402.0
11/6/18,USA,Retail,F2,Existing,82924,5297231.0
11/6/18,SOUTH AMERICA,Shopify,C4,New,4,516.0
11/6/18,EUROPE,Shopify,F3,Existing,96,29603.0
11/6/18,CANADA,Retail,null,Guest,442869,11943362.0
11/6/18,USA,Shopify,F3,Existing,748,168689.0
11/6/18,CANADA,Shopify,F1,Existing,384,72259.0
11/6/18,USA,Retail,C2,Existing,31881,1674382.0
11/6/18,EUROPE,Retail,C4,New,1714,78217.0
11/6/18,OCEANIA,Retail,F1,Existing,122303,6610714.0
11/6/18,EUROPE,Shopify,F1,Existing,119,27898.0
11/6/18,SOUTH AMERICA,Retail,F2,Existing,845,42154.0
11/6/18,USA,Shopify,F2,Existing,1469,317882.0
11/6/18,EUROPE,Retail,C1,New,4510,141389.0
11/6/18,SOUTH AMERICA,Shopify,F1,New,3,474.0
11/6/18,AFRICA,Shopify,F3,New,78,11700.0
11/6/18,USA,Shopify,C1,Existing,551,107708.0
11/6/18,USA,Retail,F2,New,26098,1097916.0
11/6/18,CANADA,Shopify,F2,New,75,12869.0
11/6/18,SOUTH AMERICA,Retail,C1,New,1830,42898.0
11/6/18,ASIA,Retail,F1,Existing,78548,3862038.0
11/6/18,AFRICA,Retail,C3,New,101911,3773700.0
11/6/18,EUROPE,Retail,C2,New,2673,101267.0
11/6/18,ASIA,Shopify,C3,Existing,1000,191115.0
11/6/18,ASIA,Retail,C2,New,71391,1982463.0
11/6/18,SOUTH AMERICA,Shopify,C1,New,13,1788.0
11/6/18,EUROPE,Retail,null,New,3118,140018.0
11/6/18,ASIA,Shopify,null,Guest,3323,554435.0
11/6/18,USA,Shopify,C1,New,122,18888.0
11/6/18,ASIA,Shopify,F3,Existing,908,176422.0
11/6/18,OCEANIA,Shopify,F1,New,269,45941.0
11/6/18,USA,Shopify,F2,New,111,20798.0
11/6/18,ASIA,Retail,null,Guest,1895619,46374089.0
11/6/18,OCEANIA,Retail,null,Guest,2376151,62744987.0
11/6/18,ASIA,Shopify,F1,New,139,20499.0
11/6/18,OCEANIA,Shopify,C3,Existing,2505,499003.0
11/6/18,AFRICA,Shopify,F1,Existing,1402,264516.0
11/6/18,CANADA,Shopify,C2,Existing,359,66093.0
11/6/18,AFRICA,Shopify,C4,New,33,4283.0
11/6/18,USA,Retail,F3,Existing,115300,7584275.0
11/6/18,OCEANIA,Shopify,F2,New,371,63701.0
11/6/18,EUROPE,Shopify,F3,New,2,165.0
11/6/18,SOUTH AMERICA,Shopify,C4,Existing,6,1131.0
11/6/18,OCEANIA,Shopify,null,Guest,7695,1405097.0
11/6/18,AFRICA,Retail,F2,New,61897,2308082.0
11/6/18,SOUTH AMERICA,Retail,C1,Existing,1973,56029.0
11/6/18,CANADA,Retail,null,Existing,5131,263917.0
11/6/18,OCEANIA,Shopify,C3,New,362,61774.0
11/6/18,SOUTH AMERICA,Retail,C2,Existing,601,25171.0
11/6/18,ASIA,Shopify,C3,New,151,24975.0
11/6/18,USA,Shopify,C4,New,15,2750.0
11/6/18,CANADA,Retail,C4,New,11672,410843.0
11/6/18,USA,Retail,C3,Existing,79335,4688696.0
11/6/18,USA,Shopify,C4,Existing,96,18580.0
11/6/18,USA,Shopify,C2,Existing,842,179999.0
11/6/18,AFRICA,Shopify,null,Existing,147,27988.0
11/6/18,AFRICA,Shopify,F2,New,203,35506.0
11/6/18,USA,Retail,F1,Existing,33610,2103267.0
11/6/18,OCEANIA,Retail,C2,Existing,121549,5275148.0
11/6/18,OCEANIA,Shopify,C4,Existing,409,76242.0
11/6/18,CANADA,Shopify,C3,New,68,10712.0
11/6/18,CANADA,Shopify,C2,New,57,9776.0
11/6/18,SOUTH AMERICA,Retail,F1,Existing,500,24734.0
11/6/18,EUROPE,Shopify,C2,Existing,112,32038.0
11/6/18,AFRICA,Shopify,F2,Existing,2481,505429.0
11/6/18,OCEANIA,Shopify,F1,Existing,2599,560894.0
11/6/18,AFRICA,Shopify,C2,Existing,1205,233158.0
11/6/18,CANADA,Shopify,C1,Existing,307,55002.0
11/6/18,AFRICA,Retail,F3,Existing,324986,19258180.0
11/6/18,ASIA,Shopify,F2,Existing,1446,274177.0
11/6/18,SOUTH AMERICA,Retail,F2,New,386,15710.0
11/6/18,CANADA,Shopify,null,New,51,8679.0
11/6/18,CANADA,Retail,F1,Existing,21648,1230114.0
11/6/18,SOUTH AMERICA,Retail,null,Guest,383972,15294732.0
11/6/18,ASIA,Shopify,F2,New,167,25171.0
11/6/18,OCEANIA,Shopify,C2,Existing,2635,505170.0
11/6/18,USA,Retail,null,New,19135,864993.0
11/6/18,OCEANIA,Shopify,C2,New,498,87193.0
11/6/18,USA,Shopify,F1,New,90,14242.0
11/6/18,ASIA,Retail,F2,New,64804,2111113.0
11/6/18,ASIA,Shopify,C1,New,151,22006.0
11/6/18,SOUTH AMERICA,Shopify,F3,New,2,247.0
11/6/18,USA,Retail,C3,New,40954,1679258.0
11/6/18,USA,Shopify,F1,Existing,904,179446.0
11/6/18,CANADA,Retail,F3,Existing,75164,4494744.0
11/6/18,ASIA,Retail,null,Existing,18860,789593.0
11/6/18,AFRICA,Retail,C2,Existing,85547,3935578.0
11/6/18,OCEANIA,Retail,F3,Existing,445335,26016926.0
11/6/18,ASIA,Shopify,F1,Existing,1055,190429.0
11/6/18,ASIA,Shopify,C2,New,229,34453.0
11/6/18,ASIA,Shopify,C4,New,30,3855.0
11/6/18,EUROPE,Retail,F3,New,1692,71480.0
11/6/18,SOUTH AMERICA,Retail,F1,New,213,7059.0
11/6/18,EUROPE,Retail,C3,Existing,14186,809932.0
11/6/18,EUROPE,Shopify,null,Guest,224,48298.0
11/6/18,AFRICA,Shopify,C3,Existing,1416,295585.0
11/6/18,EUROPE,Shopify,F1,New,6,2270.0
11/6/18,EUROPE,Shopify,F2,New,2,319.0
11/6/18,CANADA,Shopify,C4,New,8,1326.0
11/6/18,EUROPE,Shopify,C1,Existing,85,15372.0
11/6/18,ASIA,Retail,C4,New,45668,1391101.0
11/6/18,EUROPE,Retail,C3,New,4468,191428.0
11/6/18,ASIA,Shopify,C1,Existing,619,99690.0
4/6/18,OCEANIA,Shopify,null,Guest,4792,856954.0
4/6/18,USA,Retail,null,Guest,572744,17430358.0
4/6/18,EUROPE,Retail,null,Existing,1744,90749.0
4/6/18,USA,Retail,null,Existing,6552,338624.0
4/6/18,SOUTH AMERICA,Shopify,C4,New,3,608.0
4/6/18,AFRICA,Retail,C3,Existing,224184,11888324.0
4/6/18,ASIA,Retail,F1,Existing,78351,3860699.0
4/6/18,EUROPE,Shopify,null,Existing,13,3156.0
4/6/18,ASIA,Shopify,C4,New,29,4119.0
4/6/18,AFRICA,Retail,C2,New,50912,1611020.0
4/6/18,USA,Shopify,F1,Existing,1000,193013.0
4/6/18,AFRICA,Shopify,F3,Existing,1457,304043.0
4/6/18,ASIA,Shopify,F2,New,134,20111.0
4/6/18,EUROPE,Retail,C3,New,4353,190508.0
4/6/18,SOUTH AMERICA,Shopify,null,New,50,8557.0
4/6/18,AFRICA,Shopify,null,Guest,2623,479062.0
4/6/18,EUROPE,Retail,C1,Existing,13793,660944.0
4/6/18,SOUTH AMERICA,Retail,C3,Existing,949,46330.0
4/6/18,SOUTH AMERICA,Shopify,F2,Existing,18,3278.0
4/6/18,USA,Shopify,C3,Existing,996,208182.0
4/6/18,OCEANIA,Retail,F3,Existing,433283,25295650.0
4/6/18,EUROPE,Shopify,F3,Existing,96,27450.0
4/6/18,EUROPE,Retail,C2,New,2763,102197.0
4/6/18,CANADA,Retail,C4,New,10979,383314.0
4/6/18,AFRICA,Shopify,F2,Existing,2794,574447.0
4/6/18,CANADA,Shopify,C4,Existing,51,9098.0
4/6/18,EUROPE,Retail,F3,New,1649,68874.0
4/6/18,ASIA,Retail,F2,New,65166,2129350.0
4/6/18,ASIA,Shopify,C1,New,151,19407.0
4/6/18,USA,Shopify,F2,Existing,1570,324667.0
4/6/18,OCEANIA,Shopify,F2,New,312,52156.0
4/6/18,AFRICA,Retail,C3,New,100371,3658363.0
4/6/18,AFRICA,Retail,F3,Existing,323035,18960302.0
4/6/18,AFRICA,Shopify,F2,New,214,35244.0
4/6/18,SOUTH AMERICA,Retail,F2,New,321,12739.0
4/6/18,SOUTH AMERICA,Shopify,C1,New,19,3090.0
4/6/18,OCEANIA,Retail,C3,New,130460,4528994.0
4/6/18,ASIA,Retail,F1,New,28795,965704.0
4/6/18,CANADA,Retail,F1,Existing,20085,1152276.0
4/6/18,SOUTH AMERICA,Retail,C1,New,1872,40963.0
4/6/18,EUROPE,Retail,F3,Existing,16641,1061363.0
4/6/18,CANADA,Retail,null,New,13109,550332.0
4/6/18,ASIA,Retail,F3,Existing,312025,16291305.0
4/6/18,EUROPE,Shopify,F1,New,6,1457.0
4/6/18,OCEANIA,Retail,F1,Existing,120419,6437696.0
4/6/18,EUROPE,Shopify,F1,Existing,88,20366.0
4/6/18,OCEANIA,Retail,F1,New,38212,1336703.0
4/6/18,OCEANIA,Shopify,C3,Existing,2409,494802.0
4/6/18,CANADA,Retail,F2,New,15651,607760.0
4/6/18,CANADA,Shopify,null,Existing,31,5344.0
4/6/18,AFRICA,Retail,C2,Existing,84442,3809465.0
4/6/18,EUROPE,Retail,C2,Existing,8244,402367.0
4/6/18,CANADA,Shopify,C1,New,55,7721.0
4/6/18,AFRICA,Shopify,C4,Existing,232,42021.0
4/6/18,USA,Retail,F2,Existing,81978,5119429.0
4/6/18,USA,Shopify,C1,Existing,607,111185.0
4/6/18,USA,Retail,F2,New,25846,1057671.0
4/6/18,AFRICA,Shopify,F1,Existing,1554,292374.0
4/6/18,AFRICA,Shopify,null,Existing,170,31994.0
4/6/18,CANADA,Shopify,C2,New,62,9916.0
4/6/18,CANADA,Retail,F2,Existing,47480,2791326.0
4/6/18,CANADA,Shopify,C1,Existing,296,50960.0
4/6/18,OCEANIA,Shopify,C4,Existing,396,73568.0
4/6/18,SOUTH AMERICA,Shopify,C3,New,19,3710.0
4/6/18,OCEANIA,Shopify,C1,Existing,1528,266610.0
4/6/18,ASIA,Retail,C1,New,110166,2486850.0
4/6/18,OCEANIA,Shopify,C2,New,439,69228.0
4/6/18,USA,Retail,C2,New,22450,800087.0
4/6/18,CANADA,Retail,F3,New,17111,663412.0
4/6/18,EUROPE,Retail,F1,Existing,6430,393291.0
4/6/18,CANADA,Shopify,F1,New,61,7913.0
4/6/18,AFRICA,Retail,F1,New,23249,869539.0
4/6/18,USA,Shopify,C1,New,123,19187.0
4/6/18,ASIA,Shopify,null,New,151,24085.0
4/6/18,ASIA,Shopify,C2,Existing,1051,191161.0
4/6/18,USA,Retail,F3,New,25246,1037209.0
4/6/18,ASIA,Retail,C4,New,44911,1341643.0
4/6/18,USA,Shopify,C4,Existing,92,17652.0
4/6/18,OCEANIA,Retail,F2,Existing,282359,15921694.0
4/6/18,OCEANIA,Shopify,C4,New,68,9027.0
4/6/18,USA,Shopify,C4,New,24,3605.0
4/6/18,USA,Retail,F3,Existing,113928,7369145.0
4/6/18,ASIA,Retail,F2,Existing,177315,9022027.0
4/6/18,SOUTH AMERICA,Shopify,F3,Existing,17,2986.0
4/6/18,OCEANIA,Shopify,C1,New,272,35954.0
4/6/18,OCEANIA,Retail,C1,New,138104,3380788.0
4/6/18,EUROPE,Shopify,C1,New,10,1841.0
4/6/18,ASIA,Shopify,F1,New,153,23315.0
4/6/18,ASIA,Retail,null,Guest,1924148,47601107.0
4/6/18,SOUTH AMERICA,Retail,null,Existing,352,11115.0
4/6/18,OCEANIA,Shopify,null,Existing,252,49018.0
4/6/18,USA,Retail,C1,Existing,47240,2101527.0
4/6/18,USA,Shopify,F3,Existing,799,177194.0
4/6/18,ASIA,Shopify,F2,Existing,1470,281226.0
4/6/18,CANADA,Retail,C2,New,12137,394845.0
4/6/18,ASIA,Shopify,C4,Existing,161,27136.0
4/6/18,EUROPE,Shopify,C3,Existing,99,27151.0
4/6/18,USA,Retail,C4,Existing,29369,1665650.0
4/6/18,USA,Shopify,C3,New,115,19649.0
4/6/18,EUROPE,Retail,null,Guest,119098,3933619.0
4/6/18,CANADA,Shopify,F3,New,19,2972.0
4/6/18,AFRICA,Retail,C4,Existing,86552,4631754.0
4/6/18,AFRICA,Retail,null,New,53414,2184400.0
4/6/18,AFRICA,Shopify,F1,New,149,23367.0
4/6/18,SOUTH AMERICA,Shopify,C2,Existing,88,16316.0
4/6/18,AFRICA,Retail,F3,New,61746,2329823.0
4/6/18,OCEANIA,Retail,null,Existing,25674,1150047.0
4/6/18,EUROPE,Retail,C4,Existing,4244,237733.0
4/6/18,USA,Shopify,null,Guest,1441,266010.0
4/6/18,USA,Shopify,null,New,97,18084.0
4/6/18,ASIA,Shopify,C2,New,224,29609.0
4/6/18,AFRICA,Retail,F1,Existing,83960,4725136.0
4/6/18,OCEANIA,Shopify,null,New,279,46317.0
4/6/18,USA,Retail,C1,New,33500,964865.0
4/6/18,USA,Shopify,C2,Existing,889,186052.0
4/6/18,ASIA,Retail,C3,Existing,184932,8738062.0
4/6/18,OCEANIA,Retail,F2,New,86160,3093577.0
4/6/18,EUROPE,Shopify,F2,New,4,1125.0
4/6/18,USA,Retail,C2,Existing,31358,1631288.0
4/6/18,CANADA,Shopify,C3,Existing,377,69615.0
4/6/18,USA,Retail,C3,Existing,78497,4584414.0
4/6/18,CANADA,Retail,C4,Existing,19642,1042963.0
4/6/18,OCEANIA,Retail,F3,New,100019,3548973.0
4/6/18,ASIA,Retail,null,New,54329,1924468.0
4/6/18,USA,Shopify,null,Existing,84,20452.0
4/6/18,EUROPE,Shopify,F3,New,2,166.0
4/6/18,AFRICA,Retail,C1,New,87545,2254951.0
4/6/18,USA,Retail,C4,New,15793,589621.0
4/6/18,OCEANIA,Shopify,F3,New,146,27111.0
4/6/18,EUROPE,Retail,F2,Existing,12945,866909.0
4/6/18,USA,Shopify,C2,New,173,30454.0
4/6/18,SOUTH AMERICA,Shopify,C2,New,24,4217.0
4/6/18,ASIA,Retail,C1,Existing,142904,4950802.0
4/6/18,SOUTH AMERICA,Shopify,F2,New,7,1417.0
4/6/18,SOUTH AMERICA,Retail,C4,New,194,7321.0
4/6/18,OCEANIA,Retail,null,Guest,2398021,63074384.0
4/6/18,EUROPE,Shopify,null,Guest,158,37373.0
4/6/18,SOUTH AMERICA,Retail,null,Guest,383239,15095995.0
4/6/18,SOUTH AMERICA,Retail,null,New,1727,55807.0
4/6/18,ASIA,Shopify,F3,New,77,11810.0
4/6/18,OCEANIA,Shopify,F2,Existing,3528,721566.0
4/6/18,AFRICA,Shopify,C3,New,181,30436.0
4/6/18,AFRICA,Shopify,C2,Existing,1409,267182.0
4/6/18,CANADA,Shopify,null,New,47,7843.0
4/6/18,CANADA,Retail,C1,Existing,46792,2079950.0
4/6/18,SOUTH AMERICA,Shopify,C4,Existing,6,897.0
4/6/18,CANADA,Retail,null,Existing,4213,215433.0
4/6/18,OCEANIA,Shopify,C3,New,347,58389.0
4/6/18,CANADA,Retail,F3,Existing,69858,4228448.0
4/6/18,ASIA,Shopify,C3,Existing,1025,195120.0
4/6/18,ASIA,Retail,null,Existing,16664,701349.0
4/6/18,AFRICA,Shopify,C2,New,208,32389.0
4/6/18,ASIA,Shopify,C1,Existing,656,109452.0
4/6/18,AFRICA,Shopify,null,New,171,31594.0
4/6/18,SOUTH AMERICA,Shopify,F3,New,2,289.0
4/6/18,OCEANIA,Retail,C4,Existing,109767,5812133.0
4/6/18,EUROPE,Shopify,C4,Existing,6,1392.0
4/6/18,CANADA,Shopify,C3,New,55,9197.0
4/6/18,SOUTH AMERICA,Retail,F3,New,280,10787.0
4/6/18,EUROPE,Retail,C4,New,1627,72380.0
4/6/18,SOUTH AMERICA,Retail,C3,New,796,30155.0
4/6/18,OCEANIA,Retail,null,New,69495,2686875.0
4/6/18,EUROPE,Shopify,null,New,7,1807.0
4/6/18,AFRICA,Retail,F2,Existing,233590,13351676.0
4/6/18,AFRICA,Shopify,C4,New,36,6012.0
4/6/18,SOUTH AMERICA,Shopify,null,Existing,10,2433.0
4/6/18,ASIA,Retail,C2,Existing,92093,3691016.0
4/6/18,EUROPE,Shopify,C3,New,8,1307.0
4/6/18,EUROPE,Retail,C1,New,4565,143841.0
4/6/18,SOUTH AMERICA,Shopify,F1,New,5,749.0
4/6/18,EUROPE,Retail,F2,New,1859,82832.0
4/6/18,CANADA,Retail,C1,New,28845,812605.0
4/6/18,SOUTH AMERICA,Shopify,C1,Existing,43,8876.0
4/6/18,ASIA,Retail,C3,New,106850,3394128.0
4/6/18,CANADA,Shopify,null,Guest,634,107912.0
4/6/18,ASIA,Shopify,F1,Existing,1039,182710.0
4/6/18,AFRICA,Retail,null,Guest,1614912,45603939.0
4/6/18,SOUTH AMERICA,Retail,C4,Existing,213,11893.0
4/6/18,OCEANIA,Shopify,F1,Existing,2398,464256.0
4/6/18,CANADA,Retail,null,Guest,414921,11305312.0
4/6/18,SOUTH AMERICA,Retail,F1,New,239,10713.0
4/6/18,CANADA,Retail,F1,New,6842,267449.0
4/6/18,OCEANIA,Shopify,C2,Existing,2515,488696.0
4/6/18,EUROPE,Shopify,F2,Existing,149,36945.0
4/6/18,AFRICA,Retail,C4,New,41302,1430325.0
4/6/18,AFRICA,Retail,null,Existing,19260,912720.0
4/6/18,CANADA,Shopify,F2,Existing,664,125463.0
4/6/18,SOUTH AMERICA,Shopify,F1,Existing,28,5942.0
4/6/18,ASIA,Retail,F3,New,79674,2609117.0
4/6/18,OCEANIA,Retail,C4,New,54663,1816121.0
4/6/18,USA,Retail,null,New,18684,816880.0
4/6/18,USA,Shopify,F1,New,120,20404.0
4/6/18,SOUTH AMERICA,Retail,F3,Existing,880,43208.0
4/6/18,USA,Retail,C3,New,40478,1637433.0
4/6/18,AFRICA,Shopify,C3,Existing,1540,314628.0
4/6/18,EUROPE,Retail,null,New,2989,128650.0
4/6/18,AFRICA,Retail,F2,New,62228,2288325.0
4/6/18,AFRICA,Shopify,C1,New,169,23237.0
4/6/18,ASIA,Retail,C2,New,70795,1971041.0
4/6/18,ASIA,Shopify,null,Existing,109,20124.0
4/6/18,SOUTH AMERICA,Retail,F2,Existing,872,44199.0
4/6/18,USA,Shopify,F2,New,142,23084.0
4/6/18,OCEANIA,Retail,C1,Existing,199909,7809982.0
4/6/18,EUROPE,Shopify,C1,Existing,63,12067.0
4/6/18,AFRICA,Shopify,F3,New,79,12709.0
4/6/18,SOUTH AMERICA,Retail,C2,Existing,593,24814.0
4/6/18,AFRICA,Shopify,C1,Existing,1018,173530.0
4/6/18,CANADA,Retail,C3,New,24984,930704.0
4/6/18,OCEANIA,Retail,C3,Existing,256978,13444926.0
4/6/18,SOUTH AMERICA,Retail,F1,Existing,532,25270.0
4/6/18,CANADA,Shopify,C2,Existing,339,64934.0
4/6/18,USA,Retail,F1,Existing,33085,2048224.0
4/6/18,OCEANIA,Retail,C2,Existing,118078,5031450.0
4/6/18,EUROPE,Shopify,C2,Existing,113,32955.0
4/6/18,AFRICA,Retail,C1,Existing,151395,5941108.0
4/6/18,CANADA,Shopify,F3,Existing,360,72732.0
4/6/18,SOUTH AMERICA,Shopify,null,Guest,863,165882.0
4/6/18,USA,Shopify,F3,New,55,9053.0
4/6/18,ASIA,Retail,C4,Existing,78453,3675214.0
4/6/18,SOUTH AMERICA,Retail,C1,Existing,1986,56417.0
4/6/18,EUROPE,Retail,C3,Existing,13665,781760.0
4/6/18,CANADA,Shopify,F2,New,72,12048.0
4/6/18,ASIA,Shopify,C3,New,172,27541.0
4/6/18,OCEANIA,Retail,C2,New,87078,2543396.0
4/6/18,USA,Retail,F1,New,10818,457234.0
4/6/18,EUROPE,Shopify,C2,New,9,1480.0
4/6/18,EUROPE,Retail,F1,New,1026,45486.0
4/6/18,CANADA,Shopify,F1,Existing,371,70614.0
4/6/18,SOUTH AMERICA,Shopify,C3,Existing,53,11448.0
4/6/18,CANADA,Retail,C2,Existing,15515,728035.0
4/6/18,CANADA,Shopify,C4,New,11,1883.0
4/6/18,ASIA,Shopify,F3,Existing,938,182468.0
4/6/18,OCEANIA,Shopify,F1,New,284,44894.0
4/6/18,CANADA,Retail,C3,Existing,44640,2438662.0
4/6/18,ASIA,Shopify,null,Guest,2254,364634.0
4/6/18,SOUTH AMERICA,Retail,C2,New,613,18949.0
4/6/18,OCEANIA,Shopify,F3,Existing,2078,435243.0
28/5/18,OCEANIA,Shopify,F2,Existing,4218,857575.0
28/5/18,CANADA,Retail,C1,New,30721,830383.0
28/5/18,SOUTH AMERICA,Retail,F2,Existing,833,43034.0
28/5/18,CANADA,Retail,C4,New,11792,402822.0
28/5/18,USA,Shopify,C4,Existing,89,17808.0
28/5/18,SOUTH AMERICA,Shopify,C4,Existing,9,1438.0
28/5/18,CANADA,Shopify,C3,New,61,10163.0
28/5/18,EUROPE,Retail,F2,New,1928,91863.0
28/5/18,OCEANIA,Shopify,C1,Existing,1800,318004.0
28/5/18,SOUTH AMERICA,Shopify,F1,New,5,737.0
28/5/18,AFRICA,Retail,C3,Existing,225917,12146474.0
28/5/18,ASIA,Shopify,C1,New,152,18235.0
28/5/18,ASIA,Shopify,C2,New,228,30909.0
28/5/18,CANADA,Retail,null,New,15934,656497.0
28/5/18,SOUTH AMERICA,Shopify,null,Existing,17,3071.0
28/5/18,SOUTH AMERICA,Retail,C1,Existing,1864,53804.0
28/5/18,EUROPE,Retail,C3,Existing,13784,786982.0
28/5/18,SOUTH AMERICA,Retail,C4,Existing,200,10187.0
28/5/18,SOUTH AMERICA,Retail,C3,New,786,30942.0
28/5/18,OCEANIA,Shopify,C1,New,332,44086.0
28/5/18,AFRICA,Shopify,F2,Existing,2851,577899.0
28/5/18,USA,Retail,C1,New,32091,972624.0
28/5/18,OCEANIA,Shopify,C2,New,533,81985.0
28/5/18,USA,Shopify,F1,New,152,26449.0
28/5/18,USA,Retail,null,New,20625,957400.0
28/5/18,CANADA,Shopify,C2,Existing,376,67463.0
28/5/18,AFRICA,Retail,C1,New,87681,2326315.0
28/5/18,EUROPE,Shopify,F2,Existing,167,38039.0
28/5/18,USA,Shopify,F3,New,54,9366.0
28/5/18,SOUTH AMERICA,Shopify,null,Guest,993,193306.0
28/5/18,ASIA,Shopify,C3,New,168,25524.0
28/5/18,ASIA,Retail,F1,Existing,79724,4152648.0
28/5/18,AFRICA,Retail,F2,New,62807,2394158.0
28/5/18,AFRICA,Shopify,C1,Existing,1053,181582.0
28/5/18,EUROPE,Shopify,F1,Existing,112,26995.0
28/5/18,ASIA,Shopify,null,New,172,27661.0
28/5/18,OCEANIA,Retail,null,New,81128,3152502.0
28/5/18,CANADA,Retail,C4,Existing,21027,1116797.0
28/5/18,CANADA,Shopify,null,Existing,51,8126.0
28/5/18,ASIA,Retail,C4,New,45766,1379571.0
28/5/18,SOUTH AMERICA,Retail,C1,New,1788,40082.0
28/5/18,OCEANIA,Retail,F1,Existing,122752,7060800.0
28/5/18,SOUTH AMERICA,Retail,F1,New,241,10353.0
28/5/18,OCEANIA,Retail,C4,New,54931,1829187.0
28/5/18,OCEANIA,Shopify,C4,Existing,440,83148.0
28/5/18,USA,Retail,C3,New,39731,1698018.0
28/5/18,EUROPE,Retail,C2,Existing,8347,425238.0
28/5/18,OCEANIA,Shopify,F1,New,415,69503.0
28/5/18,ASIA,Shopify,F3,Existing,1033,202206.0
28/5/18,USA,Retail,C4,Existing,28468,1673914.0
28/5/18,CANADA,Shopify,C1,Existing,325,55376.0
28/5/18,SOUTH AMERICA,Shopify,F3,New,2,365.0
28/5/18,USA,Retail,F2,Existing,79969,5316774.0
28/5/18,ASIA,Retail,C2,New,71414,2004277.0
28/5/18,USA,Shopify,C2,New,174,29721.0
28/5/18,SOUTH AMERICA,Retail,null,Existing,437,14562.0
28/5/18,OCEANIA,Shopify,null,Existing,334,65199.0
28/5/18,AFRICA,Shopify,F1,New,179,28404.0
28/5/18,OCEANIA,Shopify,null,Guest,5797,1032258.0
28/5/18,USA,Retail,F3,New,25276,1077330.0
28/5/18,AFRICA,Shopify,C1,New,158,22626.0
28/5/18,ASIA,Retail,F3,Existing,319672,16671869.0
28/5/18,OCEANIA,Retail,F1,New,40792,1670773.0
28/5/18,EUROPE,Shopify,F1,New,8,1314.0
28/5/18,SOUTH AMERICA,Retail,C3,Existing,871,40833.0
28/5/18,EUROPE,Shopify,null,Existing,17,2836.0
28/5/18,CANADA,Retail,F3,New,18441,702821.0
28/5/18,CANADA,Shopify,C2,New,62,8842.0
28/5/18,AFRICA,Retail,C4,New,41182,1453692.0
28/5/18,ASIA,Shopify,C4,Existing,186,32089.0
28/5/18,EUROPE,Shopify,null,New,13,1644.0
28/5/18,AFRICA,Shopify,C2,New,198,32193.0
28/5/18,SOUTH AMERICA,Retail,C2,New,595,18529.0
28/5/18,OCEANIA,Retail,C4,Existing,111330,5921454.0
28/5/18,CANADA,Retail,C3,New,26283,952619.0
28/5/18,USA,Shopify,C3,Existing,980,211301.0
28/5/18,EUROPE,Shopify,C4,Existing,8,2102.0
28/5/18,USA,Retail,F2,New,25572,1105510.0
28/5/18,OCEANIA,Retail,F3,New,101909,3701240.0
28/5/18,EUROPE,Shopify,F3,New,4,521.0
28/5/18,USA,Retail,C2,Existing,31110,1693322.0
28/5/18,USA,Shopify,C4,New,16,2205.0
28/5/18,OCEANIA,Retail,F2,Existing,288382,16555964.0
28/5/18,CANADA,Retail,C1,Existing,50577,2231123.0
28/5/18,ASIA,Shopify,null,Guest,2391,376951.0
28/5/18,AFRICA,Retail,F2,Existing,237799,13909975.0
28/5/18,CANADA,Retail,C2,Existing,16829,788576.0
28/5/18,AFRICA,Retail,C2,Existing,86165,3993638.0
28/5/18,USA,Retail,F3,Existing,111389,7583169.0
28/5/18,USA,Retail,C3,Existing,76978,4732694.0
28/5/18,EUROPE,Retail,C4,Existing,4307,239687.0
28/5/18,ASIA,Shopify,C2,Existing,1187,217140.0
28/5/18,AFRICA,Retail,F3,New,63061,2433165.0
28/5/18,AFRICA,Retail,null,Existing,23824,1148273.0
28/5/18,AFRICA,Retail,F1,New,24198,999755.0
28/5/18,OCEANIA,Retail,null,Guest,2373800,64232172.0
28/5/18,EUROPE,Shopify,null,Guest,183,42878.0
28/5/18,OCEANIA,Shopify,null,New,382,66483.0
28/5/18,USA,Shopify,null,Existing,96,18714.0
28/5/18,AFRICA,Retail,C4,Existing,87720,4759954.0
28/5/18,ASIA,Retail,null,New,62807,2223083.0
28/5/18,EUROPE,Retail,F1,Existing,6338,412447.0
28/5/18,OCEANIA,Retail,C1,Existing,203197,7996654.0
28/5/18,CANADA,Shopify,F1,New,55,8860.0
28/5/18,SOUTH AMERICA,Shopify,C3,New,17,3001.0
28/5/18,AFRICA,Shopify,null,Existing,194,36997.0
28/5/18,USA,Retail,C1,Existing,46040,2176941.0
28/5/18,USA,Shopify,null,Guest,1484,285777.0
28/5/18,SOUTH AMERICA,Shopify,C2,Existing,96,19709.0
28/5/18,CANADA,Retail,C2,New,12898,417832.0
28/5/18,ASIA,Retail,C2,Existing,93017,3742256.0
28/5/18,ASIA,Shopify,C4,New,28,3841.0
28/5/18,ASIA,Retail,F2,Existing,182027,9276681.0
28/5/18,AFRICA,Shopify,null,Guest,2596,463544.0
28/5/18,CANADA,Retail,F1,Existing,21708,1251588.0
28/5/18,CANADA,Shopify,F3,New,24,4137.0
28/5/18,SOUTH AMERICA,Retail,null,Guest,382305,15353024.0
28/5/18,ASIA,Shopify,F2,New,178,27832.0
28/5/18,CANADA,Shopify,C3,Existing,401,77918.0
28/5/18,EUROPE,Retail,F2,Existing,13368,881980.0
28/5/18,EUROPE,Shopify,C1,Existing,71,14407.0
28/5/18,OCEANIA,Shopify,F3,Existing,2538,529834.0
28/5/18,ASIA,Shopify,null,Existing,148,28255.0
28/5/18,SOUTH AMERICA,Retail,null,New,1881,64986.0
28/5/18,CANADA,Retail,F2,New,16847,639864.0
28/5/18,SOUTH AMERICA,Shopify,F2,Existing,28,5601.0
28/5/18,AFRICA,Shopify,C4,New,38,6996.0
28/5/18,CANADA,Retail,F1,New,7511,315994.0
28/5/18,SOUTH AMERICA,Shopify,F1,Existing,24,5299.0
28/5/18,AFRICA,Shopify,C3,New,192,32948.0
28/5/18,CANADA,Shopify,F3,Existing,401,79663.0
28/5/18,USA,Retail,C2,New,21877,835812.0
28/5/18,AFRICA,Shopify,F1,Existing,1676,330393.0
28/5/18,SOUTH AMERICA,Shopify,F3,Existing,13,2405.0
28/5/18,ASIA,Shopify,F3,New,73,11355.0
28/5/18,EUROPE,Retail,F1,New,1105,53756.0
28/5/18,OCEANIA,Shopify,F1,Existing,3080,606987.0
28/5/18,AFRICA,Retail,F1,Existing,84943,5062331.0
28/5/18,CANADA,Shopify,C1,New,57,7460.0
28/5/18,EUROPE,Retail,C1,Existing,14220,674759.0
28/5/18,ASIA,Retail,C3,New,107126,3406278.0
28/5/18,ASIA,Shopify,F1,New,174,28157.0
28/5/18,AFRICA,Retail,C1,Existing,152483,6127882.0
28/5/18,AFRICA,Retail,null,New,61102,2551781.0
28/5/18,ASIA,Retail,C1,New,110381,2499600.0
28/5/18,EUROPE,Retail,C3,New,4344,190814.0
28/5/18,CANADA,Retail,C3,Existing,47196,2544642.0
28/5/18,CANADA,Shopify,null,Guest,669,112813.0
28/5/18,EUROPE,Shopify,F3,Existing,100,34705.0
28/5/18,ASIA,Retail,C1,Existing,144583,5064106.0
28/5/18,EUROPE,Retail,C2,New,2772,102999.0
28/5/18,SOUTH AMERICA,Shopify,F2,New,9,1581.0
28/5/18,ASIA,Shopify,C1,Existing,718,117423.0
28/5/18,AFRICA,Shopify,null,New,196,37566.0
28/5/18,ASIA,Retail,C3,Existing,187472,8866637.0
28/5/18,USA,Shopify,F3,Existing,773,169284.0
28/5/18,OCEANIA,Retail,C2,New,88605,2701754.0
28/5/18,USA,Retail,F1,New,11591,572145.0
28/5/18,EUROPE,Shopify,C2,New,9,1867.0
28/5/18,OCEANIA,Retail,F2,New,88102,3278109.0
28/5/18,OCEANIA,Shopify,F3,New,171,29596.0
28/5/18,SOUTH AMERICA,Retail,F1,Existing,532,27200.0
28/5/18,EUROPE,Shopify,C2,Existing,115,33395.0
28/5/18,SOUTH AMERICA,Retail,F3,Existing,907,46741.0
28/5/18,USA,Shopify,C3,New,137,24621.0
28/5/18,ASIA,Shopify,C3,Existing,1091,205215.0
28/5/18,USA,Retail,null,Guest,556026,17663982.0
28/5/18,SOUTH AMERICA,Retail,F2,New,334,11977.0
28/5/18,USA,Shopify,C2,Existing,888,190133.0
28/5/18,OCEANIA,Retail,null,Existing,32122,1457927.0
28/5/18,SOUTH AMERICA,Shopify,C3,Existing,55,11976.0
28/5/18,ASIA,Retail,F2,New,66257,2198177.0
28/5/18,SOUTH AMERICA,Retail,C2,Existing,513,21534.0
28/5/18,SOUTH AMERICA,Shopify,C4,New,1,40.0
28/5/18,AFRICA,Shopify,C4,Existing,243,44028.0
28/5/18,OCEANIA,Retail,C3,New,131626,4581513.0
28/5/18,EUROPE,Shopify,C3,New,8,2006.0
28/5/18,EUROPE,Retail,F3,Existing,16963,1096227.0
28/5/18,SOUTH AMERICA,Shopify,C1,Existing,41,8017.0
28/5/18,OCEANIA,Retail,C3,Existing,261286,13702321.0
28/5/18,EUROPE,Shopify,C3,Existing,115,28801.0
28/5/18,CANADA,Retail,null,Existing,5519,275421.0
28/5/18,OCEANIA,Shopify,C3,New,396,63149.0
28/5/18,ASIA,Retail,F3,New,81869,2683360.0
28/5/18,SOUTH AMERICA,Retail,F3,New,311,12221.0
28/5/18,CANADA,Shopify,F1,Existing,397,72543.0
28/5/18,AFRICA,Retail,null,Guest,1610564,46899443.0
28/5/18,USA,Shopify,F2,Existing,1545,332124.0
28/5/18,SOUTH AMERICA,Retail,C4,New,176,7000.0
28/5/18,CANADA,Shopify,F2,Existing,729,146653.0
28/5/18,SOUTH AMERICA,Shopify,null,New,54,9265.0
28/5/18,AFRICA,Shopify,F3,Existing,1485,324465.0
28/5/18,AFRICA,Retail,F3,Existing,329320,19766899.0
28/5/18,OCEANIA,Retail,F3,Existing,439577,25936971.0
28/5/18,ASIA,Retail,null,Existing,21733,908950.0
28/5/18,AFRICA,Shopify,F2,New,201,32827.0
28/5/18,ASIA,Shopify,F1,Existing,1241,228815.0
28/5/18,AFRICA,Shopify,C2,Existing,1377,266701.0
28/5/18,EUROPE,Shopify,F2,New,8,1651.0
28/5/18,EUROPE,Retail,null,New,3575,166673.0
28/5/18,SOUTH AMERICA,Shopify,C2,New,34,7045.0
28/5/18,USA,Retail,F1,Existing,33472,2326746.0
28/5/18,EUROPE,Retail,null,Existing,2149,110972.0
28/5/18,CANADA,Shopify,null,New,62,10454.0
28/5/18,CANADA,Retail,null,Guest,445046,12385273.0
28/5/18,AFRICA,Retail,C2,New,51510,1731029.0
28/5/18,USA,Retail,null,Existing,7735,429109.0
28/5/18,USA,Shopify,F2,New,133,25654.0
28/5/18,OCEANIA,Retail,C1,New,140067,3500242.0
28/5/18,EUROPE,Shopify,C1,New,9,1998.0
28/5/18,ASIA,Retail,null,Guest,1919904,48166047.0
28/5/18,OCEANIA,Retail,C2,Existing,120099,5170653.0
28/5/18,OCEANIA,Shopify,C4,New,68,10294.0
28/5/18,CANADA,Retail,F2,Existing,51629,2988108.0
28/5/18,AFRICA,Shopify,C3,Existing,1574,311280.0
28/5/18,ASIA,Retail,C4,Existing,80209,3792541.0
28/5/18,OCEANIA,Shopify,F2,New,419,72314.0
28/5/18,EUROPE,Retail,C1,New,4641,149134.0
28/5/18,CANADA,Shopify,C4,New,9,1465.0
28/5/18,USA,Retail,C4,New,15268,601405.0
28/5/18,OCEANIA,Shopify,C2,Existing,2913,566401.0
28/5/18,ASIA,Retail,F1,New,30548,1148910.0
28/5/18,USA,Shopify,F1,Existing,1047,209584.0
28/5/18,AFRICA,Retail,C3,New,100523,3754776.0
28/5/18,CANADA,Retail,F3,Existing,75309,4490779.0
28/5/18,SOUTH AMERICA,Shopify,C1,New,16,2475.0
28/5/18,USA,Shopify,C1,New,119,16177.0
28/5/18,EUROPE,Retail,F3,New,1740,76060.0
28/5/18,EUROPE,Retail,C4,New,1572,67708.0
28/5/18,CANADA,Shopify,F2,New,65,10382.0
28/5/18,AFRICA,Shopify,F3,New,90,15432.0
28/5/18,CANADA,Shopify,C4,Existing,47,7897.0
28/5/18,EUROPE,Retail,null,Guest,119213,3959951.0
28/5/18,OCEANIA,Shopify,C3,Existing,2768,567321.0
28/5/18,ASIA,Shopify,F2,Existing,1665,322146.0
28/5/18,USA,Shopify,C1,Existing,579,113183.0
28/5/18,USA,Shopify,null,New,115,24015.0
21/5/18,ASIA,Shopify,C4,Existing,164,27476.0
21/5/18,USA,Shopify,null,New,115,21068.0
21/5/18,OCEANIA,Retail,C1,Existing,203041,7781097.0
21/5/18,EUROPE,Shopify,C1,Existing,76,15907.0
21/5/18,AFRICA,Shopify,C4,Existing,218,40773.0
21/5/18,ASIA,Retail,null,New,62734,2172498.0
21/5/18,EUROPE,Retail,F1,Existing,6051,372903.0
21/5/18,USA,Retail,C1,Existing,47133,2149075.0
21/5/18,AFRICA,Shopify,C1,New,162,20920.0
21/5/18,EUROPE,Shopify,F2,New,7,1586.0
21/5/18,ASIA,Shopify,F3,New,67,10170.0
21/5/18,ASIA,Shopify,F1,New,126,17997.0
21/5/18,EUROPE,Shopify,C1,New,15,2199.0
21/5/18,SOUTH AMERICA,Retail,null,New,2013,62492.0
21/5/18,SOUTH AMERICA,Shopify,C2,Existing,100,19333.0
21/5/18,CANADA,Retail,C1,Existing,49753,2144631.0
21/5/18,EUROPE,Retail,F2,Existing,12613,820002.0
21/5/18,SOUTH AMERICA,Shopify,C3,New,17,2919.0
21/5/18,EUROPE,Shopify,C4,New,2,451.0
21/5/18,SOUTH AMERICA,Retail,F1,New,224,7490.0
21/5/18,CANADA,Retail,F3,New,18031,660500.0
21/5/18,AFRICA,Retail,F1,Existing,83025,4658478.0
21/5/18,EUROPE,Retail,C3,New,3951,169166.0
21/5/18,USA,Shopify,C4,Existing,109,20306.0
21/5/18,ASIA,Shopify,null,Existing,162,30578.0
21/5/18,AFRICA,Retail,C1,New,88412,2264303.0
21/5/18,OCEANIA,Shopify,F3,Existing,2270,469536.0
21/5/18,AFRICA,Shopify,C3,New,205,34346.0
21/5/18,SOUTH AMERICA,Retail,F3,Existing,928,43782.0
21/5/18,USA,Shopify,C3,New,116,19220.0
21/5/18,CANADA,Shopify,F3,Existing,341,66910.0
21/5/18,CANADA,Shopify,C2,New,55,8842.0
21/5/18,OCEANIA,Retail,C2,New,88095,2491437.0
21/5/18,CANADA,Shopify,null,Guest,630,108399.0
21/5/18,AFRICA,Shopify,F3,New,78,14001.0
21/5/18,EUROPE,Retail,F2,New,1648,67817.0
21/5/18,ASIA,Retail,C3,New,105893,3284958.0
21/5/18,AFRICA,Shopify,F3,Existing,1445,311368.0
21/5/18,CANADA,Retail,null,New,15715,630759.0
21/5/18,ASIA,Shopify,C2,New,204,28470.0
21/5/18,SOUTH AMERICA,Shopify,null,Existing,13,2419.0
21/5/18,EUROPE,Retail,C4,New,1375,56322.0
21/5/18,SOUTH AMERICA,Shopify,C1,Existing,43,8713.0
21/5/18,CANADA,Retail,F1,New,7247,285117.0
21/5/18,USA,Shopify,F1,Existing,923,179574.0
21/5/18,OCEANIA,Shopify,C2,Existing,2735,533422.0
21/5/18,CANADA,Retail,null,Existing,5508,267586.0
21/5/18,USA,Retail,null,New,20726,924826.0
21/5/18,EUROPE,Retail,C1,New,4191,133107.0
21/5/18,OCEANIA,Retail,null,New,81509,3016196.0
21/5/18,OCEANIA,Shopify,F1,New,245,37171.0
21/5/18,CANADA,Shopify,null,Existing,45,8014.0
21/5/18,SOUTH AMERICA,Retail,C2,Existing,558,22258.0
21/5/18,CANADA,Retail,F3,Existing,73922,4289215.0
21/5/18,AFRICA,Retail,C2,New,50250,1583716.0
21/5/18,OCEANIA,Shopify,null,Guest,5148,927931.0
21/5/18,USA,Retail,C4,New,15343,575772.0
21/5/18,AFRICA,Shopify,C2,New,200,30899.0
21/5/18,OCEANIA,Shopify,C4,Existing,392,72944.0
21/5/18,EUROPE,Retail,C1,Existing,13262,615671.0
21/5/18,USA,Shopify,F2,New,132,23435.0
21/5/18,SOUTH AMERICA,Retail,C4,Existing,204,9952.0
21/5/18,ASIA,Retail,F2,Existing,181671,9100851.0
21/5/18,SOUTH AMERICA,Retail,F3,New,361,12902.0
21/5/18,CANADA,Shopify,F3,New,24,3241.0
21/5/18,CANADA,Retail,C2,New,12729,399064.0
21/5/18,USA,Shopify,C2,Existing,830,178776.0
21/5/18,OCEANIA,Shopify,F3,New,141,24811.0
21/5/18,AFRICA,Shopify,C1,Existing,969,161280.0
21/5/18,OCEANIA,Retail,C1,New,141919,3440414.0
21/5/18,ASIA,Retail,C4,Existing,79006,3645951.0
21/5/18,EUROPE,Shopify,null,New,15,3130.0
21/5/18,USA,Retail,null,Existing,8081,432398.0
21/5/18,AFRICA,Retail,C3,New,99296,3588849.0
21/5/18,ASIA,Retail,F3,New,82875,2652286.0
21/5/18,OCEANIA,Shopify,C4,New,66,8835.0
21/5/18,EUROPE,Retail,F1,New,918,39546.0
21/5/18,OCEANIA,Shopify,F2,New,340,56913.0
21/5/18,USA,Retail,F3,Existing,113656,7410092.0
21/5/18,ASIA,Shopify,F2,Existing,1601,302861.0
21/5/18,EUROPE,Retail,null,New,3331,141719.0
21/5/18,ASIA,Retail,C1,New,111082,2490585.0
21/5/18,AFRICA,Shopify,C2,Existing,1346,266997.0
21/5/18,CANADA,Shopify,F2,Existing,675,134079.0
21/5/18,USA,Retail,F2,New,26446,1082258.0
21/5/18,CANADA,Retail,null,Guest,437034,11454192.0
21/5/18,ASIA,Retail,F2,New,67133,2159936.0
21/5/18,SOUTH AMERICA,Shopify,F1,New,2,208.0
21/5/18,ASIA,Shopify,null,Guest,2361,380245.0
21/5/18,SOUTH AMERICA,Shopify,C2,New,28,5391.0
21/5/18,USA,Shopify,F3,New,47,8524.0
21/5/18,SOUTH AMERICA,Shopify,F3,New,1,128.0
21/5/18,AFRICA,Retail,null,New,59811,2423606.0
21/5/18,SOUTH AMERICA,Retail,C3,New,818,31963.0
21/5/18,OCEANIA,Retail,F2,Existing,287614,15823156.0
21/5/18,OCEANIA,Shopify,C1,Existing,1744,305004.0
21/5/18,CANADA,Retail,C3,New,25368,894408.0
21/5/18,SOUTH AMERICA,Shopify,C3,Existing,55,12438.0
21/5/18,ASIA,Retail,C2,New,71173,1953405.0
21/5/18,CANADA,Retail,F1,Existing,20997,1220141.0
21/5/18,SOUTH AMERICA,Retail,C3,Existing,885,41139.0
21/5/18,AFRICA,Retail,C2,Existing,84195,3832060.0
21/5/18,CANADA,Retail,C2,Existing,16769,760233.0
21/5/18,CANADA,Shopify,F1,New,40,6577.0
21/5/18,CANADA,Shopify,F1,Existing,391,71897.0
21/5/18,SOUTH AMERICA,Shopify,C1,New,18,2309.0
21/5/18,OCEANIA,Retail,C2,Existing,120232,5072090.0
21/5/18,USA,Retail,F1,Existing,32888,2053556.0
21/5/18,EUROPE,Shopify,C2,Existing,111,31371.0
21/5/18,ASIA,Retail,C3,Existing,184347,8566788.0
21/5/18,OCEANIA,Retail,F3,Existing,441699,25121884.0
21/5/18,CANADA,Shopify,C2,Existing,352,68428.0
21/5/18,OCEANIA,Retail,F3,New,103609,3580630.0
21/5/18,EUROPE,Shopify,F3,New,2,396.0
21/5/18,AFRICA,Shopify,F2,Existing,2650,539286.0
21/5/18,ASIA,Shopify,C3,Existing,1082,211345.0
21/5/18,AFRICA,Shopify,C4,New,35,5261.0
21/5/18,EUROPE,Shopify,F1,New,6,1146.0
21/5/18,OCEANIA,Retail,F1,Existing,120733,6351481.0
21/5/18,ASIA,Shopify,null,New,174,27477.0
21/5/18,EUROPE,Shopify,F1,Existing,100,22503.0
21/5/18,ASIA,Retail,C4,New,45496,1347670.0
21/5/18,OCEANIA,Shopify,null,New,363,64370.0
21/5/18,EUROPE,Retail,C2,Existing,8043,390234.0
21/5/18,CANADA,Shopify,C1,New,55,6606.0
21/5/18,OCEANIA,Retail,C3,New,132803,4415258.0
21/5/18,SOUTH AMERICA,Shopify,F3,Existing,9,2050.0
21/5/18,CANADA,Retail,C4,Existing,20437,1053586.0
21/5/18,CANADA,Shopify,F2,New,64,9989.0
21/5/18,USA,Retail,F3,New,25757,1042819.0
21/5/18,ASIA,Retail,C1,Existing,144982,4987285.0
21/5/18,AFRICA,Shopify,F1,New,131,20596.0
21/5/18,USA,Retail,C4,Existing,28540,1631475.0
21/5/18,USA,Shopify,null,Existing,108,25019.0
21/5/18,AFRICA,Shopify,null,Guest,2524,448723.0
21/5/18,USA,Shopify,C1,Existing,559,105674.0
21/5/18,OCEANIA,Shopify,null,Existing,358,66796.0
21/5/18,EUROPE,Shopify,C4,Existing,7,3210.0
21/5/18,SOUTH AMERICA,Retail,null,Existing,489,15947.0
21/5/18,SOUTH AMERICA,Shopify,F1,Existing,17,3980.0
21/5/18,EUROPE,Retail,null,Guest,113841,3678765.0
21/5/18,OCEANIA,Shopify,C3,Existing,2560,523208.0
21/5/18,EUROPE,Retail,F3,Existing,15892,989314.0
21/5/18,CANADA,Shopify,C4,New,13,2048.0
21/5/18,SOUTH AMERICA,Retail,F1,Existing,523,24854.0
21/5/18,USA,Shopify,F1,New,100,16556.0
21/5/18,USA,Retail,C2,New,22398,815811.0
21/5/18,USA,Retail,C3,New,40146,1628991.0
21/5/18,ASIA,Shopify,C3,New,170,25427.0
21/5/18,ASIA,Shopify,C1,New,148,16578.0
21/5/18,SOUTH AMERICA,Retail,F2,New,345,12337.0
21/5/18,EUROPE,Shopify,null,Existing,17,3637.0
21/5/18,OCEANIA,Retail,F2,New,89486,3147089.0
21/5/18,AFRICA,Retail,C1,Existing,150899,5932781.0
21/5/18,AFRICA,Retail,F2,Existing,235068,13395441.0
21/5/18,USA,Shopify,C2,New,148,22031.0
21/5/18,EUROPE,Shopify,null,Guest,164,37301.0
21/5/18,ASIA,Retail,F3,Existing,319388,16486757.0
21/5/18,OCEANIA,Retail,F1,New,39378,1362599.0
21/5/18,CANADA,Shopify,C3,Existing,381,72545.0
21/5/18,ASIA,Shopify,F3,Existing,972,194622.0
21/5/18,CANADA,Retail,F2,New,16633,611755.0
21/5/18,SOUTH AMERICA,Shopify,F2,Existing,23,4631.0
21/5/18,SOUTH AMERICA,Retail,C4,New,188,7668.0
21/5/18,EUROPE,Retail,F3,New,1638,68159.0
21/5/18,USA,Retail,C2,Existing,31264,1637482.0
21/5/18,AFRICA,Shopify,C3,Existing,1476,305373.0
21/5/18,ASIA,Shopify,F1,Existing,1068,188138.0
21/5/18,AFRICA,Retail,F1,New,23262,856064.0
21/5/18,AFRICA,Retail,F3,Existing,324643,19049028.0
21/5/18,USA,Shopify,F3,Existing,796,178002.0
21/5/18,AFRICA,Shopify,null,Existing,194,37955.0
21/5/18,USA,Shopify,C1,New,112,14807.0
21/5/18,ASIA,Retail,null,Existing,22156,927659.0
21/5/18,AFRICA,Shopify,F2,New,197,30725.0
21/5/18,AFRICA,Retail,C3,Existing,220409,11637390.0
21/5/18,CANADA,Retail,C4,New,11139,372575.0
21/5/18,OCEANIA,Retail,C3,Existing,260581,13251767.0
21/5/18,EUROPE,Shopify,C3,Existing,111,30662.0
21/5/18,OCEANIA,Retail,C4,Existing,111985,5758040.0
21/5/18,USA,Shopify,C3,Existing,947,196339.0
21/5/18,ASIA,Retail,F1,New,28986,939230.0
21/5/18,SOUTH AMERICA,Shopify,null,Guest,832,160714.0
21/5/18,AFRICA,Retail,F3,New,63751,2366617.0
21/5/18,ASIA,Shopify,C2,Existing,1167,211545.0
21/5/18,EUROPE,Retail,C2,New,2590,94247.0
21/5/18,OCEANIA,Shopify,C3,New,363,60857.0
21/5/18,SOUTH AMERICA,Retail,F2,Existing,849,42666.0
21/5/18,OCEANIA,Retail,null,Existing,32873,1440638.0
21/5/18,AFRICA,Shopify,F1,Existing,1452,274179.0
21/5/18,SOUTH AMERICA,Retail,null,Guest,382954,14961019.0
21/5/18,USA,Retail,null,Guest,567282,17267796.0
21/5/18,ASIA,Shopify,F2,New,153,22992.0
21/5/18,EUROPE,Retail,null,Existing,1927,93234.0
21/5/18,AFRICA,Retail,F2,New,63049,2303519.0
21/5/18,AFRICA,Shopify,null,New,195,32938.0
21/5/18,OCEANIA,Shopify,C1,New,309,40530.0
21/5/18,EUROPE,Retail,C3,Existing,12999,735845.0
21/5/18,SOUTH AMERICA,Shopify,null,New,48,8194.0
21/5/18,AFRICA,Retail,C4,New,40544,1398357.0
21/5/18,ASIA,Retail,null,Guest,1907569,46473593.0
21/5/18,EUROPE,Shopify,C2,New,7,1235.0
21/5/18,CANADA,Retail,C1,New,30495,796546.0
21/5/18,USA,Retail,F2,Existing,82579,5211031.0
21/5/18,OCEANIA,Shopify,F2,Existing,3974,810850.0
21/5/18,USA,Retail,F1,New,11078,462670.0
21/5/18,ASIA,Retail,F1,Existing,78632,3867192.0
21/5/18,CANADA,Retail,C3,Existing,46278,2430418.0
21/5/18,ASIA,Shopify,C1,Existing,664,110858.0
21/5/18,AFRICA,Retail,C4,Existing,85420,4549120.0
21/5/18,AFRICA,Retail,null,Guest,1605454,44818650.0
21/5/18,SOUTH AMERICA,Retail,C1,Existing,1858,54304.0
21/5/18,SOUTH AMERICA,Shopify,F2,New,9,1225.0
21/5/18,USA,Retail,C3,Existing,77881,4624567.0
21/5/18,EUROPE,Shopify,F3,Existing,100,31573.0
21/5/18,EUROPE,Retail,C4,Existing,3875,218928.0
21/5/18,SOUTH AMERICA,Shopify,C4,Existing,7,933.0
21/5/18,OCEANIA,Shopify,C2,New,457,67916.0
21/5/18,OCEANIA,Retail,null,Guest,2393406,61201495.0
21/5/18,ASIA,Retail,C2,Existing,92434,3630092.0
21/5/18,USA,Shopify,null,Guest,1345,256678.0
21/5/18,ASIA,Shopify,C4,New,24,3394.0
21/5/18,CANADA,Shopify,C4,Existing,47,7948.0
21/5/18,SOUTH AMERICA,Retail,C2,New,581,18770.0
21/5/18,EUROPE,Shopify,C3,New,9,1851.0
21/5/18,AFRICA,Retail,null,Existing,24085,1133844.0
21/5/18,EUROPE,Shopify,F2,Existing,162,41562.0
21/5/18,CANADA,Retail,F2,Existing,50606,2891882.0
21/5/18,CANADA,Shopify,C1,Existing,301,50422.0
21/5/18,CANADA,Shopify,null,New,66,10714.0
21/5/18,OCEANIA,Shopify,F1,Existing,2594,497388.0
21/5/18,USA,Retail,C1,New,33475,971075.0
21/5/18,SOUTH AMERICA,Retail,C1,New,1741,38115.0
21/5/18,OCEANIA,Retail,C4,New,56142,1803724.0
21/5/18,CANADA,Shopify,C3,New,55,8815.0
21/5/18,USA,Shopify,F2,Existing,1547,327279.0
21/5/18,USA,Shopify,C4,New,26,4527.0
14/5/18,EUROPE,Shopify,F3,New,4,1230.0
14/5/18,ASIA,Retail,F1,New,29033,926512.0
14/5/18,EUROPE,Retail,C2,New,2596,98620.0
14/5/18,SOUTH AMERICA,Retail,F2,New,382,14717.0
14/5/18,USA,Retail,F2,New,26666,1123977.0
14/5/18,OCEANIA,Shopify,C3,Existing,2562,528168.0
14/5/18,EUROPE,Retail,C2,Existing,7904,394272.0
14/5/18,CANADA,Shopify,C1,New,43,5459.0
14/5/18,CANADA,Shopify,F2,Existing,662,128534.0
14/5/18,CANADA,Shopify,F2,New,51,8822.0
14/5/18,AFRICA,Retail,C3,New,97134,3506788.0
14/5/18,OCEANIA,Retail,C3,New,131531,4380378.0
14/5/18,EUROPE,Shopify,null,Existing,18,4605.0
14/5/18,CANADA,Retail,F2,Existing,51205,2945947.0
14/5/18,CANADA,Shopify,C4,New,8,1201.0
14/5/18,AFRICA,Retail,C2,Existing,83540,3832615.0
14/5/18,OCEANIA,Retail,F1,New,39200,1344032.0
14/5/18,EUROPE,Shopify,F1,New,4,535.0
14/5/18,OCEANIA,Retail,F1,Existing,122412,6457425.0
14/5/18,CANADA,Shopify,C1,Existing,316,53034.0
14/5/18,ASIA,Retail,null,Guest,1937710,46667311.0
14/5/18,USA,Shopify,F1,Existing,920,183838.0
14/5/18,OCEANIA,Shopify,C1,New,282,37924.0
14/5/18,SOUTH AMERICA,Shopify,null,New,41,7647.0
14/5/18,ASIA,Retail,F3,Existing,318415,16407962.0
14/5/18,USA,Retail,C1,New,33907,1001594.0
14/5/18,USA,Retail,F3,Existing,113566,7605539.0
14/5/18,EUROPE,Retail,null,New,3386,158249.0
14/5/18,SOUTH AMERICA,Retail,F1,Existing,540,25961.0
14/5/18,USA,Shopify,C4,New,19,2384.0
14/5/18,AFRICA,Retail,F1,Existing,83294,4708879.0
14/5/18,ASIA,Shopify,C4,New,29,4208.0
14/5/18,SOUTH AMERICA,Shopify,F2,Existing,23,4783.0
14/5/18,SOUTH AMERICA,Retail,C3,Existing,973,45933.0
14/5/18,CANADA,Shopify,C2,New,63,9862.0
14/5/18,OCEANIA,Retail,F2,New,89332,3167229.0
14/5/18,EUROPE,Shopify,F2,New,12,1891.0
14/5/18,ASIA,Shopify,C4,Existing,167,27306.0
14/5/18,EUROPE,Retail,C3,New,3876,159778.0
14/5/18,SOUTH AMERICA,Retail,C4,New,219,7857.0
14/5/18,USA,Shopify,null,New,100,17451.0
14/5/18,SOUTH AMERICA,Retail,C1,New,1759,38043.0
14/5/18,USA,Retail,null,Existing,9425,515185.0
14/5/18,EUROPE,Retail,F3,New,1619,68955.0
14/5/18,CANADA,Retail,F1,Existing,21281,1172534.0
14/5/18,EUROPE,Retail,F3,Existing,15782,1019956.0
14/5/18,AFRICA,Retail,F2,New,61777,2292793.0
14/5/18,EUROPE,Retail,C1,Existing,13493,639686.0
14/5/18,SOUTH AMERICA,Shopify,F1,Existing,23,5421.0
14/5/18,OCEANIA,Shopify,F2,Existing,3955,814562.0
14/5/18,AFRICA,Shopify,null,Guest,2461,433588.0
14/5/18,CANADA,Retail,C4,New,11585,385148.0
14/5/18,SOUTH AMERICA,Shopify,C4,New,2,389.0
14/5/18,USA,Shopify,C1,New,114,15608.0
14/5/18,EUROPE,Shopify,null,Guest,152,32325.0
14/5/18,AFRICA,Retail,F1,New,22927,844748.0
14/5/18,ASIA,Retail,F1,Existing,79914,3895500.0
14/5/18,ASIA,Shopify,C3,Existing,1022,202614.0
14/5/18,ASIA,Shopify,F3,New,81,12452.0
14/5/18,CANADA,Retail,C1,Existing,49890,2158815.0
14/5/18,SOUTH AMERICA,Shopify,C4,Existing,10,2431.0
14/5/18,AFRICA,Retail,C1,New,87908,2255571.0
14/5/18,ASIA,Retail,C3,Existing,185860,8606194.0
14/5/18,SOUTH AMERICA,Shopify,null,Existing,20,4473.0
14/5/18,ASIA,Shopify,C2,New,224,31167.0
14/5/18,AFRICA,Shopify,F2,Existing,2713,551965.0
14/5/18,ASIA,Retail,F2,Existing,182997,9136325.0
14/5/18,SOUTH AMERICA,Retail,null,Guest,384890,15245501.0
14/5/18,AFRICA,Retail,C3,Existing,219263,11689486.0
14/5/18,ASIA,Shopify,F2,New,141,22293.0
14/5/18,AFRICA,Shopify,F1,New,126,20736.0
14/5/18,AFRICA,Shopify,C1,New,162,22324.0
14/5/18,EUROPE,Shopify,C3,Existing,110,30644.0
14/5/18,CANADA,Shopify,null,New,48,8477.0
14/5/18,CANADA,Retail,F3,Existing,74430,4379923.0
14/5/18,AFRICA,Retail,C4,New,38467,1317766.0
14/5/18,EUROPE,Retail,C1,New,4252,133654.0
14/5/18,CANADA,Retail,F2,New,16923,614191.0
14/5/18,USA,Retail,C4,New,15271,576117.0
14/5/18,SOUTH AMERICA,Shopify,F1,New,6,659.0
14/5/18,ASIA,Shopify,C1,New,164,19714.0
14/5/18,AFRICA,Retail,C2,New,49646,1577615.0
14/5/18,OCEANIA,Retail,null,Guest,2421986,61979025.0
14/5/18,SOUTH AMERICA,Retail,null,New,1977,67154.0
14/5/18,USA,Shopify,F2,Existing,1528,330002.0
14/5/18,AFRICA,Retail,null,Guest,1608566,45106250.0
14/5/18,CANADA,Retail,null,Guest,443666,11579670.0
14/5/18,SOUTH AMERICA,Shopify,F3,New,4,727.0
14/5/18,OCEANIA,Retail,C4,New,55355,1762227.0
14/5/18,USA,Shopify,C3,New,120,22098.0
14/5/18,SOUTH AMERICA,Retail,C2,Existing,556,22331.0
14/5/18,CANADA,Retail,F1,New,7194,258409.0
14/5/18,OCEANIA,Shopify,C2,Existing,2698,524967.0
14/5/18,EUROPE,Retail,null,Existing,2441,122484.0
14/5/18,OCEANIA,Shopify,null,Guest,5159,929222.0
14/5/18,ASIA,Retail,C2,Existing,92707,3608266.0
14/5/18,AFRICA,Shopify,C3,Existing,1470,303780.0
14/5/18,OCEANIA,Shopify,F3,New,152,22950.0
14/5/18,ASIA,Shopify,null,New,191,30973.0
14/5/18,ASIA,Shopify,null,Existing,171,29759.0
14/5/18,OCEANIA,Retail,null,New,85735,3204604.0
14/5/18,EUROPE,Shopify,null,New,12,2262.0
14/5/18,EUROPE,Retail,F2,New,1574,69132.0
14/5/18,AFRICA,Shopify,F3,New,96,16362.0
14/5/18,USA,Shopify,F2,New,138,24911.0
14/5/18,USA,Retail,C3,New,40243,1659612.0
14/5/18,CANADA,Shopify,F1,Existing,385,70008.0
14/5/18,OCEANIA,Shopify,C1,Existing,1690,294627.0
14/5/18,EUROPE,Retail,F2,Existing,12559,832133.0
14/5/18,OCEANIA,Retail,C1,New,143571,3461311.0
14/5/18,SOUTH AMERICA,Retail,F3,New,358,12545.0
14/5/18,OCEANIA,Shopify,C4,Existing,395,82720.0
14/5/18,USA,Retail,null,Guest,571802,17648631.0
14/5/18,AFRICA,Shopify,F3,Existing,1487,318615.0
14/5/18,USA,Retail,C3,Existing,77920,4679279.0
14/5/18,CANADA,Shopify,C4,Existing,45,8237.0
14/5/18,CANADA,Retail,null,New,16363,653869.0
14/5/18,SOUTH AMERICA,Retail,F1,New,235,8165.0
14/5/18,AFRICA,Shopify,C2,Existing,1349,262372.0
14/5/18,USA,Retail,F2,Existing,83262,5444768.0
14/5/18,USA,Shopify,C1,Existing,586,118254.0
14/5/18,OCEANIA,Retail,F3,Existing,439150,25400456.0
14/5/18,AFRICA,Shopify,F2,New,214,35570.0
14/5/18,EUROPE,Shopify,F3,Existing,107,31922.0
14/5/18,SOUTH AMERICA,Shopify,C2,New,31,5311.0
14/5/18,EUROPE,Retail,null,Guest,113493,3720813.0
14/5/18,CANADA,Shopify,F3,New,25,3930.0
14/5/18,ASIA,Retail,C1,New,112084,2475442.0
14/5/18,CANADA,Retail,C2,New,12947,401461.0
14/5/18,EUROPE,Shopify,C3,New,4,1206.0
14/5/18,ASIA,Shopify,F2,Existing,1586,306998.0
14/5/18,EUROPE,Shopify,C1,New,14,3571.0
14/5/18,ASIA,Retail,C3,New,105550,3265408.0
14/5/18,ASIA,Shopify,F1,Existing,1066,191166.0
14/5/18,CANADA,Shopify,null,Guest,661,112970.0
14/5/18,SOUTH AMERICA,Retail,C3,New,789,28817.0
14/5/18,EUROPE,Retail,C4,New,1274,49115.0
14/5/18,ASIA,Retail,F3,New,82759,2652842.0
14/5/18,ASIA,Retail,null,Existing,26145,1090380.0
14/5/18,USA,Retail,C1,Existing,47440,2190935.0
14/5/18,SOUTH AMERICA,Shopify,C3,Existing,62,13393.0
14/5/18,AFRICA,Retail,F3,Existing,320852,19064049.0
14/5/18,CANADA,Retail,C1,New,31011,817354.0
14/5/18,SOUTH AMERICA,Shopify,C1,Existing,43,8983.0
14/5/18,USA,Retail,C4,Existing,28359,1630041.0
14/5/18,SOUTH AMERICA,Retail,C4,Existing,241,13526.0
14/5/18,OCEANIA,Retail,C1,Existing,204960,7878449.0
14/5/18,EUROPE,Shopify,C1,Existing,81,15233.0
14/5/18,AFRICA,Retail,F3,New,62122,2342862.0
14/5/18,EUROPE,Retail,C3,Existing,12915,729984.0
14/5/18,CANADA,Shopify,C2,Existing,377,71426.0
14/5/18,EUROPE,Shopify,F2,Existing,171,43170.0
14/5/18,USA,Shopify,F3,New,52,8711.0
14/5/18,ASIA,Retail,C4,New,45086,1310160.0
14/5/18,SOUTH AMERICA,Shopify,null,Guest,911,180698.0
14/5/18,SOUTH AMERICA,Shopify,F2,New,10,1813.0
14/5/18,ASIA,Shopify,C3,New,149,22995.0
14/5/18,USA,Retail,F3,New,26093,1100512.0
14/5/18,CANADA,Shopify,C3,New,70,12206.0
14/5/18,USA,Retail,null,New,22107,1010825.0
14/5/18,AFRICA,Retail,F2,Existing,233763,13510164.0
14/5/18,AFRICA,Shopify,C4,New,28,5247.0
14/5/18,SOUTH AMERICA,Retail,C2,New,566,17670.0
14/5/18,USA,Shopify,null,Existing,109,21081.0
14/5/18,CANADA,Shopify,F1,New,41,6728.0
14/5/18,AFRICA,Shopify,C1,Existing,973,164927.0
14/5/18,SOUTH AMERICA,Retail,F2,Existing,897,44120.0
14/5/18,SOUTH AMERICA,Retail,C1,Existing,1930,52921.0
14/5/18,CANADA,Shopify,C3,Existing,390,75966.0
14/5/18,ASIA,Retail,F2,New,66503,2124528.0
14/5/18,EUROPE,Retail,F1,Existing,5866,375380.0
14/5/18,AFRICA,Shopify,C4,Existing,210,38807.0
14/5/18,CANADA,Retail,C3,New,25641,909036.0
14/5/18,ASIA,Retail,C4,Existing,79499,3666991.0
14/5/18,OCEANIA,Shopify,C4,New,62,7494.0
14/5/18,AFRICA,Shopify,C2,New,182,29194.0
14/5/18,OCEANIA,Shopify,F1,New,224,36279.0
14/5/18,OCEANIA,Shopify,null,Existing,367,69676.0
14/5/18,EUROPE,Retail,C4,Existing,3832,210386.0
14/5/18,USA,Shopify,null,Guest,1292,241121.0
14/5/18,AFRICA,Retail,C4,Existing,83895,4490794.0
14/5/18,OCEANIA,Retail,F3,New,103320,3613388.0
14/5/18,ASIA,Retail,null,New,65339,2248190.0
14/5/18,AFRICA,Shopify,null,Existing,209,38676.0
14/5/18,USA,Retail,C2,New,23002,835924.0
14/5/18,CANADA,Retail,null,Existing,6668,326296.0
14/5/18,ASIA,Shopify,C2,Existing,1125,202667.0
14/5/18,CANADA,Retail,F3,New,18365,673881.0
14/5/18,USA,Shopify,F3,Existing,769,168452.0
14/5/18,SOUTH AMERICA,Shopify,F3,Existing,12,1989.0
14/5/18,OCEANIA,Shopify,F2,New,351,58187.0
14/5/18,USA,Shopify,C2,New,176,27334.0
14/5/18,ASIA,Retail,C2,New,71098,1914391.0
14/5/18,ASIA,Retail,C1,Existing,146142,4966047.0
14/5/18,USA,Shopify,C4,Existing,88,16974.0
14/5/18,USA,Retail,C2,Existing,31809,1691682.0
14/5/18,ASIA,Shopify,F1,New,125,20698.0
14/5/18,EUROPE,Retail,F1,New,920,38955.0
14/5/18,ASIA,Shopify,F3,Existing,965,197089.0
14/5/18,SOUTH AMERICA,Shopify,C1,New,17,2537.0
14/5/18,OCEANIA,Retail,C4,Existing,112294,5828547.0
14/5/18,CANADA,Retail,C2,Existing,16870,767427.0
14/5/18,CANADA,Shopify,null,Existing,55,9936.0
14/5/18,EUROPE,Shopify,F1,Existing,82,20445.0
14/5/18,OCEANIA,Retail,F2,Existing,290739,16228329.0
14/5/18,SOUTH AMERICA,Shopify,C3,New,15,2814.0
14/5/18,EUROPE,Shopify,C4,New,1,89.0
14/5/18,USA,Retail,F1,New,11056,474480.0
14/5/18,OCEANIA,Retail,C2,New,88623,2509850.0
14/5/18,EUROPE,Shopify,C4,Existing,7,1865.0
14/5/18,OCEANIA,Retail,null,Existing,38675,1717750.0
14/5/18,OCEANIA,Shopify,C2,New,437,68644.0
14/5/18,USA,Shopify,F1,New,113,19427.0
14/5/18,AFRICA,Retail,null,Existing,28301,1360374.0
14/5/18,AFRICA,Shopify,F1,Existing,1526,292128.0
14/5/18,OCEANIA,Shopify,C3,New,344,59038.0
14/5/18,SOUTH AMERICA,Retail,null,Existing,551,19004.0
14/5/18,AFRICA,Shopify,C3,New,191,29943.0
14/5/18,CANADA,Shopify,F3,Existing,378,74661.0
14/5/18,AFRICA,Shopify,null,New,212,36441.0
14/5/18,OCEANIA,Retail,C3,Existing,261074,13372004.0
14/5/18,OCEANIA,Shopify,F1,Existing,2457,478590.0
14/5/18,OCEANIA,Shopify,null,New,356,60652.0
14/5/18,CANADA,Retail,C3,Existing,46516,2442687.0
14/5/18,ASIA,Shopify,null,Guest,2252,359410.0
14/5/18,OCEANIA,Shopify,F3,Existing,2327,499049.0
14/5/18,CANADA,Retail,C4,Existing,20681,1071200.0
14/5/18,SOUTH AMERICA,Retail,F3,Existing,989,47885.0
14/5/18,OCEANIA,Retail,C2,Existing,120299,4999018.0
14/5/18,USA,Retail,F1,Existing,33265,2133364.0
14/5/18,EUROPE,Shopify,C2,Existing,111,26156.0
14/5/18,USA,Shopify,C2,Existing,825,171513.0
14/5/18,SOUTH AMERICA,Shopify,C2,Existing,96,19585.0
14/5/18,USA,Shopify,C3,Existing,924,200069.0
14/5/18,AFRICA,Retail,C1,Existing,150817,5948606.0
14/5/18,ASIA,Shopify,C1,Existing,693,113928.0
14/5/18,EUROPE,Shopify,C2,New,13,1848.0
14/5/18,AFRICA,Retail,null,New,61904,2556513.0
7/5/18,EUROPE,Retail,null,Existing,2512,118454.0
7/5/18,CANADA,Retail,C3,Existing,46802,2503403.0
7/5/18,OCEANIA,Shopify,F2,New,343,56525.0
7/5/18,SOUTH AMERICA,Retail,F2,New,354,14657.0
7/5/18,SOUTH AMERICA,Shopify,C1,New,17,2599.0
7/5/18,USA,Retail,null,Guest,568773,17391976.0
7/5/18,CANADA,Shopify,F2,Existing,694,136044.0
7/5/18,USA,Shopify,F1,Existing,921,183364.0
7/5/18,AFRICA,Retail,C3,New,98452,3630401.0
7/5/18,CANADA,Retail,F2,New,16757,619989.0
7/5/18,EUROPE,Retail,C2,Existing,7840,398166.0
7/5/18,SOUTH AMERICA,Shopify,F2,Existing,26,5449.0
7/5/18,EUROPE,Shopify,F3,Existing,96,30937.0
7/5/18,SOUTH AMERICA,Retail,C1,New,1764,39951.0
7/5/18,SOUTH AMERICA,Retail,C3,Existing,969,46408.0
7/5/18,OCEANIA,Retail,F1,Existing,122244,6543649.0
7/5/18,EUROPE,Retail,C3,New,3790,159836.0
7/5/18,EUROPE,Shopify,F1,Existing,92,20359.0
7/5/18,EUROPE,Retail,C2,New,2660,96227.0
7/5/18,CANADA,Shopify,C1,Existing,283,47667.0
7/5/18,AFRICA,Shopify,F2,New,220,36417.0
7/5/18,SOUTH AMERICA,Shopify,C4,New,3,536.0
7/5/18,USA,Retail,C3,Existing,77757,4661682.0
7/5/18,AFRICA,Retail,null,Existing,28926,1396563.0
7/5/18,ASIA,Retail,F1,New,29737,976284.0
7/5/18,OCEANIA,Retail,F3,Existing,439514,25516277.0
7/5/18,ASIA,Shopify,F1,Existing,1103,200485.0
7/5/18,CANADA,Shopify,null,Guest,688,118462.0
7/5/18,AFRICA,Shopify,C1,New,191,25779.0
7/5/18,EUROPE,Retail,null,New,3332,143888.0
7/5/18,OCEANIA,Shopify,C3,Existing,2536,518936.0
7/5/18,AFRICA,Shopify,F1,Existing,1513,290224.0
7/5/18,SOUTH AMERICA,Shopify,null,New,50,8077.0
7/5/18,AFRICA,Retail,F3,Existing,321410,19340602.0
7/5/18,CANADA,Retail,F2,Existing,51706,3012494.0
7/5/18,OCEANIA,Retail,C3,New,132711,4477119.0
7/5/18,EUROPE,Shopify,null,Existing,16,3995.0
7/5/18,CANADA,Retail,F1,Existing,21546,1228911.0
7/5/18,OCEANIA,Shopify,C4,New,58,7712.0
7/5/18,USA,Retail,F1,Existing,33317,2168166.0
7/5/18,AFRICA,Shopify,null,Guest,2838,516113.0
7/5/18,CANADA,Shopify,F2,New,57,8734.0
7/5/18,ASIA,Retail,F3,Existing,320084,16749175.0
7/5/18,OCEANIA,Retail,F1,New,39704,1378971.0
7/5/18,EUROPE,Shopify,F1,New,4,425.0
7/5/18,SOUTH AMERICA,Retail,C4,New,232,9590.0
7/5/18,CANADA,Retail,C1,Existing,49832,2193324.0
7/5/18,OCEANIA,Retail,F2,Existing,291538,16407663.0
7/5/18,USA,Shopify,C3,Existing,905,195036.0
7/5/18,CANADA,Shopify,C4,Existing,47,8592.0
7/5/18,USA,Retail,C4,Existing,28574,1631576.0
7/5/18,AFRICA,Retail,C2,Existing,83603,3902159.0
7/5/18,ASIA,Shopify,F2,Existing,1598,316822.0
7/5/18,CANADA,Shopify,C1,New,70,10003.0
7/5/18,USA,Retail,F2,New,26414,1108239.0
7/5/18,EUROPE,Retail,F3,Existing,15602,989622.0
7/5/18,OCEANIA,Shopify,null,New,363,61044.0
7/5/18,AFRICA,Retail,F2,Existing,235684,13855830.0
7/5/18,AFRICA,Retail,C3,Existing,220876,11965895.0
7/5/18,USA,Retail,F3,Existing,113164,7532908.0
7/5/18,USA,Shopify,C4,New,13,3011.0
7/5/18,ASIA,Retail,F3,New,83982,2720566.0
7/5/18,CANADA,Shopify,C3,New,52,7533.0
7/5/18,AFRICA,Retail,F1,Existing,83982,4851788.0
7/5/18,ASIA,Shopify,C4,New,24,3317.0
7/5/18,ASIA,Retail,F1,Existing,80722,4019483.0
7/5/18,OCEANIA,Retail,F2,New,89907,3219187.0
7/5/18,EUROPE,Shopify,F2,New,7,1620.0
7/5/18,CANADA,Shopify,F1,New,40,7053.0
7/5/18,SOUTH AMERICA,Shopify,C3,New,21,3916.0
7/5/18,EUROPE,Retail,F1,Existing,5849,373365.0
7/5/18,CANADA,Retail,C2,New,13052,414658.0
7/5/18,USA,Shopify,C1,New,137,19483.0
7/5/18,AFRICA,Shopify,C4,New,29,5386.0
7/5/18,OCEANIA,Shopify,C1,New,332,45304.0
7/5/18,AFRICA,Retail,F2,New,62461,2362346.0
7/5/18,CANADA,Shopify,F3,Existing,365,68964.0
7/5/18,USA,Retail,C3,New,39682,1624628.0
7/5/18,SOUTH AMERICA,Retail,C3,New,870,32477.0
7/5/18,CANADA,Retail,null,Existing,6821,337741.0
7/5/18,ASIA,Shopify,C2,Existing,1106,206943.0
7/5/18,OCEANIA,Shopify,C3,New,319,66752.0
7/5/18,USA,Retail,C2,New,22783,822490.0
7/5/18,SOUTH AMERICA,Retail,null,New,2056,65931.0
7/5/18,USA,Shopify,null,New,103,18476.0
7/5/18,CANADA,Shopify,null,Existing,48,8133.0
7/5/18,USA,Retail,null,Existing,9515,499443.0
7/5/18,AFRICA,Retail,F1,New,23186,877712.0
7/5/18,AFRICA,Shopify,null,New,201,34202.0
7/5/18,AFRICA,Retail,null,Guest,1603236,45446966.0
7/5/18,USA,Shopify,F2,Existing,1523,334679.0
7/5/18,SOUTH AMERICA,Retail,C4,Existing,306,14185.0
7/5/18,SOUTH AMERICA,Shopify,C2,New,32,5750.0
7/5/18,EUROPE,Retail,C4,New,1130,42856.0
7/5/18,EUROPE,Shopify,null,New,12,2432.0
7/5/18,OCEANIA,Retail,null,Guest,2421353,62183194.0
7/5/18,EUROPE,Shopify,null,Guest,164,36631.0
7/5/18,ASIA,Retail,F2,New,67670,2192280.0
7/5/18,CANADA,Retail,C4,Existing,20677,1085943.0
7/5/18,SOUTH AMERICA,Shopify,F3,New,2,475.0
7/5/18,AFRICA,Retail,C4,New,39667,1364997.0
7/5/18,ASIA,Retail,C3,Existing,188304,8836790.0
7/5/18,SOUTH AMERICA,Shopify,F1,Existing,24,6572.0
7/5/18,ASIA,Retail,C1,New,113554,2573019.0
7/5/18,OCEANIA,Retail,C1,New,144963,3521055.0
7/5/18,EUROPE,Retail,F2,New,1613,70184.0
7/5/18,EUROPE,Shopify,C1,New,13,1651.0
7/5/18,USA,Retail,C4,New,15170,564827.0
7/5/18,AFRICA,Shopify,C4,Existing,225,43479.0
7/5/18,CANADA,Retail,F1,New,7411,273159.0
7/5/18,SOUTH AMERICA,Shopify,F2,New,10,1651.0
7/5/18,OCEANIA,Retail,null,New,86385,3196932.0
7/5/18,SOUTH AMERICA,Shopify,F1,New,8,1246.0
7/5/18,OCEANIA,Retail,null,Existing,38991,1742168.0
7/5/18,ASIA,Retail,F2,Existing,185200,9439234.0
7/5/18,AFRICA,Retail,null,New,62167,2578025.0
7/5/18,CANADA,Shopify,C2,New,60,9431.0
7/5/18,ASIA,Shopify,F2,New,156,22134.0
7/5/18,ASIA,Shopify,F3,New,70,10395.0
7/5/18,ASIA,Retail,C1,Existing,145806,5046895.0
7/5/18,ASIA,Retail,null,Guest,1943943,47337829.0
7/5/18,OCEANIA,Retail,C3,Existing,262989,13605415.0
7/5/18,USA,Retail,C1,New,33716,994219.0
7/5/18,OCEANIA,Shopify,F1,New,265,40846.0
7/5/18,SOUTH AMERICA,Shopify,C4,Existing,6,1089.0
7/5/18,ASIA,Shopify,C1,Existing,654,114185.0
7/5/18,CANADA,Retail,C4,New,11393,384541.0
7/5/18,USA,Retail,F3,New,25705,1071436.0
7/5/18,OCEANIA,Shopify,F3,New,164,25718.0
7/5/18,CANADA,Shopify,null,New,49,8297.0
7/5/18,CANADA,Retail,F3,New,18148,671911.0
7/5/18,USA,Shopify,F3,Existing,770,179871.0
7/5/18,SOUTH AMERICA,Retail,null,Existing,525,16282.0
7/5/18,AFRICA,Retail,C1,New,88637,2306608.0
7/5/18,ASIA,Shopify,null,Existing,167,30200.0
7/5/18,ASIA,Shopify,C4,Existing,171,30722.0
7/5/18,EUROPE,Retail,F2,Existing,12576,819151.0
7/5/18,EUROPE,Shopify,C1,Existing,79,14849.0
7/5/18,CANADA,Shopify,C3,Existing,388,75075.0
7/5/18,EUROPE,Retail,C1,Existing,13273,620059.0
7/5/18,ASIA,Shopify,C1,New,157,20971.0
7/5/18,EUROPE,Retail,C4,Existing,3654,203958.0
7/5/18,USA,Shopify,C1,Existing,576,108407.0
7/5/18,AFRICA,Shopify,C2,Existing,1360,265890.0
7/5/18,SOUTH AMERICA,Retail,F1,New,228,8434.0
7/5/18,CANADA,Retail,null,Guest,440892,11668138.0
7/5/18,SOUTH AMERICA,Retail,F3,New,380,13949.0
7/5/18,AFRICA,Shopify,F2,Existing,2730,568272.0
7/5/18,OCEANIA,Shopify,C2,Existing,2731,539794.0
7/5/18,CANADA,Shopify,C2,Existing,363,68351.0
7/5/18,AFRICA,Shopify,C1,Existing,984,171730.0
7/5/18,ASIA,Shopify,C3,Existing,1012,194592.0
7/5/18,EUROPE,Retail,C1,New,4305,132892.0
7/5/18,USA,Shopify,null,Guest,1776,348136.0
7/5/18,EUROPE,Retail,C3,Existing,12330,695066.0
7/5/18,ASIA,Retail,C4,New,45652,1330291.0
7/5/18,USA,Shopify,C3,New,98,17443.0
7/5/18,OCEANIA,Retail,C4,New,55675,1782764.0
7/5/18,CANADA,Shopify,F3,New,24,3590.0
7/5/18,ASIA,Shopify,C2,New,217,29959.0
7/5/18,SOUTH AMERICA,Shopify,null,Existing,21,4972.0
7/5/18,EUROPE,Shopify,C3,Existing,133,30688.0
7/5/18,SOUTH AMERICA,Retail,C2,Existing,534,23213.0
7/5/18,EUROPE,Retail,F1,New,946,40720.0
7/5/18,USA,Shopify,F1,New,100,16629.0
7/5/18,OCEANIA,Shopify,C2,New,462,69443.0
7/5/18,SOUTH AMERICA,Retail,F1,Existing,524,24580.0
7/5/18,EUROPE,Shopify,C2,Existing,106,34974.0
7/5/18,OCEANIA,Shopify,C1,Existing,1704,299698.0
7/5/18,SOUTH AMERICA,Shopify,F3,Existing,13,2951.0
7/5/18,SOUTH AMERICA,Retail,C2,New,566,18105.0
7/5/18,OCEANIA,Shopify,F2,Existing,4075,854795.0
7/5/18,ASIA,Shopify,F3,Existing,996,200816.0
7/5/18,ASIA,Retail,C2,Existing,93033,3710548.0
7/5/18,EUROPE,Shopify,C3,New,9,2108.0
7/5/18,OCEANIA,Shopify,F1,Existing,2589,631235.0
7/5/18,CANADA,Retail,null,New,16276,653915.0
7/5/18,OCEANIA,Shopify,C4,Existing,411,77773.0
7/5/18,OCEANIA,Retail,C1,Existing,204601,7935379.0
7/5/18,USA,Shopify,F2,New,134,22598.0
7/5/18,AFRICA,Shopify,F3,New,93,16335.0
7/5/18,AFRICA,Retail,F3,New,62398,2370701.0
7/5/18,EUROPE,Retail,null,Guest,111471,3615797.0
7/5/18,CANADA,Retail,F3,Existing,74395,4388564.0
7/5/18,ASIA,Shopify,C3,New,147,21566.0
7/5/18,AFRICA,Retail,C4,Existing,84553,4579656.0
7/5/18,ASIA,Retail,null,New,66881,2323346.0
7/5/18,AFRICA,Shopify,F3,Existing,1480,318715.0
7/5/18,AFRICA,Shopify,C2,New,203,30781.0
7/5/18,ASIA,Shopify,null,New,173,29480.0
7/5/18,AFRICA,Retail,C2,New,50207,1632087.0
7/5/18,OCEANIA,Shopify,null,Guest,5742,1050332.0
7/5/18,ASIA,Retail,C4,Existing,80386,3707160.0
7/5/18,SOUTH AMERICA,Retail,C1,Existing,1925,56375.0
7/5/18,USA,Retail,F1,New,10908,459122.0
7/5/18,OCEANIA,Retail,C2,New,89863,2585578.0
7/5/18,EUROPE,Shopify,C2,New,11,2822.0
7/5/18,EUROPE,Shopify,F2,Existing,166,44578.0
7/5/18,USA,Shopify,F3,New,36,6482.0
7/5/18,USA,Retail,null,New,21712,973973.0
7/5/18,AFRICA,Shopify,C3,New,200,34761.0
7/5/18,OCEANIA,Retail,F3,New,103348,3631855.0
7/5/18,USA,Shopify,null,Existing,129,26274.0
7/5/18,EUROPE,Shopify,F3,New,2,477.0
7/5/18,USA,Shopify,C2,Existing,830,174966.0
7/5/18,ASIA,Retail,null,Existing,27110,1126810.0
7/5/18,USA,Retail,C2,Existing,31684,1701039.0
7/5/18,SOUTH AMERICA,Shopify,null,Guest,882,179110.0
7/5/18,AFRICA,Shopify,C3,Existing,1497,313166.0
7/5/18,USA,Retail,C1,Existing,47317,2175141.0
7/5/18,CANADA,Retail,C3,New,25940,930840.0
7/5/18,SOUTH AMERICA,Shopify,C3,Existing,51,11032.0
7/5/18,AFRICA,Retail,C1,Existing,149303,6036915.0
7/5/18,SOUTH AMERICA,Shopify,C1,Existing,47,8925.0
7/5/18,CANADA,Retail,C1,New,30819,828228.0
7/5/18,SOUTH AMERICA,Retail,F2,Existing,875,42345.0
7/5/18,USA,Shopify,C2,New,132,24336.0
7/5/18,CANADA,Shopify,F1,Existing,408,75646.0
7/5/18,SOUTH AMERICA,Shopify,C2,Existing,85,16295.0
7/5/18,AFRICA,Shopify,null,Existing,246,45538.0
7/5/18,ASIA,Retail,C3,New,107385,3359062.0
7/5/18,OCEANIA,Retail,C4,Existing,112580,5837748.0
7/5/18,EUROPE,Shopify,C4,Existing,5,1168.0
7/5/18,USA,Shopify,C4,Existing,87,16673.0
7/5/18,ASIA,Retail,C2,New,72238,1985560.0
7/5/18,EUROPE,Retail,F3,New,1573,64941.0
7/5/18,SOUTH AMERICA,Retail,F3,Existing,995,48038.0
7/5/18,CANADA,Retail,C2,Existing,16829,800523.0
7/5/18,CANADA,Shopify,C4,New,7,1342.0
7/5/18,USA,Retail,F2,Existing,83481,5419778.0
7/5/18,OCEANIA,Shopify,null,Existing,412,81168.0
7/5/18,AFRICA,Shopify,F1,New,122,19546.0
7/5/18,OCEANIA,Shopify,F3,Existing,2382,511318.0
7/5/18,ASIA,Shopify,null,Guest,2443,403294.0
7/5/18,SOUTH AMERICA,Retail,null,Guest,386493,15249286.0
7/5/18,OCEANIA,Retail,C2,Existing,120580,5088126.0
7/5/18,ASIA,Shopify,F1,New,139,20530.0
30/4/18,SOUTH AMERICA,Shopify,C2,Existing,84,16322.0
30/4/18,CANADA,Retail,C2,New,13280,414106.0
30/4/18,ASIA,Shopify,null,New,176,28632.0
30/4/18,EUROPE,Shopify,C4,Existing,6,1311.0
30/4/18,USA,Retail,null,New,21959,981244.0
30/4/18,ASIA,Shopify,C3,Existing,999,195440.0
30/4/18,EUROPE,Retail,F2,New,1734,71413.0
30/4/18,ASIA,Retail,C4,Existing,81353,3795443.0
30/4/18,ASIA,Shopify,null,Existing,160,30825.0
30/4/18,CANADA,Shopify,F3,Existing,344,71805.0
30/4/18,AFRICA,Shopify,null,New,207,34243.0
30/4/18,EUROPE,Shopify,F3,New,5,1423.0
30/4/18,SOUTH AMERICA,Shopify,null,Guest,852,163989.0
30/4/18,AFRICA,Retail,C1,New,93648,2439360.0
30/4/18,SOUTH AMERICA,Shopify,F3,Existing,10,1676.0
30/4/18,OCEANIA,Retail,C1,New,149431,3640452.0
30/4/18,AFRICA,Shopify,F3,New,93,14781.0
30/4/18,OCEANIA,Shopify,C1,Existing,1625,288807.0
30/4/18,CANADA,Retail,F3,New,18563,679717.0
30/4/18,EUROPE,Retail,C1,New,4328,136082.0
30/4/18,SOUTH AMERICA,Shopify,F1,New,3,427.0
30/4/18,CANADA,Shopify,C2,Existing,351,62420.0
30/4/18,OCEANIA,Shopify,C2,New,439,70658.0
30/4/18,USA,Shopify,F1,New,98,16345.0
30/4/18,ASIA,Retail,F3,New,84543,2687663.0
30/4/18,USA,Retail,C3,New,40983,1673164.0
30/4/18,USA,Shopify,F1,Existing,905,183166.0
30/4/18,OCEANIA,Shopify,C2,Existing,2524,498322.0
30/4/18,OCEANIA,Shopify,F3,New,129,18702.0
30/4/18,CANADA,Retail,C3,New,26486,937653.0
30/4/18,CANADA,Retail,F3,Existing,75033,4392922.0
30/4/18,CANADA,Shopify,F2,New,62,10880.0
30/4/18,SOUTH AMERICA,Retail,F3,New,390,13431.0
30/4/18,CANADA,Retail,null,Existing,6566,320829.0
30/4/18,EUROPE,Shopify,C1,Existing,77,16152.0
30/4/18,USA,Retail,C2,Existing,32103,1715233.0
30/4/18,AFRICA,Shopify,C1,Existing,945,159596.0
30/4/18,AFRICA,Retail,C1,Existing,154075,6125199.0
30/4/18,USA,Shopify,C2,New,144,26425.0
30/4/18,CANADA,Shopify,null,Guest,676,115432.0
30/4/18,USA,Shopify,C2,Existing,826,173520.0
30/4/18,AFRICA,Shopify,null,Existing,214,36943.0
30/4/18,AFRICA,Retail,F3,New,64257,2422209.0
30/4/18,ASIA,Shopify,F3,Existing,895,178750.0
30/4/18,AFRICA,Shopify,C2,Existing,1306,257988.0
30/4/18,ASIA,Shopify,C1,Existing,640,104482.0
30/4/18,OCEANIA,Shopify,null,Existing,361,69334.0
30/4/18,ASIA,Retail,C3,New,109353,3396086.0
30/4/18,ASIA,Retail,C4,New,46225,1363792.0
30/4/18,USA,Retail,F3,New,26307,1088719.0
30/4/18,EUROPE,Retail,F2,Existing,12713,832048.0
30/4/18,AFRICA,Retail,F3,Existing,325976,19317120.0
30/4/18,ASIA,Retail,C2,New,74337,2019155.0
30/4/18,SOUTH AMERICA,Retail,F1,New,256,9701.0
30/4/18,EUROPE,Shopify,C3,Existing,99,29082.0
30/4/18,SOUTH AMERICA,Retail,C1,Existing,2056,57301.0
30/4/18,SOUTH AMERICA,Retail,null,Existing,473,16586.0
30/4/18,AFRICA,Retail,C2,New,52352,1684607.0
30/4/18,OCEANIA,Shopify,null,Guest,4938,888581.0
30/4/18,ASIA,Retail,C3,Existing,190342,8852511.0
30/4/18,ASIA,Shopify,C2,New,226,33650.0
30/4/18,CANADA,Shopify,C3,Existing,359,68535.0
30/4/18,EUROPE,Shopify,null,Guest,175,39477.0
30/4/18,OCEANIA,Retail,C4,Existing,113833,5917339.0
30/4/18,OCEANIA,Retail,C4,New,56411,1817113.0
30/4/18,EUROPE,Shopify,C4,New,2,1038.0
30/4/18,USA,Retail,C1,Existing,48259,2234694.0
30/4/18,ASIA,Shopify,C3,New,153,24327.0
30/4/18,USA,Shopify,C1,Existing,534,97485.0
30/4/18,AFRICA,Shopify,F1,New,128,20108.0
30/4/18,OCEANIA,Shopify,F1,New,253,40604.0
30/4/18,ASIA,Retail,F3,Existing,322641,16491180.0
30/4/18,USA,Shopify,C3,Existing,946,208251.0
30/4/18,EUROPE,Retail,C2,Existing,7802,398212.0
30/4/18,CANADA,Shopify,C1,New,57,7977.0
30/4/18,EUROPE,Retail,null,New,3231,148153.0
30/4/18,USA,Retail,null,Existing,8919,474461.0
30/4/18,CANADA,Retail,F1,New,7344,268552.0
30/4/18,SOUTH AMERICA,Shopify,F1,Existing,27,6653.0
30/4/18,OCEANIA,Retail,C1,Existing,207999,7977111.0
30/4/18,ASIA,Shopify,C1,New,146,17290.0
30/4/18,USA,Shopify,C1,New,119,16846.0
30/4/18,ASIA,Retail,null,Existing,25098,1047879.0
30/4/18,AFRICA,Shopify,C2,New,201,32152.0
30/4/18,ASIA,Shopify,F1,Existing,1014,180364.0
30/4/18,ASIA,Shopify,C2,Existing,1083,195949.0
30/4/18,USA,Retail,F2,New,26861,1099332.0
30/4/18,SOUTH AMERICA,Retail,F2,New,384,14696.0
30/4/18,CANADA,Retail,F1,Existing,22073,1203915.0
30/4/18,AFRICA,Retail,C4,Existing,85248,4615302.0
30/4/18,OCEANIA,Shopify,C3,New,318,54964.0
30/4/18,USA,Retail,C1,New,35257,1030221.0
30/4/18,EUROPE,Retail,C4,New,1059,40751.0
30/4/18,OCEANIA,Retail,null,New,86314,3207996.0
30/4/18,EUROPE,Shopify,null,New,14,3555.0
30/4/18,EUROPE,Retail,C1,Existing,13428,637458.0
30/4/18,ASIA,Shopify,F2,Existing,1474,284693.0
30/4/18,CANADA,Shopify,null,Existing,54,9217.0
30/4/18,EUROPE,Retail,F3,Existing,15934,1004635.0
30/4/18,AFRICA,Shopify,C3,New,206,33295.0
30/4/18,CANADA,Retail,F2,New,17085,628596.0
30/4/18,EUROPE,Shopify,C2,New,8,875.0
30/4/18,OCEANIA,Retail,C3,Existing,266810,13660770.0
30/4/18,USA,Shopify,F2,New,124,22199.0
30/4/18,CANADA,Retail,null,New,16481,661099.0
30/4/18,AFRICA,Retail,F1,New,24234,889846.0
30/4/18,SOUTH AMERICA,Shopify,F2,Existing,21,4493.0
30/4/18,AFRICA,Retail,C4,New,39564,1365300.0
30/4/18,OCEANIA,Retail,null,Existing,36469,1620829.0
30/4/18,EUROPE,Shopify,null,Existing,17,4932.0
30/4/18,ASIA,Retail,F1,Existing,82497,3966080.0
30/4/18,OCEANIA,Shopify,C4,Existing,386,72486.0
30/4/18,SOUTH AMERICA,Retail,F1,Existing,506,21484.0
30/4/18,OCEANIA,Shopify,C3,Existing,2423,494873.0
30/4/18,SOUTH AMERICA,Retail,C2,New,602,19026.0
30/4/18,OCEANIA,Shopify,null,New,325,55396.0
30/4/18,ASIA,Shopify,F2,New,143,20779.0
30/4/18,CANADA,Retail,C4,Existing,21042,1107345.0
30/4/18,SOUTH AMERICA,Retail,C3,New,912,33447.0
30/4/18,USA,Retail,C4,Existing,29093,1673589.0
30/4/18,OCEANIA,Retail,F3,New,102778,3587772.0
30/4/18,ASIA,Retail,null,New,66737,2296754.0
30/4/18,ASIA,Shopify,F1,New,138,18522.0
30/4/18,USA,Retail,C2,New,23547,857733.0
30/4/18,AFRICA,Retail,null,Existing,27072,1281379.0
30/4/18,SOUTH AMERICA,Retail,null,Guest,395115,15455818.0
30/4/18,EUROPE,Retail,null,Existing,2300,116597.0
30/4/18,AFRICA,Shopify,null,Guest,2639,458379.0
30/4/18,CANADA,Retail,C4,New,11761,392125.0
30/4/18,OCEANIA,Shopify,F2,Existing,3644,750986.0
30/4/18,AFRICA,Retail,C2,Existing,85032,3906808.0
30/4/18,CANADA,Retail,C3,Existing,47193,2502079.0
30/4/18,ASIA,Shopify,null,Guest,2223,354569.0
30/4/18,SOUTH AMERICA,Shopify,C1,New,13,1970.0
30/4/18,OCEANIA,Retail,C2,Existing,122133,5066803.0
30/4/18,USA,Retail,F1,Existing,34284,2158907.0
30/4/18,EUROPE,Shopify,C2,Existing,110,29596.0
30/4/18,USA,Shopify,null,Existing,112,24776.0
30/4/18,CANADA,Shopify,F1,New,45,6715.0
30/4/18,SOUTH AMERICA,Shopify,F3,New,3,460.0
30/4/18,SOUTH AMERICA,Shopify,null,Existing,17,3512.0
30/4/18,SOUTH AMERICA,Retail,C3,Existing,1052,48868.0
30/4/18,EUROPE,Retail,C4,Existing,3435,188847.0
30/4/18,USA,Shopify,null,Guest,1281,241401.0
30/4/18,SOUTH AMERICA,Shopify,F2,New,6,976.0
30/4/18,EUROPE,Retail,C3,New,3778,158708.0
30/4/18,USA,Shopify,C4,Existing,88,16921.0
30/4/18,SOUTH AMERICA,Retail,C2,Existing,596,24998.0
30/4/18,AFRICA,Retail,null,Guest,1672793,47215787.0
30/4/18,SOUTH AMERICA,Retail,C4,Existing,299,15383.0
30/4/18,AFRICA,Shopify,C3,Existing,1494,309628.0
30/4/18,CANADA,Retail,F2,Existing,52106,2928930.0
30/4/18,CANADA,Shopify,C3,New,58,9827.0
30/4/18,USA,Shopify,F2,Existing,1485,319866.0
30/4/18,SOUTH AMERICA,Shopify,C4,Existing,9,1149.0
30/4/18,OCEANIA,Retail,C3,New,136036,4574051.0
30/4/18,ASIA,Retail,C2,Existing,94486,3698002.0
30/4/18,EUROPE,Shopify,C3,New,6,1234.0
30/4/18,SOUTH AMERICA,Shopify,C4,New,1,136.0
30/4/18,AFRICA,Retail,F1,Existing,86983,4863450.0
30/4/18,OCEANIA,Retail,F1,New,41366,1429166.0
30/4/18,CANADA,Shopify,null,New,52,8522.0
30/4/18,CANADA,Shopify,F2,Existing,623,125450.0
30/4/18,EUROPE,Shopify,F1,New,8,1614.0
30/4/18,OCEANIA,Shopify,F1,Existing,2282,436258.0
30/4/18,EUROPE,Retail,C3,Existing,12356,693361.0
30/4/18,AFRICA,Shopify,F2,Existing,2647,533052.0
30/4/18,OCEANIA,Retail,null,Guest,2502962,64142402.0
30/4/18,ASIA,Retail,F2,New,67904,2162150.0
30/4/18,AFRICA,Retail,null,New,63029,2599062.0
30/4/18,ASIA,Shopify,C4,New,38,4696.0
30/4/18,CANADA,Retail,C2,Existing,16995,785588.0
30/4/18,CANADA,Shopify,C4,New,12,1394.0
30/4/18,OCEANIA,Retail,F2,Existing,296819,16228140.0
30/4/18,OCEANIA,Shopify,C4,New,56,8270.0
30/4/18,AFRICA,Retail,C3,Existing,223105,11973979.0
30/4/18,SOUTH AMERICA,Shopify,null,New,43,7799.0
30/4/18,CANADA,Shopify,F1,Existing,363,66596.0
30/4/18,EUROPE,Retail,F3,New,1559,61607.0
30/4/18,SOUTH AMERICA,Shopify,C3,Existing,50,10061.0
30/4/18,USA,Retail,C4,New,15508,567229.0
30/4/18,USA,Shopify,null,New,92,14513.0
30/4/18,EUROPE,Retail,F1,New,936,40411.0
30/4/18,CANADA,Retail,null,Guest,457502,12003476.0
30/4/18,USA,Shopify,F3,Existing,758,168826.0
30/4/18,ASIA,Retail,F2,Existing,187078,9195276.0
30/4/18,CANADA,Shopify,C4,Existing,53,8876.0
30/4/18,OCEANIA,Retail,F3,Existing,444351,25360664.0
30/4/18,CANADA,Shopify,C2,New,58,9100.0
30/4/18,OCEANIA,Shopify,C1,New,303,39811.0
30/4/18,USA,Shopify,C3,New,115,21614.0
30/4/18,EUROPE,Retail,null,Guest,113548,3721357.0
30/4/18,CANADA,Shopify,F3,New,26,4131.0
30/4/18,EUROPE,Shopify,F3,Existing,98,33526.0
30/4/18,SOUTH AMERICA,Shopify,C2,New,32,6052.0
30/4/18,EUROPE,Retail,C2,New,2598,93249.0
30/4/18,ASIA,Shopify,C4,Existing,164,30265.0
30/4/18,SOUTH AMERICA,Retail,F2,Existing,961,47578.0
30/4/18,EUROPE,Shopify,F2,New,7,1620.0
30/4/18,OCEANIA,Retail,F1,Existing,125864,6524907.0
30/4/18,EUROPE,Shopify,F1,Existing,103,22229.0
30/4/18,SOUTH AMERICA,Retail,C4,New,246,9505.0
30/4/18,ASIA,Retail,C1,New,117456,2619844.0
30/4/18,AFRICA,Shopify,F2,New,202,34256.0
30/4/18,OCEANIA,Shopify,F3,Existing,2155,461812.0
30/4/18,ASIA,Retail,C1,Existing,148545,5094290.0
30/4/18,USA,Retail,C3,Existing,79169,4748929.0
30/4/18,OCEANIA,Retail,C2,New,92518,2658158.0
30/4/18,USA,Retail,F1,New,11376,481625.0
30/4/18,USA,Retail,F3,Existing,115208,7623656.0
30/4/18,SOUTH AMERICA,Retail,F3,Existing,957,47563.0
30/4/18,USA,Shopify,F3,New,36,6557.0
30/4/18,EUROPE,Shopify,F2,Existing,160,42378.0
30/4/18,AFRICA,Retail,F2,New,64181,2373444.0
30/4/18,AFRICA,Shopify,C1,New,152,19914.0
30/4/18,CANADA,Shopify,C1,Existing,316,53921.0
30/4/18,ASIA,Retail,null,Guest,2011932,48757103.0
30/4/18,CANADA,Retail,C1,Existing,50680,2190069.0
30/4/18,ASIA,Retail,F1,New,30568,998011.0
30/4/18,AFRICA,Retail,C3,New,100910,3701332.0
30/4/18,SOUTH AMERICA,Retail,null,New,2112,67602.0
30/4/18,ASIA,Shopify,F3,New,70,11802.0
30/4/18,SOUTH AMERICA,Retail,C1,New,1866,40695.0
30/4/18,EUROPE,Retail,F1,Existing,6200,383568.0
30/4/18,AFRICA,Shopify,F3,Existing,1430,312466.0
30/4/18,USA,Retail,null,Guest,586871,17959169.0
30/4/18,AFRICA,Retail,F2,Existing,240418,13810704.0
30/4/18,AFRICA,Shopify,C4,New,35,5421.0
30/4/18,AFRICA,Shopify,F1,Existing,1447,280517.0
30/4/18,EUROPE,Shopify,C1,New,11,1945.0
30/4/18,USA,Retail,F2,Existing,84883,5422569.0
30/4/18,USA,Shopify,C4,New,23,4375.0
30/4/18,AFRICA,Shopify,C4,Existing,231,43884.0
30/4/18,OCEANIA,Shopify,F2,New,303,52537.0
30/4/18,SOUTH AMERICA,Shopify,C3,New,13,2708.0
30/4/18,CANADA,Retail,C1,New,32049,847600.0
30/4/18,OCEANIA,Retail,F2,New,91036,3190336.0
30/4/18,SOUTH AMERICA,Shopify,C1,Existing,40,8647.0
23/4/18,ASIA,Retail,C2,New,72567,2021483.0
23/4/18,SOUTH AMERICA,Retail,null,Existing,423,14107.0
23/4/18,CANADA,Shopify,F2,New,55,9294.0
23/4/18,USA,Shopify,C3,New,123,21537.0
23/4/18,CANADA,Shopify,C2,Existing,343,68085.0
23/4/18,USA,Shopify,C2,Existing,856,175615.0
23/4/18,AFRICA,Retail,C2,New,47349,1626775.0
23/4/18,ASIA,Shopify,null,Existing,145,27230.0
23/4/18,SOUTH AMERICA,Retail,C1,Existing,1920,58169.0
23/4/18,AFRICA,Shopify,F3,New,84,13976.0
23/4/18,ASIA,Retail,C4,Existing,81023,3828742.0
23/4/18,ASIA,Retail,null,New,64000,2261212.0
23/4/18,CANADA,Retail,F3,Existing,74074,4497493.0
23/4/18,ASIA,Shopify,C3,New,159,23422.0
23/4/18,ASIA,Shopify,C2,New,209,31571.0
23/4/18,OCEANIA,Shopify,C3,Existing,2518,515699.0
23/4/18,EUROPE,Shopify,null,New,13,1821.0
23/4/18,USA,Retail,null,New,21678,981843.0
23/4/18,OCEANIA,Shopify,C1,Existing,1695,293823.0
23/4/18,ASIA,Retail,F3,New,83957,2762633.0
23/4/18,USA,Shopify,F3,Existing,769,178871.0
23/4/18,AFRICA,Retail,F2,New,58206,2283459.0
23/4/18,OCEANIA,Shopify,C2,New,491,77615.0
23/4/18,USA,Shopify,F1,New,101,17418.0
23/4/18,SOUTH AMERICA,Retail,C3,New,950,35709.0
23/4/18,AFRICA,Shopify,null,Existing,182,34192.0
23/4/18,EUROPE,Shopify,F3,New,2,691.0
23/4/18,AFRICA,Shopify,F3,Existing,1379,297091.0
23/4/18,SOUTH AMERICA,Retail,C2,Existing,592,24124.0
23/4/18,AFRICA,Retail,C4,Existing,79243,4548773.0
23/4/18,OCEANIA,Shopify,F3,New,143,22861.0
23/4/18,SOUTH AMERICA,Shopify,null,Guest,838,170721.0
23/4/18,ASIA,Retail,F1,New,29493,975167.0
23/4/18,OCEANIA,Shopify,C2,Existing,2741,529625.0
23/4/18,USA,Shopify,F1,Existing,942,187468.0
23/4/18,ASIA,Retail,null,Existing,23192,975412.0
23/4/18,SOUTH AMERICA,Retail,F3,New,374,14655.0
23/4/18,EUROPE,Retail,C4,Existing,3286,190258.0
23/4/18,AFRICA,Shopify,F1,New,104,15619.0
23/4/18,ASIA,Shopify,C3,Existing,1017,199973.0
23/4/18,AFRICA,Shopify,C2,Existing,1232,239971.0
23/4/18,SOUTH AMERICA,Retail,F1,New,250,10577.0
23/4/18,OCEANIA,Retail,C1,Existing,204553,8034545.0
23/4/18,OCEANIA,Retail,C4,New,57054,1878982.0
23/4/18,EUROPE,Retail,F2,Existing,12254,826598.0
23/4/18,SOUTH AMERICA,Shopify,C3,New,19,3782.0
23/4/18,EUROPE,Shopify,C4,New,1,56.0
23/4/18,OCEANIA,Shopify,null,New,319,55018.0
23/4/18,EUROPE,Shopify,C4,Existing,6,2299.0
23/4/18,OCEANIA,Retail,null,New,81893,3126545.0
23/4/18,ASIA,Shopify,F3,Existing,958,193847.0
23/4/18,OCEANIA,Shopify,F1,New,236,36625.0
23/4/18,USA,Retail,F3,New,27003,1126486.0
23/4/18,AFRICA,Retail,C1,Existing,136794,5750682.0
23/4/18,ASIA,Shopify,C2,Existing,1119,210528.0
23/4/18,EUROPE,Shopify,C1,Existing,65,13591.0
23/4/18,AFRICA,Retail,F3,Existing,296946,18747829.0
23/4/18,CANADA,Retail,C2,Existing,16568,791566.0
23/4/18,EUROPE,Retail,F3,New,1510,67115.0
23/4/18,SOUTH AMERICA,Retail,C2,New,585,20217.0
23/4/18,AFRICA,Shopify,null,New,189,30562.0
23/4/18,OCEANIA,Shopify,null,Existing,397,77951.0
23/4/18,OCEANIA,Retail,C4,Existing,113294,5997383.0
23/4/18,USA,Shopify,C3,Existing,901,195482.0
23/4/18,CANADA,Retail,C3,New,26869,984799.0
23/4/18,CANADA,Retail,F1,New,7419,280197.0
23/4/18,SOUTH AMERICA,Shopify,F1,Existing,25,6022.0
23/4/18,USA,Retail,null,Existing,8309,450175.0
23/4/18,OCEANIA,Retail,C2,Existing,118996,5050748.0
23/4/18,USA,Retail,F1,Existing,33443,2152991.0
23/4/18,CANADA,Retail,F3,New,18840,716160.0
23/4/18,SOUTH AMERICA,Shopify,F3,Existing,13,3123.0
23/4/18,OCEANIA,Retail,F3,New,104075,3738130.0
23/4/18,CANADA,Retail,C4,Existing,20865,1120714.0
23/4/18,USA,Retail,C2,New,23431,858720.0
23/4/18,SOUTH AMERICA,Retail,C3,Existing,1051,48687.0
23/4/18,USA,Shopify,null,Guest,1364,266618.0
23/4/18,ASIA,Shopify,F1,Existing,992,181857.0
23/4/18,USA,Shopify,F2,New,124,22749.0
23/4/18,AFRICA,Shopify,C3,Existing,1454,302110.0
23/4/18,OCEANIA,Retail,F1,Existing,122538,6573391.0
23/4/18,SOUTH AMERICA,Retail,null,Guest,391614,15479158.0
23/4/18,ASIA,Shopify,F2,New,150,23430.0
23/4/18,SOUTH AMERICA,Shopify,F3,New,1,66.0
23/4/18,EUROPE,Shopify,null,Existing,10,2649.0
23/4/18,USA,Shopify,C1,New,127,19492.0
23/4/18,USA,Retail,F1,New,11136,467248.0
23/4/18,EUROPE,Shopify,C2,New,16,4446.0
23/4/18,OCEANIA,Retail,F2,New,90581,3308129.0
23/4/18,USA,Retail,F3,Existing,115546,7723376.0
23/4/18,ASIA,Shopify,F2,Existing,1508,292771.0
23/4/18,SOUTH AMERICA,Retail,null,New,2101,65789.0
23/4/18,CANADA,Shopify,F3,New,24,4285.0
23/4/18,USA,Shopify,C2,New,169,28263.0
23/4/18,CANADA,Retail,null,Guest,452234,12112894.0
23/4/18,AFRICA,Shopify,C3,New,193,32702.0
23/4/18,AFRICA,Retail,F3,New,59128,2374161.0
23/4/18,ASIA,Shopify,F3,New,81,11252.0
23/4/18,SOUTH AMERICA,Shopify,F1,New,5,808.0
23/4/18,ASIA,Retail,F3,Existing,321956,16947141.0
23/4/18,CANADA,Shopify,C3,Existing,384,73476.0
23/4/18,CANADA,Retail,C3,Existing,47044,2544009.0
23/4/18,CANADA,Retail,null,Existing,5963,309568.0
23/4/18,OCEANIA,Shopify,C3,New,340,58297.0
23/4/18,AFRICA,Retail,C2,Existing,75867,3729008.0
23/4/18,OCEANIA,Retail,F1,New,40031,1426330.0
23/4/18,EUROPE,Shopify,F1,New,3,494.0
23/4/18,AFRICA,Shopify,null,Guest,2402,437933.0
23/4/18,SOUTH AMERICA,Shopify,C4,Existing,6,927.0
23/4/18,EUROPE,Retail,C2,Existing,7619,399879.0
23/4/18,CANADA,Shopify,C1,New,55,6923.0
23/4/18,OCEANIA,Retail,null,Guest,2459942,64140591.0
23/4/18,EUROPE,Shopify,null,Guest,158,36576.0
23/4/18,CANADA,Shopify,null,New,48,7851.0
23/4/18,USA,Retail,C4,Existing,29360,1700425.0
23/4/18,OCEANIA,Shopify,F3,Existing,2305,500658.0
23/4/18,CANADA,Shopify,C4,New,8,1282.0
23/4/18,SOUTH AMERICA,Shopify,F2,New,12,1881.0
23/4/18,OCEANIA,Shopify,null,Guest,5411,967100.0
23/4/18,EUROPE,Retail,C1,New,4230,139570.0
23/4/18,ASIA,Shopify,C1,Existing,684,118716.0
23/4/18,USA,Shopify,C4,New,21,5155.0
23/4/18,CANADA,Shopify,null,Guest,636,111287.0
23/4/18,AFRICA,Retail,C4,New,37424,1355600.0
23/4/18,EUROPE,Retail,F1,New,871,39403.0
23/4/18,USA,Retail,C1,New,35341,1041224.0
23/4/18,ASIA,Shopify,C4,Existing,164,27584.0
23/4/18,SOUTH AMERICA,Shopify,C1,Existing,37,7767.0
23/4/18,USA,Retail,C3,Existing,79031,4781113.0
23/4/18,OCEANIA,Retail,C2,New,90886,2647595.0
23/4/18,AFRICA,Retail,C1,New,83285,2280542.0
23/4/18,ASIA,Retail,C2,Existing,92968,3713471.0
23/4/18,SOUTH AMERICA,Shopify,C1,New,16,2317.0
23/4/18,ASIA,Retail,C1,New,115417,2635951.0
23/4/18,OCEANIA,Retail,null,Existing,33353,1529547.0
23/4/18,USA,Retail,C1,Existing,48044,2230140.0
23/4/18,CANADA,Shopify,F1,Existing,382,72667.0
23/4/18,ASIA,Retail,F2,Existing,184877,9486295.0
23/4/18,AFRICA,Retail,null,Guest,1466981,43521239.0
23/4/18,USA,Retail,F2,New,26922,1141338.0
23/4/18,SOUTH AMERICA,Retail,F3,Existing,972,48083.0
23/4/18,USA,Shopify,F2,Existing,1473,315025.0
23/4/18,USA,Shopify,null,Existing,100,19216.0
23/4/18,ASIA,Shopify,C4,New,28,3980.0
23/4/18,OCEANIA,Shopify,C4,Existing,444,86574.0
23/4/18,CANADA,Shopify,C3,New,46,7639.0
23/4/18,CANADA,Retail,F2,New,16915,658982.0
23/4/18,SOUTH AMERICA,Shopify,F2,Existing,22,4998.0
23/4/18,EUROPE,Retail,C3,Existing,11852,695018.0
23/4/18,ASIA,Retail,C1,Existing,146816,5117144.0
23/4/18,EUROPE,Retail,C1,Existing,12930,642056.0
23/4/18,AFRICA,Retail,F2,Existing,214929,13194972.0
23/4/18,OCEANIA,Retail,C3,Existing,263329,13790689.0
23/4/18,EUROPE,Shopify,C3,Existing,106,29819.0
23/4/18,OCEANIA,Retail,C3,New,135544,4636231.0
23/4/18,OCEANIA,Shopify,F1,Existing,2576,494834.0
23/4/18,EUROPE,Shopify,C3,New,5,922.0
23/4/18,USA,Shopify,F3,New,47,7580.0
23/4/18,AFRICA,Shopify,C1,Existing,943,164896.0
23/4/18,USA,Retail,C3,New,41463,1700172.0
23/4/18,CANADA,Shopify,F2,Existing,671,135198.0
23/4/18,OCEANIA,Retail,F3,Existing,439233,25774789.0
23/4/18,OCEANIA,Shopify,F2,New,363,60040.0
23/4/18,ASIA,Retail,F2,New,67430,2228358.0
23/4/18,ASIA,Shopify,C1,New,160,19488.0
23/4/18,AFRICA,Retail,C3,New,92744,3577906.0
23/4/18,ASIA,Retail,F1,Existing,80532,4030064.0
23/4/18,AFRICA,Shopify,F1,Existing,1349,258705.0
23/4/18,CANADA,Retail,F1,Existing,21601,1236679.0
23/4/18,EUROPE,Shopify,F3,Existing,95,28981.0
23/4/18,EUROPE,Retail,C2,New,2648,102393.0
23/4/18,ASIA,Retail,C3,Existing,189064,8993610.0
23/4/18,ASIA,Shopify,null,Guest,2316,378164.0
23/4/18,USA,Retail,C2,Existing,31534,1724021.0
23/4/18,EUROPE,Shopify,F2,Existing,147,37796.0
23/4/18,SOUTH AMERICA,Retail,C4,New,262,9751.0
23/4/18,CANADA,Retail,null,New,15998,667004.0
23/4/18,CANADA,Shopify,C4,Existing,47,8024.0
23/4/18,ASIA,Shopify,F1,New,130,20215.0
23/4/18,ASIA,Shopify,null,New,166,25902.0
23/4/18,ASIA,Retail,null,Guest,1972642,48483521.0
23/4/18,OCEANIA,Shopify,C1,New,315,43684.0
23/4/18,ASIA,Retail,C3,New,108813,3451943.0
23/4/18,SOUTH AMERICA,Retail,F1,Existing,517,25523.0
23/4/18,AFRICA,Shopify,C2,New,194,32220.0
23/4/18,CANADA,Shopify,F3,Existing,333,67467.0
23/4/18,AFRICA,Retail,null,New,54828,2383988.0
23/4/18,EUROPE,Retail,C4,New,1084,41806.0
23/4/18,EUROPE,Shopify,C2,Existing,92,24479.0
23/4/18,SOUTH AMERICA,Retail,C4,Existing,319,14722.0
23/4/18,SOUTH AMERICA,Shopify,null,Existing,13,2958.0
23/4/18,EUROPE,Shopify,F1,Existing,80,17937.0
23/4/18,EUROPE,Retail,null,Existing,2109,106870.0
23/4/18,EUROPE,Retail,C3,New,3652,161641.0
23/4/18,EUROPE,Shopify,F2,New,10,2078.0
23/4/18,AFRICA,Shopify,F2,Existing,2521,521280.0
23/4/18,EUROPE,Retail,F2,New,1571,71043.0
23/4/18,SOUTH AMERICA,Shopify,C3,Existing,58,13830.0
23/4/18,AFRICA,Shopify,C4,Existing,212,41093.0
23/4/18,AFRICA,Retail,C3,Existing,204239,11641241.0
23/4/18,CANADA,Retail,C4,New,12140,416345.0
23/4/18,USA,Shopify,C4,Existing,85,15698.0
23/4/18,SOUTH AMERICA,Shopify,C2,New,28,4661.0
23/4/18,CANADA,Retail,F2,Existing,51022,3084711.0
23/4/18,OCEANIA,Shopify,F2,Existing,3783,795735.0
23/4/18,EUROPE,Retail,null,Guest,109288,3654790.0
23/4/18,SOUTH AMERICA,Shopify,null,New,50,8961.0
23/4/18,AFRICA,Retail,null,Existing,22246,1133499.0
23/4/18,AFRICA,Shopify,C1,New,193,24126.0
23/4/18,AFRICA,Retail,F1,New,21730,854409.0
23/4/18,ASIA,Retail,C4,New,46640,1415294.0
23/4/18,SOUTH AMERICA,Retail,C1,New,1894,40972.0
23/4/18,CANADA,Retail,C1,Existing,50097,2250009.0
23/4/18,USA,Retail,null,Guest,578738,17830798.0
23/4/18,EUROPE,Retail,F1,Existing,5851,380283.0
23/4/18,CANADA,Shopify,C2,New,60,9642.0
23/4/18,EUROPE,Retail,F3,Existing,15350,1022754.0
23/4/18,CANADA,Shopify,F1,New,43,6212.0
23/4/18,CANADA,Shopify,C1,Existing,291,49585.0
23/4/18,SOUTH AMERICA,Retail,F2,New,408,16134.0
23/4/18,CANADA,Retail,C2,New,13252,426111.0
23/4/18,SOUTH AMERICA,Shopify,C2,Existing,92,18812.0
23/4/18,AFRICA,Shopify,F2,New,205,34667.0
23/4/18,AFRICA,Retail,F1,Existing,77204,4638020.0
23/4/18,USA,Shopify,null,New,92,17071.0
23/4/18,USA,Retail,F2,Existing,84212,5474782.0
23/4/18,SOUTH AMERICA,Retail,F2,Existing,942,48620.0
23/4/18,SOUTH AMERICA,Shopify,C4,New,2,213.0
23/4/18,AFRICA,Shopify,C4,New,38,5608.0
23/4/18,EUROPE,Retail,null,New,3013,140015.0
23/4/18,OCEANIA,Retail,C1,New,148010,3681167.0
23/4/18,EUROPE,Shopify,C1,New,11,1582.0
23/4/18,OCEANIA,Retail,F2,Existing,291700,16553777.0
23/4/18,OCEANIA,Shopify,C4,New,60,9114.0
23/4/18,USA,Retail,C4,New,15975,592580.0
23/4/18,CANADA,Retail,C1,New,32574,885066.0
23/4/18,USA,Shopify,C1,Existing,560,100407.0
23/4/18,CANADA,Shopify,null,Existing,43,8274.0
16/4/18,OCEANIA,Retail,C3,New,129149,4537871.0
16/4/18,ASIA,Retail,C3,Existing,184514,8841147.0
16/4/18,EUROPE,Retail,null,New,3349,159864.0
16/4/18,ASIA,Retail,C2,Existing,91160,3723561.0
16/4/18,EUROPE,Shopify,C3,New,12,3178.0
16/4/18,EUROPE,Retail,C4,Existing,3245,189638.0
16/4/18,SOUTH AMERICA,Shopify,C1,New,12,2282.0
16/4/18,CANADA,Retail,C3,Existing,44122,2451523.0
16/4/18,OCEANIA,Shopify,F2,New,332,56481.0
16/4/18,USA,Shopify,C1,New,125,17498.0
16/4/18,CANADA,Shopify,F2,Existing,574,115316.0
16/4/18,ASIA,Shopify,null,Guest,2367,393356.0
16/4/18,SOUTH AMERICA,Retail,F3,Existing,1034,54461.0
16/4/18,SOUTH AMERICA,Retail,F1,Existing,551,26873.0
16/4/18,EUROPE,Shopify,C2,Existing,104,28178.0
16/4/18,CANADA,Shopify,F2,New,56,7973.0
16/4/18,OCEANIA,Shopify,F1,Existing,2228,441117.0
16/4/18,USA,Retail,F2,Existing,72909,5090804.0
16/4/18,OCEANIA,Shopify,F2,Existing,3379,720531.0
16/4/18,SOUTH AMERICA,Retail,F2,New,445,18961.0
16/4/18,EUROPE,Retail,C2,New,2850,106958.0
16/4/18,AFRICA,Retail,C3,New,90499,3464407.0
16/4/18,EUROPE,Shopify,F3,Existing,102,33115.0
16/4/18,ASIA,Shopify,F1,New,117,17688.0
16/4/18,USA,Retail,F3,Existing,101409,7105133.0
16/4/18,ASIA,Retail,F3,Existing,312681,16597604.0
16/4/18,OCEANIA,Retail,F1,New,38956,1409609.0
16/4/18,CANADA,Shopify,null,New,48,8483.0
16/4/18,EUROPE,Shopify,F1,New,6,1154.0
16/4/18,AFRICA,Shopify,F1,Existing,1401,273030.0
16/4/18,ASIA,Retail,F1,New,29224,971350.0
16/4/18,CANADA,Retail,F1,Existing,20195,1163074.0
16/4/18,AFRICA,Shopify,F2,New,202,33783.0
16/4/18,ASIA,Retail,C2,New,70693,1952680.0
16/4/18,AFRICA,Shopify,null,Guest,2195,396590.0
16/4/18,SOUTH AMERICA,Shopify,C4,Existing,7,1053.0
16/4/18,AFRICA,Shopify,C3,New,171,30185.0
16/4/18,OCEANIA,Shopify,C1,New,306,42649.0
16/4/18,OCEANIA,Retail,F1,Existing,120511,6733146.0
16/4/18,EUROPE,Retail,null,Existing,2518,123790.0
16/4/18,EUROPE,Shopify,F1,Existing,112,26187.0
16/4/18,USA,Shopify,C3,Existing,873,191346.0
16/4/18,SOUTH AMERICA,Shopify,C3,Existing,52,11653.0
16/4/18,SOUTH AMERICA,Retail,F2,Existing,946,48475.0
16/4/18,OCEANIA,Retail,F3,Existing,419932,25492746.0
16/4/18,CANADA,Shopify,C2,New,68,10119.0
16/4/18,SOUTH AMERICA,Retail,C1,New,1849,40277.0
16/4/18,CANADA,Retail,F2,Existing,45227,2722177.0
16/4/18,CANADA,Shopify,C1,Existing,261,44224.0
16/4/18,AFRICA,Retail,F3,Existing,294046,18550416.0
16/4/18,CANADA,Retail,C2,Existing,15452,736014.0
16/4/18,EUROPE,Retail,F3,New,1618,72665.0
16/4/18,AFRICA,Shopify,C1,New,134,19270.0
16/4/18,SOUTH AMERICA,Shopify,null,New,32,6741.0
16/4/18,AFRICA,Shopify,F1,New,107,18654.0
16/4/18,USA,Retail,F1,Existing,30408,2046629.0
16/4/18,OCEANIA,Retail,C2,Existing,115537,5104501.0
16/4/18,USA,Retail,F1,New,9810,425458.0
16/4/18,OCEANIA,Retail,C2,New,86203,2599189.0
16/4/18,EUROPE,Shopify,C2,New,17,3842.0
16/4/18,CANADA,Shopify,C4,Existing,40,7627.0
16/4/18,AFRICA,Retail,F1,Existing,78905,4712023.0
16/4/18,ASIA,Shopify,F2,Existing,1375,274757.0
16/4/18,OCEANIA,Retail,C3,Existing,254593,13730802.0
16/4/18,OCEANIA,Shopify,null,Guest,4722,848975.0
16/4/18,USA,Retail,C4,Existing,26283,1574311.0
16/4/18,AFRICA,Retail,null,New,59390,2547868.0
16/4/18,AFRICA,Shopify,C2,Existing,1174,233685.0
16/4/18,SOUTH AMERICA,Retail,null,New,2054,66873.0
16/4/18,OCEANIA,Shopify,null,New,348,60702.0
16/4/18,EUROPE,Retail,C1,Existing,13111,656765.0
16/4/18,ASIA,Retail,C3,New,105165,3335023.0
16/4/18,SOUTH AMERICA,Retail,null,Guest,384657,15607393.0
16/4/18,ASIA,Shopify,F2,New,145,22729.0
16/4/18,OCEANIA,Retail,F2,Existing,277155,16672001.0
16/4/18,OCEANIA,Shopify,C4,New,54,8234.0
16/4/18,EUROPE,Retail,C3,New,3701,160798.0
16/4/18,USA,Retail,C4,New,13757,525070.0
16/4/18,SOUTH AMERICA,Retail,C4,New,298,11351.0
16/4/18,AFRICA,Retail,C1,New,80907,2173395.0
16/4/18,EUROPE,Retail,F1,Existing,6040,390657.0
16/4/18,AFRICA,Retail,C4,New,36242,1308224.0
16/4/18,CANADA,Shopify,null,Guest,560,93453.0
16/4/18,ASIA,Shopify,C1,Existing,568,98586.0
16/4/18,EUROPE,Retail,C2,Existing,7789,413867.0
16/4/18,CANADA,Shopify,C1,New,49,6624.0
16/4/18,SOUTH AMERICA,Shopify,F2,Existing,21,4191.0
16/4/18,AFRICA,Retail,C2,New,46673,1580292.0
16/4/18,ASIA,Shopify,F3,New,93,14359.0
16/4/18,SOUTH AMERICA,Shopify,F1,New,2,301.0
16/4/18,OCEANIA,Retail,C4,New,54280,1807455.0
16/4/18,CANADA,Retail,C1,Existing,45808,2096131.0
16/4/18,SOUTH AMERICA,Shopify,F1,Existing,16,3795.0
16/4/18,AFRICA,Retail,C1,Existing,135374,5668447.0
16/4/18,USA,Shopify,C4,New,16,2676.0
16/4/18,OCEANIA,Shopify,F3,Existing,1988,432102.0
16/4/18,EUROPE,Retail,F3,Existing,15631,1033683.0
16/4/18,OCEANIA,Retail,F2,New,84743,3218429.0
16/4/18,ASIA,Retail,C1,New,112772,2566135.0
16/4/18,USA,Retail,F2,New,23003,1036876.0
16/4/18,USA,Retail,C1,New,30878,930470.0
16/4/18,ASIA,Shopify,C2,New,224,33344.0
16/4/18,AFRICA,Retail,C3,Existing,203536,11515897.0
16/4/18,SOUTH AMERICA,Shopify,C2,Existing,62,13108.0
16/4/18,USA,Retail,null,Existing,9351,520565.0
16/4/18,CANADA,Retail,C2,New,12055,393263.0
16/4/18,CANADA,Shopify,F1,New,43,7480.0
16/4/18,AFRICA,Retail,F3,New,58520,2304116.0
16/4/18,OCEANIA,Retail,C1,Existing,195686,7925904.0
16/4/18,EUROPE,Shopify,C1,Existing,73,15065.0
16/4/18,USA,Shopify,null,Guest,1202,237128.0
16/4/18,EUROPE,Shopify,null,Existing,21,4298.0
16/4/18,ASIA,Retail,F2,Existing,181265,9383154.0
16/4/18,ASIA,Shopify,null,New,192,30950.0
16/4/18,AFRICA,Shopify,C4,Existing,197,36219.0
16/4/18,EUROPE,Retail,F2,Existing,12567,877211.0
16/4/18,SOUTH AMERICA,Shopify,C3,New,19,3384.0
16/4/18,EUROPE,Shopify,C4,New,1,83.0
16/4/18,AFRICA,Shopify,F3,Existing,1330,294436.0
16/4/18,ASIA,Retail,null,Existing,28589,1219519.0
16/4/18,CANADA,Shopify,C2,Existing,320,60933.0
16/4/18,OCEANIA,Retail,C1,New,139174,3534829.0
16/4/18,EUROPE,Shopify,C1,New,13,2870.0
16/4/18,CANADA,Shopify,C3,Existing,344,66285.0
16/4/18,USA,Retail,C3,New,35851,1520825.0
16/4/18,AFRICA,Retail,F1,New,21576,835670.0
16/4/18,OCEANIA,Retail,null,Guest,2344201,63023963.0
16/4/18,EUROPE,Shopify,null,Guest,163,42418.0
16/4/18,ASIA,Shopify,C3,Existing,957,185762.0
16/4/18,EUROPE,Retail,C3,Existing,12096,711934.0
16/4/18,AFRICA,Retail,C2,Existing,76157,3717859.0
16/4/18,USA,Shopify,null,New,109,20265.0
16/4/18,ASIA,Retail,F1,Existing,80775,4041668.0
16/4/18,OCEANIA,Shopify,C4,Existing,385,74219.0
16/4/18,ASIA,Retail,F3,New,81711,2679040.0
16/4/18,CANADA,Retail,C4,Existing,19764,1083028.0
16/4/18,EUROPE,Retail,F2,New,1649,78453.0
16/4/18,AFRICA,Shopify,null,New,215,36086.0
16/4/18,CANADA,Shopify,F3,Existing,324,66137.0
16/4/18,USA,Retail,F3,New,23033,995687.0
16/4/18,USA,Shopify,F3,New,39,7434.0
16/4/18,AFRICA,Retail,F2,New,57740,2258926.0
16/4/18,EUROPE,Shopify,F2,New,12,2965.0
16/4/18,AFRICA,Shopify,C2,New,190,31757.0
16/4/18,CANADA,Retail,F1,New,6606,252705.0
16/4/18,SOUTH AMERICA,Retail,null,Existing,532,18757.0
16/4/18,CANADA,Shopify,C3,New,52,8705.0
16/4/18,SOUTH AMERICA,Shopify,F3,New,6,1033.0
16/4/18,ASIA,Retail,F2,New,65262,2147611.0
16/4/18,ASIA,Shopify,C1,New,144,18618.0
16/4/18,USA,Retail,null,Guest,514202,16367918.0
16/4/18,CANADA,Shopify,F1,Existing,309,59717.0
16/4/18,AFRICA,Shopify,C4,New,22,3880.0
16/4/18,SOUTH AMERICA,Shopify,C2,New,23,5060.0
16/4/18,ASIA,Retail,null,Guest,1931060,48170291.0
16/4/18,USA,Shopify,F2,Existing,1436,314198.0
16/4/18,EUROPE,Shopify,null,New,19,3492.0
16/4/18,EUROPE,Retail,C1,New,4255,140282.0
16/4/18,CANADA,Retail,C4,New,11148,386670.0
16/4/18,USA,Shopify,C4,Existing,89,19781.0
16/4/18,EUROPE,Retail,null,Guest,111516,3769189.0
16/4/18,USA,Shopify,C3,New,119,21794.0
16/4/18,AFRICA,Retail,F2,Existing,215977,13323462.0
16/4/18,OCEANIA,Shopify,C1,Existing,1558,284159.0
16/4/18,EUROPE,Shopify,F2,Existing,185,53746.0
16/4/18,EUROPE,Shopify,C4,Existing,8,1751.0
16/4/18,ASIA,Shopify,null,Existing,153,29189.0
16/4/18,CANADA,Shopify,null,Existing,56,10494.0
16/4/18,OCEANIA,Shopify,C2,New,453,73161.0
16/4/18,USA,Shopify,F1,New,88,14921.0
16/4/18,USA,Retail,null,New,20687,958186.0
16/4/18,SOUTH AMERICA,Shopify,null,Guest,761,152311.0
16/4/18,AFRICA,Shopify,C1,Existing,851,150471.0
16/4/18,ASIA,Shopify,C4,Existing,172,29814.0
16/4/18,SOUTH AMERICA,Shopify,C1,Existing,36,7510.0
16/4/18,ASIA,Shopify,C3,New,188,28421.0
16/4/18,ASIA,Retail,null,New,67369,2352414.0
16/4/18,AFRICA,Retail,C4,Existing,78382,4436929.0
16/4/18,EUROPE,Retail,C4,New,1100,41822.0
16/4/18,AFRICA,Shopify,F2,Existing,2452,512283.0
16/4/18,EUROPE,Shopify,C3,Existing,116,34258.0
16/4/18,SOUTH AMERICA,Shopify,F2,New,10,2035.0
16/4/18,CANADA,Retail,null,Existing,7014,356004.0
16/4/18,OCEANIA,Shopify,C3,New,370,61909.0
16/4/18,OCEANIA,Shopify,C2,Existing,2392,477272.0
16/4/18,USA,Shopify,F1,Existing,887,181737.0
16/4/18,OCEANIA,Shopify,C3,Existing,2225,460337.0
16/4/18,USA,Shopify,C1,Existing,513,96193.0
16/4/18,SOUTH AMERICA,Retail,C3,Existing,1011,49863.0
16/4/18,CANADA,Retail,C1,New,28976,804566.0
16/4/18,USA,Shopify,C2,Existing,783,169969.0
16/4/18,ASIA,Shopify,C2,Existing,1034,194243.0
16/4/18,ASIA,Retail,C4,Existing,78793,3762478.0
16/4/18,SOUTH AMERICA,Retail,C1,Existing,1842,56971.0
16/4/18,AFRICA,Shopify,F3,New,87,14661.0
16/4/18,ASIA,Shopify,F3,Existing,908,182261.0
16/4/18,OCEANIA,Shopify,F1,New,245,40628.0
16/4/18,OCEANIA,Retail,null,New,85873,3322838.0
16/4/18,CANADA,Retail,F2,New,15170,584174.0
16/4/18,CANADA,Retail,null,Guest,412486,11302172.0
16/4/18,CANADA,Retail,F3,New,17163,658956.0
16/4/18,SOUTH AMERICA,Shopify,F3,Existing,15,3187.0
16/4/18,SOUTH AMERICA,Retail,C2,New,660,22565.0
16/4/18,OCEANIA,Shopify,F3,New,129,21541.0
16/4/18,USA,Shopify,C2,New,134,31582.0
16/4/18,EUROPE,Retail,F1,New,953,42448.0
16/4/18,SOUTH AMERICA,Retail,F1,New,224,9632.0
16/4/18,OCEANIA,Shopify,null,Existing,350,65843.0
16/4/18,ASIA,Shopify,C4,New,39,5573.0
16/4/18,OCEANIA,Retail,C4,Existing,109412,5913306.0
16/4/18,CANADA,Retail,C3,New,24753,922239.0
16/4/18,CANADA,Shopify,C4,New,7,1270.0
16/4/18,AFRICA,Retail,null,Guest,1456950,43131910.0
16/4/18,SOUTH AMERICA,Retail,C4,Existing,284,14311.0
16/4/18,OCEANIA,Retail,null,Existing,40117,1877472.0
16/4/18,CANADA,Retail,null,New,15880,661772.0
16/4/18,SOUTH AMERICA,Shopify,null,Existing,13,3790.0
16/4/18,CANADA,Retail,F3,Existing,67838,4193597.0
16/4/18,USA,Retail,C1,Existing,42054,2036874.0
16/4/18,USA,Retail,C3,Existing,71304,4483459.0
16/4/18,SOUTH AMERICA,Retail,C2,Existing,626,26535.0
16/4/18,AFRICA,Retail,null,Existing,29166,1439653.0
16/4/18,USA,Retail,C2,Existing,28279,1576874.0
16/4/18,ASIA,Retail,C4,New,44757,1349516.0
16/4/18,SOUTH AMERICA,Retail,C3,New,988,36152.0
16/4/18,AFRICA,Shopify,null,Existing,204,37915.0
16/4/18,SOUTH AMERICA,Retail,F3,New,391,15574.0
16/4/18,CANADA,Shopify,F3,New,17,3055.0
16/4/18,USA,Retail,C2,New,20305,763858.0
16/4/18,OCEANIA,Retail,F3,New,98961,3635701.0
16/4/18,USA,Shopify,null,Existing,94,19195.0
16/4/18,EUROPE,Shopify,F3,New,8,1083.0
16/4/18,AFRICA,Shopify,C3,Existing,1338,279828.0
16/4/18,ASIA,Shopify,F1,Existing,935,169259.0
16/4/18,USA,Shopify,F2,New,124,22882.0
16/4/18,ASIA,Retail,C1,Existing,143289,5055691.0
16/4/18,USA,Shopify,F3,Existing,658,148142.0
9/4/18,ASIA,Retail,F3,Existing,315371,16595123.0
9/4/18,OCEANIA,Retail,F1,New,38845,1397503.0
9/4/18,EUROPE,Shopify,F1,New,8,1133.0
9/4/18,AFRICA,Retail,C2,Existing,82742,3873522.0
9/4/18,OCEANIA,Retail,F1,Existing,120825,6694208.0
9/4/18,EUROPE,Retail,C2,Existing,7436,378776.0
9/4/18,CANADA,Shopify,C1,New,52,7221.0
9/4/18,AFRICA,Retail,F1,Existing,85637,4999003.0
9/4/18,USA,Retail,F2,New,24353,1007741.0
9/4/18,USA,Retail,C1,New,34131,996252.0
9/4/18,USA,Shopify,C4,New,16,4624.0
9/4/18,AFRICA,Retail,C4,New,38759,1347219.0
9/4/18,EUROPE,Retail,F1,New,882,37394.0
9/4/18,AFRICA,Shopify,C1,New,160,23172.0
9/4/18,ASIA,Retail,F2,Existing,183965,9499541.0
9/4/18,ASIA,Shopify,C4,New,27,3557.0
9/4/18,SOUTH AMERICA,Retail,F2,New,453,18453.0
9/4/18,CANADA,Retail,F1,Existing,21923,1274475.0
9/4/18,ASIA,Shopify,null,Guest,2047,339389.0
9/4/18,EUROPE,Retail,C3,New,3474,147405.0
9/4/18,OCEANIA,Retail,F2,New,82531,2972108.0
9/4/18,ASIA,Shopify,C4,Existing,142,24912.0
9/4/18,SOUTH AMERICA,Shopify,C1,Existing,32,6121.0
9/4/18,OCEANIA,Shopify,C4,Existing,367,71587.0
9/4/18,CANADA,Shopify,C3,New,49,7944.0
9/4/18,AFRICA,Shopify,null,Guest,2402,424063.0
9/4/18,SOUTH AMERICA,Shopify,C4,Existing,8,1521.0
9/4/18,ASIA,Retail,F2,New,66531,2174009.0
9/4/18,USA,Shopify,F2,Existing,1285,286176.0
9/4/18,USA,Shopify,null,New,94,18263.0
9/4/18,CANADA,Shopify,null,New,47,7809.0
9/4/18,ASIA,Retail,F1,Existing,82957,4192744.0
9/4/18,USA,Retail,C4,New,14807,551517.0
9/4/18,AFRICA,Retail,C3,Existing,218786,11982731.0
9/4/18,EUROPE,Shopify,F1,Existing,77,18582.0
9/4/18,CANADA,Retail,C4,New,11712,392890.0
9/4/18,USA,Shopify,C4,Existing,81,16388.0
9/4/18,AFRICA,Retail,null,New,64076,2649999.0
9/4/18,OCEANIA,Retail,null,Guest,2411420,62331568.0
9/4/18,EUROPE,Retail,C3,Existing,11693,662223.0
9/4/18,EUROPE,Shopify,null,Guest,139,31225.0
9/4/18,AFRICA,Retail,F2,New,61899,2352222.0
9/4/18,CANADA,Shopify,F3,Existing,323,64802.0
9/4/18,SOUTH AMERICA,Shopify,C2,Existing,73,16512.0
9/4/18,EUROPE,Retail,C2,New,2661,97528.0
9/4/18,AFRICA,Shopify,C4,Existing,218,43848.0
9/4/18,OCEANIA,Shopify,F3,New,140,23066.0
9/4/18,ASIA,Shopify,null,New,176,27719.0
9/4/18,ASIA,Shopify,C1,New,144,17133.0
9/4/18,EUROPE,Shopify,F2,New,2,389.0
9/4/18,ASIA,Retail,C4,Existing,79752,3751192.0
9/4/18,EUROPE,Retail,F2,New,1631,70529.0
9/4/18,EUROPE,Shopify,C1,New,10,2006.0
9/4/18,SOUTH AMERICA,Shopify,C3,Existing,41,8928.0
9/4/18,CANADA,Retail,C2,New,13062,418854.0
9/4/18,OCEANIA,Retail,F3,Existing,411401,23922892.0
9/4/18,CANADA,Shopify,C2,New,47,7577.0
9/4/18,AFRICA,Shopify,F2,Existing,2545,534560.0
9/4/18,USA,Retail,F2,Existing,75629,4893677.0
9/4/18,AFRICA,Retail,C1,New,87744,2299083.0
9/4/18,ASIA,Shopify,null,Existing,159,29328.0
9/4/18,OCEANIA,Shopify,C1,Existing,1533,274534.0
9/4/18,AFRICA,Shopify,C1,Existing,961,169780.0
9/4/18,SOUTH AMERICA,Retail,C2,Existing,600,23166.0
9/4/18,OCEANIA,Shopify,C2,Existing,2364,460972.0
9/4/18,SOUTH AMERICA,Shopify,null,Guest,750,150354.0
9/4/18,USA,Shopify,F1,Existing,896,179813.0
9/4/18,SOUTH AMERICA,Retail,C4,New,261,10428.0
9/4/18,OCEANIA,Shopify,F2,Existing,3112,653981.0
9/4/18,CANADA,Shopify,C4,Existing,41,7738.0
9/4/18,SOUTH AMERICA,Shopify,C2,New,28,4501.0
9/4/18,OCEANIA,Retail,C1,New,142082,3559022.0
9/4/18,SOUTH AMERICA,Retail,null,New,2095,67310.0
9/4/18,OCEANIA,Retail,null,New,87229,3345326.0
9/4/18,CANADA,Shopify,null,Guest,555,96389.0
9/4/18,SOUTH AMERICA,Shopify,F1,New,4,606.0
9/4/18,SOUTH AMERICA,Shopify,null,New,40,6414.0
9/4/18,SOUTH AMERICA,Retail,null,Existing,560,21350.0
9/4/18,CANADA,Retail,F3,Existing,71512,4212794.0
9/4/18,ASIA,Shopify,F1,Existing,1018,187984.0
9/4/18,CANADA,Shopify,C2,Existing,314,59082.0
9/4/18,ASIA,Shopify,F3,Existing,907,187845.0
9/4/18,OCEANIA,Shopify,F1,New,230,38925.0
9/4/18,OCEANIA,Retail,C1,Existing,196627,7758132.0
9/4/18,EUROPE,Shopify,C1,Existing,75,15609.0
9/4/18,EUROPE,Shopify,F3,Existing,94,25783.0
9/4/18,USA,Shopify,F3,New,37,6735.0
9/4/18,ASIA,Shopify,C2,New,212,29854.0
9/4/18,EUROPE,Shopify,F3,New,1,274.0
9/4/18,ASIA,Retail,C1,New,114349,2589226.0
9/4/18,USA,Shopify,C2,New,140,28817.0
9/4/18,CANADA,Shopify,C4,New,10,1711.0
9/4/18,SOUTH AMERICA,Retail,C1,New,1781,41204.0
9/4/18,ASIA,Shopify,C3,Existing,974,188498.0
9/4/18,AFRICA,Shopify,C2,New,191,30239.0
9/4/18,AFRICA,Retail,C3,New,96946,3590649.0
9/4/18,SOUTH AMERICA,Retail,C1,Existing,1815,50776.0
9/4/18,CANADA,Shopify,F2,New,48,7319.0
9/4/18,AFRICA,Shopify,F3,New,80,13430.0
9/4/18,CANADA,Shopify,F2,Existing,581,116065.0
9/4/18,EUROPE,Retail,null,Guest,109809,3550865.0
9/4/18,OCEANIA,Shopify,null,Existing,352,70100.0
9/4/18,OCEANIA,Retail,C4,New,55735,1827357.0
9/4/18,AFRICA,Shopify,F2,New,193,30558.0
9/4/18,OCEANIA,Retail,C3,Existing,257333,13554985.0
9/4/18,AFRICA,Shopify,C3,Existing,1480,309772.0
9/4/18,SOUTH AMERICA,Retail,F1,New,255,11060.0
9/4/18,AFRICA,Shopify,C2,Existing,1312,257282.0
9/4/18,USA,Retail,null,New,22615,989467.0
9/4/18,AFRICA,Shopify,F1,New,109,17874.0
9/4/18,ASIA,Retail,C3,Existing,187202,8900251.0
9/4/18,OCEANIA,Shopify,null,Guest,4553,816394.0
9/4/18,EUROPE,Retail,F3,New,1571,63783.0
9/4/18,ASIA,Shopify,F3,New,78,12647.0
9/4/18,SOUTH AMERICA,Retail,C4,Existing,331,16187.0
9/4/18,EUROPE,Retail,F3,Existing,15181,980218.0
9/4/18,CANADA,Retail,null,New,16537,667273.0
9/4/18,CANADA,Shopify,F1,New,45,6526.0
9/4/18,SOUTH AMERICA,Shopify,null,Existing,15,2884.0
9/4/18,ASIA,Retail,null,Guest,1981882,48333386.0
9/4/18,OCEANIA,Shopify,C1,New,275,38541.0
9/4/18,USA,Shopify,C2,Existing,757,153058.0
9/4/18,OCEANIA,Retail,F2,Existing,265980,14830227.0
9/4/18,EUROPE,Shopify,F2,Existing,117,32316.0
9/4/18,SOUTH AMERICA,Shopify,C4,New,2,174.0
9/4/18,AFRICA,Retail,F2,Existing,235769,13963081.0
9/4/18,CANADA,Shopify,F3,New,24,3524.0
9/4/18,USA,Shopify,C3,Existing,811,176123.0
9/4/18,USA,Shopify,F2,New,110,19130.0
9/4/18,CANADA,Retail,C2,Existing,16494,768215.0
9/4/18,EUROPE,Retail,F2,Existing,12416,811861.0
9/4/18,USA,Retail,F3,New,24711,1012567.0
9/4/18,AFRICA,Retail,C2,New,50601,1665462.0
9/4/18,USA,Retail,C3,New,39209,1622243.0
9/4/18,EUROPE,Retail,C4,New,980,38352.0
9/4/18,CANADA,Shopify,null,Existing,59,11342.0
9/4/18,CANADA,Retail,C3,New,26034,935345.0
9/4/18,USA,Shopify,C3,New,95,17712.0
9/4/18,SOUTH AMERICA,Shopify,C3,New,21,3146.0
9/4/18,EUROPE,Shopify,C4,New,1,187.0
9/4/18,CANADA,Retail,C1,New,31239,843143.0
9/4/18,ASIA,Retail,null,Existing,30089,1268707.0
9/4/18,ASIA,Retail,C2,New,71925,1976392.0
9/4/18,AFRICA,Retail,C4,Existing,83083,4555961.0
9/4/18,ASIA,Retail,null,New,69680,2417623.0
9/4/18,OCEANIA,Retail,F3,New,98280,3479333.0
9/4/18,CANADA,Retail,F2,Existing,49272,2814972.0
9/4/18,CANADA,Shopify,C1,Existing,266,45508.0
9/4/18,AFRICA,Retail,null,Guest,1608470,45903609.0
9/4/18,OCEANIA,Shopify,C4,New,65,9535.0
9/4/18,USA,Retail,F1,New,10862,475152.0
9/4/18,EUROPE,Shopify,C2,New,7,1658.0
9/4/18,ASIA,Retail,C4,New,45855,1354920.0
9/4/18,EUROPE,Shopify,C2,Existing,92,22625.0
9/4/18,AFRICA,Retail,null,Existing,32058,1532770.0
9/4/18,OCEANIA,Retail,C2,New,87079,2572285.0
9/4/18,SOUTH AMERICA,Retail,C3,Existing,1050,53404.0
9/4/18,EUROPE,Retail,C4,Existing,3112,178532.0
9/4/18,OCEANIA,Retail,null,Existing,41431,1886130.0
9/4/18,USA,Shopify,null,Guest,1225,238093.0
9/4/18,EUROPE,Shopify,null,Existing,14,5494.0
9/4/18,OCEANIA,Retail,C4,Existing,111685,5967474.0
9/4/18,EUROPE,Shopify,C4,Existing,6,1867.0
9/4/18,ASIA,Retail,C1,Existing,144910,5089135.0
9/4/18,USA,Retail,C3,Existing,77346,4667161.0
9/4/18,OCEANIA,Shopify,C3,Existing,2161,451182.0
9/4/18,USA,Retail,C1,Existing,46225,2153820.0
9/4/18,CANADA,Retail,F1,New,7107,271702.0
9/4/18,USA,Retail,null,Existing,10110,529559.0
9/4/18,ASIA,Shopify,C3,New,162,26038.0
9/4/18,OCEANIA,Shopify,null,New,314,55309.0
9/4/18,USA,Shopify,C1,Existing,503,94720.0
9/4/18,USA,Retail,C2,Existing,31169,1667933.0
9/4/18,AFRICA,Retail,F3,New,62020,2359144.0
9/4/18,CANADA,Retail,F2,New,16156,590484.0
9/4/18,SOUTH AMERICA,Retail,F3,New,410,18424.0
9/4/18,CANADA,Retail,C3,Existing,46226,2492995.0
9/4/18,USA,Retail,C4,Existing,28254,1639929.0
9/4/18,AFRICA,Shopify,null,Existing,231,43743.0
9/4/18,AFRICA,Shopify,C3,New,171,29391.0
9/4/18,USA,Retail,C2,New,22553,827154.0
9/4/18,CANADA,Retail,C1,Existing,48325,2132218.0
9/4/18,AFRICA,Shopify,C4,New,31,4647.0
9/4/18,USA,Shopify,C1,New,130,17709.0
9/4/18,OCEANIA,Shopify,C2,New,438,66588.0
9/4/18,USA,Shopify,F1,New,83,14352.0
9/4/18,EUROPE,Retail,F1,Existing,5913,386689.0
9/4/18,OCEANIA,Shopify,F3,Existing,1840,387768.0
9/4/18,SOUTH AMERICA,Retail,F3,Existing,1024,51096.0
9/4/18,SOUTH AMERICA,Shopify,F2,New,8,1271.0
9/4/18,CANADA,Retail,null,Existing,7593,374733.0
9/4/18,OCEANIA,Shopify,C3,New,291,49182.0
9/4/18,SOUTH AMERICA,Retail,null,Guest,386396,15034620.0
9/4/18,OCEANIA,Retail,C2,Existing,115175,4943767.0
9/4/18,USA,Retail,F1,Existing,33294,2168742.0
9/4/18,ASIA,Shopify,F2,New,145,22900.0
9/4/18,AFRICA,Shopify,F1,Existing,1443,281292.0
9/4/18,SOUTH AMERICA,Retail,C2,New,651,23225.0
9/4/18,ASIA,Shopify,F1,New,115,17292.0
9/4/18,AFRICA,Retail,F1,New,23292,886032.0
9/4/18,ASIA,Shopify,C2,Existing,1040,191079.0
9/4/18,SOUTH AMERICA,Shopify,F2,Existing,21,4473.0
9/4/18,OCEANIA,Shopify,F1,Existing,2334,462289.0
9/4/18,CANADA,Retail,null,Guest,447736,11711302.0
9/4/18,USA,Shopify,F3,Existing,590,138249.0
9/4/18,USA,Retail,null,Guest,570884,17366009.0
9/4/18,USA,Shopify,null,Existing,90,17242.0
9/4/18,ASIA,Shopify,F2,Existing,1444,277972.0
9/4/18,ASIA,Retail,F1,New,30161,1004580.0
9/4/18,ASIA,Retail,C3,New,106865,3385864.0
9/4/18,CANADA,Retail,F3,New,18269,673608.0
9/4/18,SOUTH AMERICA,Shopify,F3,Existing,10,2171.0
9/4/18,USA,Retail,F3,Existing,106932,7080518.0
9/4/18,CANADA,Shopify,F1,Existing,363,72058.0
9/4/18,OCEANIA,Shopify,F2,New,228,38955.0
9/4/18,CANADA,Retail,C4,Existing,20579,1089912.0
9/4/18,AFRICA,Retail,C1,Existing,147970,6009879.0
9/4/18,EUROPE,Retail,C1,New,4133,130565.0
9/4/18,AFRICA,Shopify,null,New,186,30461.0
9/4/18,EUROPE,Retail,null,Existing,2488,123427.0
9/4/18,CANADA,Shopify,C3,Existing,342,67145.0
9/4/18,AFRICA,Retail,F3,Existing,316401,19182152.0
9/4/18,EUROPE,Retail,null,New,3271,146056.0
9/4/18,SOUTH AMERICA,Retail,C3,New,1055,40674.0
9/4/18,SOUTH AMERICA,Shopify,F1,Existing,24,6196.0
9/4/18,EUROPE,Shopify,null,New,10,1425.0
9/4/18,SOUTH AMERICA,Shopify,C1,New,11,1972.0
9/4/18,ASIA,Shopify,C1,Existing,589,100155.0
9/4/18,OCEANIA,Retail,C3,New,130999,4520935.0
9/4/18,ASIA,Retail,C2,Existing,92579,3721604.0
9/4/18,EUROPE,Shopify,C3,New,6,1835.0
9/4/18,SOUTH AMERICA,Retail,F1,Existing,511,24898.0
9/4/18,EUROPE,Retail,C1,Existing,12969,615714.0
9/4/18,AFRICA,Shopify,F3,Existing,1406,306034.0
9/4/18,SOUTH AMERICA,Retail,F2,Existing,989,50805.0
9/4/18,ASIA,Retail,F3,New,83184,2689387.0
9/4/18,EUROPE,Shopify,C3,Existing,85,23765.0
2/4/18,CANADA,Shopify,null,Existing,66,12145.0
2/4/18,USA,Shopify,C2,New,139,24590.0
2/4/18,ASIA,Retail,C4,New,46965,1412965.0
2/4/18,SOUTH AMERICA,Retail,null,Existing,502,16035.0
2/4/18,USA,Retail,null,New,22379,1017243.0
2/4/18,EUROPE,Shopify,F3,New,1,38.0
2/4/18,USA,Shopify,C1,Existing,534,101964.0
2/4/18,CANADA,Retail,C3,New,26533,954070.0
2/4/18,OCEANIA,Retail,C4,Existing,112989,6133828.0
2/4/18,USA,Shopify,C3,Existing,942,205837.0
2/4/18,EUROPE,Shopify,C4,Existing,6,1302.0
2/4/18,OCEANIA,Shopify,null,Existing,372,72125.0
2/4/18,SOUTH AMERICA,Retail,F3,New,408,17722.0
2/4/18,CANADA,Shopify,F3,New,31,4871.0
2/4/18,SOUTH AMERICA,Retail,C2,New,629,22319.0
2/4/18,CANADA,Retail,F3,New,18491,696799.0
2/4/18,SOUTH AMERICA,Shopify,F3,Existing,13,2864.0
2/4/18,OCEANIA,Shopify,C2,New,461,72788.0
2/4/18,USA,Shopify,F1,New,96,16986.0
2/4/18,OCEANIA,Retail,C4,New,56930,1906747.0
2/4/18,USA,Retail,F3,New,25287,1072260.0
2/4/18,SOUTH AMERICA,Retail,C4,Existing,359,20513.0
2/4/18,ASIA,Retail,null,New,68464,2422668.0
2/4/18,AFRICA,Retail,C4,Existing,83189,4628173.0
2/4/18,EUROPE,Shopify,null,New,7,575.0
2/4/18,ASIA,Shopify,C2,Existing,1033,188801.0
2/4/18,CANADA,Retail,F1,New,7157,264171.0
2/4/18,SOUTH AMERICA,Shopify,F1,Existing,20,4523.0
2/4/18,SOUTH AMERICA,Retail,C3,New,1005,40221.0
2/4/18,AFRICA,Shopify,null,Existing,218,40439.0
2/4/18,SOUTH AMERICA,Retail,C3,Existing,1167,54063.0
2/4/18,OCEANIA,Retail,null,Existing,39863,1843174.0
2/4/18,USA,Retail,C1,Existing,46903,2230839.0
2/4/18,EUROPE,Retail,F2,Existing,12349,845816.0
2/4/18,CANADA,Shopify,C3,Existing,405,80309.0
2/4/18,OCEANIA,Shopify,null,New,339,56443.0
2/4/18,USA,Shopify,C3,New,119,21574.0
2/4/18,SOUTH AMERICA,Shopify,C3,New,17,2914.0
2/4/18,AFRICA,Shopify,C3,New,192,32064.0
2/4/18,OCEANIA,Retail,F3,New,101709,3652238.0
2/4/18,CANADA,Retail,C2,New,13111,415793.0
2/4/18,SOUTH AMERICA,Retail,null,New,2129,68249.0
2/4/18,CANADA,Retail,F2,New,16573,613325.0
2/4/18,SOUTH AMERICA,Shopify,F2,Existing,18,3704.0
2/4/18,SOUTH AMERICA,Shopify,C2,Existing,76,17064.0
2/4/18,USA,Retail,null,Existing,9713,520040.0
2/4/18,AFRICA,Retail,null,Existing,30509,1479891.0
2/4/18,USA,Retail,C2,Existing,31788,1728988.0
2/4/18,SOUTH AMERICA,Shopify,F1,New,2,381.0
2/4/18,CANADA,Retail,C4,Existing,20772,1119062.0
2/4/18,CANADA,Shopify,C2,Existing,382,73740.0
2/4/18,AFRICA,Retail,C1,New,89814,2362907.0
2/4/18,CANADA,Retail,C2,Existing,16861,785617.0
2/4/18,CANADA,Shopify,C4,New,9,1038.0
2/4/18,OCEANIA,Shopify,F3,Existing,1973,422184.0
2/4/18,AFRICA,Retail,F1,New,23309,895138.0
2/4/18,EUROPE,Retail,C1,New,4264,138575.0
2/4/18,AFRICA,Shopify,null,New,204,33977.0
2/4/18,ASIA,Retail,C4,Existing,81044,3861365.0
2/4/18,EUROPE,Retail,F2,New,1612,76475.0
2/4/18,ASIA,Shopify,null,Existing,130,22878.0
2/4/18,SOUTH AMERICA,Retail,F3,Existing,1055,54212.0
2/4/18,ASIA,Retail,C3,New,108281,3437827.0
2/4/18,AFRICA,Retail,C1,Existing,149628,6100023.0
2/4/18,OCEANIA,Shopify,F2,Existing,3324,699567.0
2/4/18,EUROPE,Retail,C2,New,2649,99236.0
2/4/18,EUROPE,Shopify,F3,Existing,96,26906.0
2/4/18,CANADA,Shopify,null,Guest,661,114382.0
2/4/18,ASIA,Shopify,C1,Existing,604,102363.0
2/4/18,OCEANIA,Shopify,C1,Existing,1607,286425.0
2/4/18,ASIA,Shopify,C2,New,209,28949.0
2/4/18,OCEANIA,Retail,C2,New,87831,2563689.0
2/4/18,USA,Retail,F1,New,10415,439401.0
2/4/18,EUROPE,Shopify,C2,New,11,2731.0
2/4/18,USA,Shopify,null,Guest,1255,244203.0
2/4/18,EUROPE,Shopify,null,Existing,13,4957.0
2/4/18,CANADA,Retail,C3,Existing,46935,2551752.0
2/4/18,EUROPE,Retail,C3,Existing,11807,687613.0
2/4/18,ASIA,Shopify,F1,New,121,17366.0
2/4/18,SOUTH AMERICA,Retail,F2,Existing,1001,51289.0
2/4/18,OCEANIA,Retail,C3,Existing,261475,13981503.0
2/4/18,EUROPE,Shopify,C3,Existing,90,24989.0
2/4/18,AFRICA,Shopify,F2,Existing,2583,539151.0
2/4/18,AFRICA,Shopify,F3,Existing,1393,297680.0
2/4/18,USA,Retail,C2,New,22784,850931.0
2/4/18,OCEANIA,Shopify,F3,New,139,20721.0
2/4/18,AFRICA,Shopify,C4,New,46,7303.0
2/4/18,ASIA,Retail,F3,New,84198,2776646.0
2/4/18,USA,Shopify,F3,Existing,673,156919.0
2/4/18,USA,Retail,C3,Existing,78698,4855219.0
2/4/18,CANADA,Retail,null,Existing,7386,371998.0
2/4/18,OCEANIA,Shopify,C3,New,337,57229.0
2/4/18,SOUTH AMERICA,Retail,C4,New,276,12035.0
2/4/18,USA,Shopify,C2,Existing,792,166578.0
2/4/18,ASIA,Retail,F1,New,29385,975999.0
2/4/18,ASIA,Retail,F1,Existing,82106,4175235.0
2/4/18,AFRICA,Retail,C3,Existing,219152,12059367.0
2/4/18,OCEANIA,Retail,C1,New,143233,3551497.0
2/4/18,EUROPE,Shopify,C1,New,11,1742.0
2/4/18,USA,Retail,C3,New,40073,1678446.0
2/4/18,ASIA,Retail,C2,New,71410,1968500.0
2/4/18,OCEANIA,Shopify,C2,Existing,2448,483229.0
2/4/18,USA,Shopify,F1,Existing,928,193769.0
2/4/18,ASIA,Shopify,C4,Existing,164,28961.0
2/4/18,SOUTH AMERICA,Shopify,C1,Existing,29,5246.0
2/4/18,SOUTH AMERICA,Shopify,C1,New,8,1390.0
2/4/18,CANADA,Shopify,F2,New,47,7152.0
2/4/18,EUROPE,Retail,F1,Existing,6021,390376.0
2/4/18,OCEANIA,Retail,F3,Existing,425620,25001984.0
2/4/18,CANADA,Shopify,C2,New,63,8655.0
2/4/18,ASIA,Retail,F2,New,65817,2217589.0
2/4/18,ASIA,Shopify,C1,New,143,20149.0
2/4/18,CANADA,Shopify,F2,Existing,727,141975.0
2/4/18,CANADA,Shopify,C4,Existing,55,10217.0
2/4/18,ASIA,Shopify,C3,Existing,908,171575.0
2/4/18,AFRICA,Retail,C2,New,50785,1669677.0
2/4/18,SOUTH AMERICA,Shopify,null,Guest,785,158601.0
2/4/18,SOUTH AMERICA,Retail,C2,Existing,543,23509.0
2/4/18,OCEANIA,Retail,F2,Existing,278893,15538612.0
2/4/18,EUROPE,Shopify,F2,Existing,139,36171.0
2/4/18,SOUTH AMERICA,Shopify,null,New,37,7059.0
2/4/18,CANADA,Retail,C4,New,11890,400783.0
2/4/18,USA,Shopify,C4,Existing,88,17699.0
2/4/18,USA,Retail,null,Guest,577090,17861174.0
2/4/18,ASIA,Retail,C3,Existing,188697,9005268.0
2/4/18,EUROPE,Retail,C4,Existing,3077,177951.0
2/4/18,AFRICA,Retail,F3,New,62083,2412566.0
2/4/18,SOUTH AMERICA,Shopify,F2,New,9,1415.0
2/4/18,EUROPE,Shopify,F2,New,5,523.0
2/4/18,SOUTH AMERICA,Retail,F1,Existing,555,27481.0
2/4/18,EUROPE,Shopify,C2,Existing,102,25894.0
2/4/18,OCEANIA,Retail,null,Guest,2434729,63249656.0
2/4/18,EUROPE,Shopify,null,Guest,135,30410.0
2/4/18,ASIA,Retail,null,Guest,1972045,48838577.0
2/4/18,CANADA,Retail,null,Guest,451899,12004061.0
2/4/18,USA,Retail,F2,Existing,80779,5259842.0
2/4/18,SOUTH AMERICA,Shopify,C4,New,2,388.0
2/4/18,SOUTH AMERICA,Retail,C1,Existing,1889,55056.0
2/4/18,AFRICA,Shopify,F3,New,88,14737.0
2/4/18,OCEANIA,Shopify,C3,Existing,2358,482309.0
2/4/18,USA,Shopify,F2,Existing,1398,306702.0
2/4/18,USA,Shopify,F2,New,130,24547.0
2/4/18,AFRICA,Retail,null,Guest,1623417,46583989.0
2/4/18,CANADA,Retail,F2,Existing,51650,3021390.0
2/4/18,AFRICA,Shopify,F1,New,123,19105.0
2/4/18,CANADA,Retail,F3,Existing,73520,4437032.0
2/4/18,ASIA,Shopify,C3,New,166,24418.0
2/4/18,ASIA,Shopify,null,Guest,2033,323257.0
2/4/18,EUROPE,Retail,null,Existing,2398,119192.0
2/4/18,EUROPE,Shopify,F1,Existing,88,17618.0
2/4/18,USA,Shopify,C4,New,13,2364.0
2/4/18,OCEANIA,Shopify,null,Guest,4719,882516.0
2/4/18,AFRICA,Shopify,F2,New,202,35580.0
2/4/18,OCEANIA,Shopify,C1,New,285,38634.0
2/4/18,EUROPE,Retail,null,New,3353,149340.0
2/4/18,OCEANIA,Retail,F1,Existing,123222,6711538.0
2/4/18,EUROPE,Retail,C3,New,3519,156201.0
2/4/18,USA,Retail,F3,Existing,111505,7595569.0
2/4/18,CANADA,Retail,F1,Existing,21939,1254239.0
2/4/18,AFRICA,Shopify,F1,Existing,1484,282896.0
2/4/18,AFRICA,Retail,C3,New,98760,3696703.0
2/4/18,OCEANIA,Retail,C1,Existing,200105,7935120.0
2/4/18,EUROPE,Shopify,C1,Existing,75,15379.0
2/4/18,OCEANIA,Shopify,F1,New,237,39137.0
2/4/18,ASIA,Shopify,F3,Existing,856,174563.0
2/4/18,SOUTH AMERICA,Retail,F1,New,263,11944.0
2/4/18,CANADA,Shopify,C1,Existing,325,56090.0
2/4/18,OCEANIA,Retail,C3,New,133384,4641135.0
2/4/18,ASIA,Retail,C2,Existing,92360,3748549.0
2/4/18,EUROPE,Shopify,C3,New,6,1763.0
2/4/18,AFRICA,Shopify,C2,Existing,1249,245952.0
2/4/18,AFRICA,Retail,C4,New,39424,1398861.0
2/4/18,EUROPE,Retail,F1,New,897,44170.0
2/4/18,ASIA,Retail,null,Existing,28288,1209215.0
2/4/18,ASIA,Shopify,F1,Existing,1006,179752.0
2/4/18,AFRICA,Shopify,C2,New,194,31505.0
2/4/18,OCEANIA,Shopify,F1,Existing,2449,474217.0
2/4/18,SOUTH AMERICA,Shopify,null,Existing,15,4436.0
2/4/18,CANADA,Shopify,F1,New,54,9455.0
2/4/18,CANADA,Retail,null,New,16998,689404.0
2/4/18,OCEANIA,Shopify,F2,New,269,42010.0
2/4/18,AFRICA,Shopify,C3,Existing,1475,304946.0
2/4/18,AFRICA,Shopify,C1,New,156,21876.0
2/4/18,OCEANIA,Retail,F2,New,85226,3051256.0
2/4/18,USA,Shopify,C1,New,132,18251.0
2/4/18,SOUTH AMERICA,Retail,null,Guest,394861,15521788.0
2/4/18,ASIA,Shopify,F2,New,152,23222.0
2/4/18,CANADA,Retail,C1,New,31604,850068.0
2/4/18,EUROPE,Retail,C2,Existing,7560,393080.0
2/4/18,CANADA,Shopify,C1,New,47,6989.0
2/4/18,SOUTH AMERICA,Retail,C1,New,1803,41683.0
2/4/18,SOUTH AMERICA,Shopify,C3,Existing,53,11988.0
2/4/18,ASIA,Shopify,F3,New,64,8979.0
2/4/18,SOUTH AMERICA,Retail,F2,New,445,18333.0
2/4/18,SOUTH AMERICA,Shopify,C2,New,26,5154.0
2/4/18,EUROPE,Retail,F3,Existing,15178,1001736.0
2/4/18,SOUTH AMERICA,Shopify,F3,New,2,196.0
2/4/18,AFRICA,Shopify,C1,Existing,934,160602.0
2/4/18,AFRICA,Retail,F3,Existing,316315,19496578.0
2/4/18,EUROPE,Retail,C4,New,1011,37823.0
2/4/18,CANADA,Shopify,F1,Existing,397,73185.0
2/4/18,CANADA,Retail,C1,Existing,48974,2212662.0
2/4/18,USA,Retail,F2,New,25293,1050962.0
2/4/18,OCEANIA,Retail,null,New,87598,3314440.0
2/4/18,AFRICA,Retail,F2,New,62704,2453624.0
2/4/18,AFRICA,Retail,F2,Existing,233776,14379404.0
2/4/18,ASIA,Retail,F2,Existing,181340,9704100.0
2/4/18,USA,Retail,C1,New,34465,1017516.0
2/4/18,AFRICA,Retail,F1,Existing,86153,5052772.0
2/4/18,USA,Retail,C4,New,15399,593198.0
2/4/18,ASIA,Retail,C1,New,113905,2600697.0
2/4/18,OCEANIA,Shopify,C4,New,57,8645.0
2/4/18,AFRICA,Retail,null,New,63846,2683663.0
2/4/18,ASIA,Retail,C1,Existing,144786,5115431.0
2/4/18,OCEANIA,Retail,C2,Existing,117498,5012153.0
2/4/18,USA,Retail,F1,Existing,34080,2217134.0
2/4/18,AFRICA,Shopify,null,Guest,2338,424260.0
2/4/18,SOUTH AMERICA,Shopify,C4,Existing,9,1933.0
2/4/18,CANADA,Shopify,F3,Existing,382,77629.0
2/4/18,AFRICA,Shopify,C4,Existing,208,40851.0
2/4/18,ASIA,Shopify,null,New,164,25087.0
2/4/18,ASIA,Shopify,C4,New,28,3826.0
2/4/18,AFRICA,Retail,C2,Existing,83111,3933235.0
2/4/18,ASIA,Shopify,F2,Existing,1450,290503.0
2/4/18,EUROPE,Retail,C1,Existing,13165,640147.0
2/4/18,CANADA,Shopify,C3,New,86,13002.0
2/4/18,OCEANIA,Shopify,C4,Existing,408,80285.0
2/4/18,EUROPE,Retail,F3,New,1584,69919.0
2/4/18,EUROPE,Retail,null,Guest,109367,3649176.0
2/4/18,CANADA,Shopify,null,New,70,11228.0
2/4/18,USA,Retail,C4,Existing,28551,1711148.0
2/4/18,USA,Shopify,null,New,99,18064.0
2/4/18,ASIA,Retail,F3,Existing,314499,16831619.0
2/4/18,OCEANIA,Retail,F1,New,38450,1355546.0
2/4/18,EUROPE,Shopify,F1,New,8,1644.0
2/4/18,USA,Shopify,null,Existing,100,19335.0
2/4/18,USA,Shopify,F3,New,51,9385.0
26/3/18,CANADA,Retail,F2,New,16700,632396.0
26/3/18,USA,Retail,C3,Existing,77859,4724108.0
26/3/18,AFRICA,Retail,F1,New,23569,905823.0
26/3/18,EUROPE,Retail,F1,New,903,39900.0
26/3/18,SOUTH AMERICA,Shopify,C1,New,13,1864.0
26/3/18,CANADA,Shopify,null,New,52,8839.0
26/3/18,OCEANIA,Retail,F1,Existing,126157,6864699.0
26/3/18,OCEANIA,Shopify,C4,Existing,425,77934.0
26/3/18,EUROPE,Retail,C2,Existing,7452,373224.0
26/3/18,CANADA,Shopify,C1,New,52,6622.0
26/3/18,SOUTH AMERICA,Shopify,F2,Existing,22,4468.0
26/3/18,SOUTH AMERICA,Shopify,C3,New,17,3036.0
26/3/18,ASIA,Shopify,C4,New,30,4050.0
26/3/18,EUROPE,Retail,null,Guest,108082,3488521.0
26/3/18,ASIA,Shopify,F3,New,58,8694.0
26/3/18,USA,Shopify,null,New,102,18647.0
26/3/18,SOUTH AMERICA,Shopify,C2,New,31,5715.0
26/3/18,OCEANIA,Retail,F2,New,88132,3179568.0
26/3/18,CANADA,Retail,C1,Existing,49652,2257802.0
26/3/18,USA,Retail,F1,Existing,34589,2247059.0
26/3/18,SOUTH AMERICA,Shopify,C4,Existing,6,1172.0
26/3/18,EUROPE,Retail,F3,Existing,14907,949673.0
26/3/18,USA,Retail,C2,Existing,31824,1701846.0
26/3/18,CANADA,Shopify,F3,New,25,4230.0
26/3/18,SOUTH AMERICA,Retail,C3,Existing,1161,57800.0
26/3/18,ASIA,Retail,F2,Existing,171020,8726454.0
26/3/18,USA,Shopify,C1,New,120,16207.0
26/3/18,USA,Retail,C4,New,15029,571887.0
26/3/18,AFRICA,Shopify,C4,Existing,217,44269.0
26/3/18,ASIA,Shopify,null,New,182,27552.0
26/3/18,EUROPE,Shopify,F1,Existing,95,22017.0
26/3/18,ASIA,Shopify,C4,Existing,152,25673.0
26/3/18,EUROPE,Shopify,C3,Existing,97,28717.0
26/3/18,OCEANIA,Shopify,F2,Existing,3845,787254.0
26/3/18,USA,Retail,F2,Existing,83546,5453458.0
26/3/18,SOUTH AMERICA,Retail,F2,Existing,1077,51682.0
26/3/18,CANADA,Retail,C1,New,32858,906090.0
26/3/18,SOUTH AMERICA,Shopify,C1,Existing,43,8662.0
26/3/18,OCEANIA,Shopify,F3,New,141,20603.0
26/3/18,USA,Shopify,C4,Existing,88,18197.0
26/3/18,OCEANIA,Retail,F2,Existing,291062,16487477.0
26/3/18,EUROPE,Shopify,C2,Existing,98,24809.0
26/3/18,SOUTH AMERICA,Retail,F1,Existing,570,29525.0
26/3/18,AFRICA,Shopify,F3,New,83,14300.0
26/3/18,OCEANIA,Shopify,C1,Existing,1762,310853.0
26/3/18,AFRICA,Retail,null,Guest,1620731,45998717.0
26/3/18,USA,Shopify,F2,Existing,1455,303272.0
26/3/18,SOUTH AMERICA,Retail,C4,Existing,356,21366.0
26/3/18,USA,Retail,null,New,22187,997407.0
26/3/18,CANADA,Shopify,C2,Existing,316,56407.0
26/3/18,SOUTH AMERICA,Retail,C4,New,298,12440.0
26/3/18,SOUTH AMERICA,Shopify,null,New,38,7086.0
26/3/18,OCEANIA,Retail,null,Guest,2443046,63275082.0
26/3/18,EUROPE,Shopify,null,Guest,144,32217.0
26/3/18,CANADA,Retail,null,New,16826,695014.0
26/3/18,CANADA,Shopify,C2,New,68,9329.0
26/3/18,AFRICA,Retail,F2,New,61001,2316915.0
26/3/18,AFRICA,Shopify,C1,New,187,23524.0
26/3/18,CANADA,Shopify,C4,Existing,42,7470.0
26/3/18,AFRICA,Shopify,null,Existing,193,34604.0
26/3/18,AFRICA,Retail,F3,Existing,308162,18631509.0
26/3/18,CANADA,Retail,F2,Existing,52112,3064219.0
26/3/18,ASIA,Retail,F2,New,63461,2065417.0
26/3/18,OCEANIA,Shopify,C2,Existing,2696,523000.0
26/3/18,SOUTH AMERICA,Shopify,null,Guest,780,156505.0
26/3/18,AFRICA,Shopify,C1,Existing,967,166020.0
26/3/18,CANADA,Retail,F3,Existing,74271,4478715.0
26/3/18,ASIA,Shopify,C3,New,157,24476.0
26/3/18,ASIA,Retail,C1,New,116057,2682773.0
26/3/18,EUROPE,Shopify,C2,New,9,2183.0
26/3/18,SOUTH AMERICA,Retail,null,Existing,512,16790.0
26/3/18,SOUTH AMERICA,Retail,F1,New,291,12635.0
26/3/18,AFRICA,Shopify,C4,New,38,6850.0
26/3/18,USA,Shopify,C1,Existing,552,105019.0
26/3/18,SOUTH AMERICA,Shopify,null,Existing,15,3587.0
26/3/18,OCEANIA,Shopify,C2,New,444,66813.0
26/3/18,USA,Shopify,F1,New,96,15446.0
26/3/18,CANADA,Retail,C2,Existing,16774,811158.0
26/3/18,SOUTH AMERICA,Retail,C1,Existing,2036,56134.0
26/3/18,EUROPE,Retail,F2,Existing,11884,763772.0
26/3/18,USA,Shopify,F3,New,37,5422.0
26/3/18,USA,Retail,null,Existing,9439,496666.0
26/3/18,EUROPE,Retail,F3,New,1524,64646.0
26/3/18,OCEANIA,Shopify,null,Existing,400,72975.0
26/3/18,CANADA,Retail,C3,New,26410,985673.0
26/3/18,EUROPE,Shopify,C4,Existing,4,782.0
26/3/18,SOUTH AMERICA,Retail,null,Guest,397737,15517900.0
26/3/18,USA,Retail,F3,New,25195,1040046.0
26/3/18,ASIA,Shopify,F2,New,149,25142.0
26/3/18,AFRICA,Retail,C1,Existing,149334,6070949.0
26/3/18,CANADA,Shopify,C4,New,7,1154.0
26/3/18,ASIA,Shopify,C1,New,186,23223.0
26/3/18,ASIA,Shopify,F2,Existing,1364,260211.0
26/3/18,OCEANIA,Retail,C4,New,56906,1878628.0
26/3/18,USA,Shopify,C3,New,119,21902.0
26/3/18,OCEANIA,Retail,C4,Existing,112096,6020419.0
26/3/18,CANADA,Shopify,C1,Existing,278,47294.0
26/3/18,SOUTH AMERICA,Shopify,F1,Existing,21,5419.0
26/3/18,USA,Retail,C4,Existing,28446,1673032.0
26/3/18,USA,Shopify,F2,New,103,16153.0
26/3/18,SOUTH AMERICA,Retail,C2,Existing,573,24512.0
26/3/18,AFRICA,Shopify,C3,Existing,1452,299943.0
26/3/18,OCEANIA,Shopify,C1,New,340,44597.0
26/3/18,EUROPE,Shopify,F2,New,2,403.0
26/3/18,CANADA,Retail,F3,New,18717,708935.0
26/3/18,CANADA,Shopify,null,Existing,48,8653.0
26/3/18,ASIA,Shopify,C3,Existing,1003,185209.0
26/3/18,AFRICA,Retail,C4,New,39979,1440641.0
26/3/18,OCEANIA,Shopify,F1,New,274,41866.0
26/3/18,AFRICA,Shopify,C2,Existing,1260,244860.0
26/3/18,ASIA,Shopify,F3,Existing,842,168280.0
26/3/18,USA,Shopify,C3,Existing,926,195225.0
26/3/18,USA,Retail,null,Guest,575472,17610630.0
26/3/18,OCEANIA,Shopify,null,Guest,5272,924513.0
26/3/18,AFRICA,Shopify,C2,New,199,30367.0
26/3/18,OCEANIA,Retail,C2,Existing,119083,5116495.0
26/3/18,SOUTH AMERICA,Retail,C2,New,663,22819.0
26/3/18,SOUTH AMERICA,Shopify,F3,New,4,730.0
26/3/18,AFRICA,Retail,C2,New,51075,1692383.0
26/3/18,AFRICA,Retail,F2,Existing,221292,12966045.0
26/3/18,CANADA,Retail,C4,Existing,20888,1126811.0
26/3/18,USA,Retail,F3,Existing,111812,7485775.0
26/3/18,SOUTH AMERICA,Shopify,F3,Existing,16,2729.0
26/3/18,ASIA,Retail,null,Existing,26183,1122918.0
26/3/18,ASIA,Shopify,F1,Existing,1059,183903.0
26/3/18,OCEANIA,Shopify,C4,New,63,9124.0
26/3/18,EUROPE,Shopify,C1,Existing,72,12931.0
26/3/18,OCEANIA,Retail,null,New,86622,3308024.0
26/3/18,AFRICA,Retail,C4,Existing,83592,4672749.0
26/3/18,ASIA,Retail,null,New,66330,2326726.0
26/3/18,AFRICA,Shopify,null,New,205,33404.0
26/3/18,ASIA,Shopify,null,Existing,149,26394.0
26/3/18,EUROPE,Shopify,F2,Existing,119,30198.0
26/3/18,OCEANIA,Shopify,C3,New,359,60871.0
26/3/18,AFRICA,Shopify,F1,New,110,16693.0
26/3/18,SOUTH AMERICA,Shopify,C2,Existing,84,16993.0
26/3/18,USA,Shopify,C2,New,143,20877.0
26/3/18,OCEANIA,Retail,C1,Existing,201886,8019043.0
26/3/18,CANADA,Shopify,F1,New,43,5472.0
26/3/18,EUROPE,Retail,F1,Existing,5721,356973.0
26/3/18,SOUTH AMERICA,Retail,F2,New,517,20746.0
26/3/18,OCEANIA,Shopify,C3,Existing,2494,510178.0
26/3/18,OCEANIA,Retail,C1,New,146324,3700047.0
26/3/18,EUROPE,Retail,F2,New,1501,69581.0
26/3/18,ASIA,Retail,F1,Existing,82004,4158055.0
26/3/18,CANADA,Retail,F1,Existing,22675,1329773.0
26/3/18,USA,Shopify,null,Guest,1304,243347.0
26/3/18,OCEANIA,Retail,C3,Existing,263034,13862433.0
26/3/18,USA,Retail,C1,Existing,47218,2219869.0
26/3/18,AFRICA,Retail,null,Existing,28284,1340918.0
26/3/18,CANADA,Retail,C3,Existing,47500,2602065.0
26/3/18,EUROPE,Shopify,null,New,5,2072.0
26/3/18,OCEANIA,Shopify,F1,Existing,2600,507428.0
26/3/18,OCEANIA,Retail,F3,New,102905,3661289.0
26/3/18,ASIA,Shopify,F1,New,127,18195.0
26/3/18,USA,Shopify,null,Existing,91,18246.0
26/3/18,EUROPE,Retail,C1,New,4376,138612.0
26/3/18,ASIA,Shopify,C1,Existing,685,110402.0
26/3/18,OCEANIA,Retail,C2,New,89801,2640811.0
26/3/18,USA,Retail,F1,New,10708,457257.0
26/3/18,AFRICA,Retail,F3,New,61622,2388435.0
26/3/18,ASIA,Retail,C3,New,107881,3417717.0
26/3/18,ASIA,Shopify,C2,New,214,28212.0
26/3/18,AFRICA,Shopify,F1,Existing,1447,277453.0
26/3/18,ASIA,Retail,F3,Existing,306138,16007398.0
26/3/18,OCEANIA,Retail,F1,New,39795,1424560.0
26/3/18,ASIA,Retail,C4,Existing,81493,3890763.0
26/3/18,EUROPE,Retail,C3,Existing,11478,661150.0
26/3/18,ASIA,Shopify,C2,Existing,1071,190895.0
26/3/18,USA,Retail,C1,New,34282,999080.0
26/3/18,SOUTH AMERICA,Shopify,C4,New,1,100.0
26/3/18,EUROPE,Shopify,null,Existing,13,3558.0
26/3/18,EUROPE,Retail,C4,Existing,3019,172470.0
26/3/18,CANADA,Retail,C4,New,12009,414466.0
26/3/18,AFRICA,Shopify,null,Guest,2267,407389.0
26/3/18,OCEANIA,Shopify,null,New,379,59234.0
26/3/18,OCEANIA,Retail,null,Existing,37990,1772385.0
26/3/18,AFRICA,Retail,C1,New,91097,2428945.0
26/3/18,CANADA,Retail,C2,New,13354,433400.0
26/3/18,EUROPE,Retail,null,Existing,2195,105791.0
26/3/18,CANADA,Shopify,F2,Existing,630,124933.0
26/3/18,AFRICA,Shopify,F3,Existing,1264,273302.0
26/3/18,CANADA,Shopify,C3,Existing,367,70305.0
26/3/18,OCEANIA,Shopify,F3,Existing,2221,463292.0
26/3/18,CANADA,Shopify,F2,New,47,6752.0
26/3/18,USA,Shopify,C2,Existing,851,172745.0
26/3/18,EUROPE,Retail,C3,New,3358,138247.0
26/3/18,ASIA,Retail,C2,Existing,91600,3725387.0
26/3/18,OCEANIA,Retail,C3,New,134668,4641508.0
26/3/18,EUROPE,Shopify,C3,New,7,1219.0
26/3/18,CANADA,Shopify,null,Guest,619,103774.0
26/3/18,SOUTH AMERICA,Retail,C1,New,1887,43220.0
26/3/18,EUROPE,Retail,C2,New,2615,96481.0
26/3/18,EUROPE,Shopify,C1,New,10,3616.0
26/3/18,AFRICA,Shopify,F2,Existing,2405,486568.0
26/3/18,ASIA,Retail,null,Guest,1977942,48209562.0
26/3/18,CANADA,Shopify,F3,Existing,329,66706.0
26/3/18,EUROPE,Retail,C1,Existing,12919,614397.0
26/3/18,AFRICA,Shopify,C3,New,184,29626.0
26/3/18,ASIA,Retail,C1,Existing,144847,5108834.0
26/3/18,SOUTH AMERICA,Retail,F3,Existing,1154,59690.0
26/3/18,EUROPE,Retail,null,New,3240,144031.0
26/3/18,ASIA,Retail,C4,New,47300,1431441.0
26/3/18,SOUTH AMERICA,Retail,F3,New,438,15877.0
26/3/18,EUROPE,Shopify,F3,Existing,77,24767.0
26/3/18,CANADA,Retail,F1,New,7316,281080.0
26/3/18,SOUTH AMERICA,Retail,null,New,2138,66505.0
26/3/18,SOUTH AMERICA,Retail,C3,New,1018,40430.0
26/3/18,OCEANIA,Shopify,F2,New,326,55808.0
26/3/18,SOUTH AMERICA,Shopify,F2,New,6,873.0
26/3/18,ASIA,Retail,F1,New,30044,1011432.0
26/3/18,OCEANIA,Retail,F3,Existing,433305,25388649.0
26/3/18,AFRICA,Shopify,F2,New,186,29999.0
26/3/18,CANADA,Retail,null,Guest,456449,12133134.0
26/3/18,USA,Shopify,F3,Existing,752,168817.0
26/3/18,CANADA,Retail,null,Existing,6938,350417.0
26/3/18,CANADA,Shopify,F1,Existing,371,68811.0
26/3/18,AFRICA,Retail,F1,Existing,85585,5026054.0
26/3/18,ASIA,Retail,C3,Existing,187742,8967057.0
26/3/18,ASIA,Shopify,null,Guest,2091,336688.0
26/3/18,SOUTH AMERICA,Shopify,C3,Existing,54,12457.0
26/3/18,AFRICA,Retail,C2,Existing,82495,3886146.0
26/3/18,EUROPE,Shopify,F1,New,6,1402.0
26/3/18,ASIA,Retail,C2,New,72058,2008197.0
26/3/18,USA,Retail,C2,New,22889,833006.0
26/3/18,AFRICA,Retail,null,New,61875,2567272.0
26/3/18,USA,Shopify,F1,Existing,980,199685.0
26/3/18,SOUTH AMERICA,Shopify,F1,New,3,677.0
26/3/18,ASIA,Retail,F3,New,81842,2673553.0
26/3/18,CANADA,Shopify,C3,New,48,7672.0
26/3/18,EUROPE,Shopify,F3,New,2,300.0
26/3/18,USA,Retail,C3,New,39356,1617709.0
26/3/18,AFRICA,Retail,C3,New,98342,3706066.0
26/3/18,USA,Shopify,C4,New,16,2784.0
26/3/18,USA,Retail,F2,New,25665,1064172.0
26/3/18,EUROPE,Retail,C4,New,883,33523.0
26/3/18,AFRICA,Retail,C3,Existing,218516,12083475.0
